{"1712.08918": 60, "1712.00584": 89, "1712.07112": 92, "1712.00096": 123, "1712.08824": 69, "1712.09562": 1, "1712.07145": 14, "1712.10003": 91, "1712.00474": 4, "1712.07070": 110, "1712.04779": 1, "1712.00426": 1, "1712.05058": 1, "1712.05208": 3, "1712.02562": 2, "1712.07242": 2, "1712.07521": 3, "1712.05520": 35, "1712.02737": 1, "1712.02118": 68, "1712.06240": 16, "1712.04715": 2, "1712.08411": 7, "1712.09074": 58, "1712.07220": 1, "1712.03130": 1, "1712.00244": 1, "1712.03110": 11, "1712.02578": 21, "1712.08998": 1, "1712.00630": 52, "1712.04970": 69, "1712.06611": 338, "1712.06610": 31, "1712.02362": 1, "1712.01876": 107, "1712.09626": 99, "1712.04998": 7, "1712.08246": 50, "1712.02462": 77, "1712.06178": 32, "1712.06344": 27, "1712.08328": 13, "1712.06033": 22, "1712.01284": 83, "1712.00484": 35, "1712.10156": 36, "1712.07543": 20, "1712.07532": 29, "1712.04539": 99, "1712.02108": 21, "1712.02923": 48, "1712.03861": 18, "1712.05249": 85, "1712.07028": 3, "1712.01929": 2, "1712.09377": 2, "1712.09023": 2, "1712.02319": 5, "1712.09226": 1, "1712.02117": 2, "1712.03573": 25, "1712.02491": 215, "1712.04373": 52, "1712.04469": 30, "1712.07891": 113, "1712.09981": 1, "1712.00320": 10, "1712.05810": 76, "1712.03643": 2, "1712.01125": 11, "1712.00339": 289, "1712.09687": 2, "1712.03489": 1, "1712.02887": 13, "1712.07558": 1, "1712.03340": 123, "1712.10044": 117, "1712.05745": 38, "1712.05782": 28, "1712.08870": 9, "1712.02256": 72, "1712.05029": 2, "1712.06300": 2, "1712.02674": 15, "1712.04913": 93, "1712.00847": 17, "1712.03646": 5, "1712.07429": 1, "1712.02594": 82, "1712.09129": 2, "1712.08856": 33, "1712.10184": 55, "1712.08047": 85, "1712.07232": 1, "1712.09690": 16, "1712.08123": 37, "1712.08860": 20, "1712.05811": 3, "1712.00911": 19, "1712.07959": 31, "1712.04056": 120, "1712.00014": 117, "1712.01511": 30, "1712.04267": 2, "1712.04485": 1, "1712.07290": 100, "1712.00328": 1, "1712.08716": 33, "1712.08611": 1, "1712.07312": 17, "1712.05714": 182, "1712.04641": 1, "1712.04683": 60, "1712.06243": 3, "1712.05327": 82, "1712.03299": 3, "1712.03661": 150, "1712.08895": 139, "1712.08536": 15, "1712.09982": 12, "1712.00633": 76, "1712.09436": 1, "1712.08412": 1, "1712.04396": 3, "1712.05926": 131, "1712.04198": 32, "1712.04330": 2, "1712.09835": 70, "1712.03517": 3, "1712.08119": 150, "1712.01229": 1, "1712.09443": 21, "1712.00040": 14, "1712.09780": 1, "1712.06636": 4, "1712.01286": 1, "1712.03448": 1, "1712.06797": 5, "1712.00466": 97, "1712.05037": 25, "1712.04799": 1, "1712.00063": 45, "1712.01421": 1, "1712.04203": 1, "1712.08783": 1, "1712.02305": 49, "1712.08680": 1, "1712.04191": 11, "1712.02708": 137, "1712.05694": 3, "1712.08291": 11, "1712.01282": 1, "1712.09193": 49, "1712.06850": 235, "1712.00241": 1, "1712.10047": 1, "1712.01992": 63, "1712.06721": 1, "1712.00677": 1, "1712.05828": 1, "1712.07616": 3, "1712.05305": 8, "1712.10321": 46, "1712.05322": 59, "1712.00169": 1, "1712.09621": 22, "1712.03461": 1, "1712.09676": 3, "1712.08026": 131, "1712.00932": 2, "1712.04958": 60, "1712.03745": 26, "1712.03824": 61, "1712.01748": 1, "1712.02400": 14, "1712.08379": 2, "1712.07828": 1, "1712.00379": 1, "1712.07010": 26, "1712.08852": 2, "1712.00272": 1, "1712.02470": 2, "1712.01041": 127, "1712.03471": 59, "1712.00094": 89, "1712.00134": 1, "1712.03949": 144, "1712.04945": 88, "1712.01947": 19, "1712.08832": 33, "1712.00465": 31, "1712.05846": 17, "1712.00513": 20, "1712.07197": 162, "1712.01415": 1, "1712.04978": 5, "1712.08647": 1, "1712.01878": 39, "1712.00882": 232, "1712.07231": 52, "1712.04852": 100, "1712.01588": 5, "1712.00228": 4, "1712.09424": 5, "1712.02251": 7, "1712.07051": 2, "1712.06141": 93, "1712.06000": 1, "1712.00091": 1, "1712.02579": 39, "1712.00064": 3, "1712.10326": 1, "1712.01205": 1, "1712.08890": 1, "1712.05792": 41, "1712.07513": 46, "1712.08463": 7, "1712.08725": 1, "1712.04173": 28, "1712.06163": 318, "1712.00031": 111, "1712.09752": 2, "1712.08664": 44, "1712.04061": 24, "1712.00026": 112, "1712.09910": 66, "1712.07011": 5, "1712.02332": 113, "1712.02771": 34, "1712.04533": 1, "1712.06704": 26, "1712.00671": 32, "1712.08903": 67, "1712.05906": 20, "1712.09157": 40, "1712.07026": 21, "1712.02687": 2, "1712.05473": 5, "1712.01244": 3, "1712.05255": 3, "1712.02681": 1, "1712.02576": 1, "1712.06912": 26, "1712.07212": 112, "1712.09803": 33, "1712.10217": 49, "1712.00432": 198, "1712.01451": 29, "1712.05889": 2, "1712.05538": 42, "1712.02686": 1, "1712.05110": 67, "1712.06310": 136, "1712.08295": 24, "1712.08392": 35, "1712.06615": 1, "1712.02756": 58, "1712.08874": 6, "1712.09919": 87, "1712.08238": 1, "1712.04950": 65, "1712.05205": 42, "1712.01202": 2, "1712.03852": 42, "1712.00022": 112, "1712.04273": 22, "1712.00496": 56, "1712.01189": 16, "1712.02193": 86, "1712.02367": 66, "1712.02912": 10, "1712.03679": 18, "1712.01147": 1, "1712.02967": 33, "1712.00641": 48, "1712.07714": 357, "1712.01297": 3, "1712.04781": 9, "1712.08531": 408, "1712.06554": 31, "1712.06241": 1, "1712.04379": 64, "1712.01882": 50, "1712.05387": 1, "1712.03645": 1, "1712.10133": 83, "1712.08858": 23, "1712.05825": 5, "1712.00701": 34, "1712.01069": 6, "1712.08193": 38, "1712.03989": 1, "1712.10042": 1, "1712.09586": 5, "1712.02013": 5, "1712.04540": 3, "1712.02382": 26, "1712.02383": 70, "1712.00788": 74, "1712.09748": 41, "1712.09058": 3, "1712.04018": 2, "1712.09149": 4, "1712.00181": 4, "1712.00389": 83, "1712.01676": 3, "1712.03845": 1, "1712.08771": 6, "1712.09599": 103, "1712.05197": 68, "1712.02409": 8, "1712.07800": 60, "1712.02167": 35, "1712.07988": 17, "1712.04515": 35, "1712.00265": 1, "1712.06914": 1, "1712.06880": 47, "1712.07661": 1, "1712.09517": 1, "1712.02262": 1, "1712.04953": 156, "1712.02114": 1, "1712.07127": 3, "1712.05730": 71, "1712.05144": 1, "1712.08929": 45, "1712.04620": 50, "1712.02106": 1, "1712.04857": 45, "1712.00322": 1, "1712.07082": 40, "1712.02172": 52, "1712.06836": 4, "1712.04828": 4, "1712.04513": 6, "1712.06291": 1, "1712.00829": 19, "1712.07885": 1, "1712.04435": 41, "1712.01361": 14, "1712.06887": 2, "1712.01315": 1, "1712.08166": 2, "1712.01416": 1, "1712.00149": 55, "1712.03316": 6, "1712.08221": 19, "1712.02735": 2, "1712.03640": 2, "1712.08029": 131, "1712.09145": 6, "1712.06790": 4, "1712.07975": 123, "1712.01602": 103, "1712.02457": 1, "1712.04169": 42, "1712.09246": 46, "1712.08834": 61, "1712.09297": 135, "1712.00078": 3, "1712.00016": 156, "1712.02904": 23, "1712.02553": 23, "1712.02729": 1, "1712.01799": 143, "1712.05109": 36, "1712.00202": 1, "1712.07146": 161, "1712.09519": 1, "1712.04983": 3, "1712.08537": 2, "1712.08636": 3, "1712.01986": 61, "1712.02845": 1, "1712.08417": 1, "1712.07031": 1, "1712.06371": 2, "1712.01568": 103, "1712.01684": 21, "1712.07360": 1, "1712.07139": 67, "1712.06518": 147, "1712.02757": 15, "1712.05351": 2, "1712.04947": 104, "1712.07250": 1, "1712.04744": 1, "1712.02365": 65, "1712.04452": 187, "1712.09822": 34, "1712.09325": 55, "1712.03911": 13, "1712.09515": 1, "1712.09232": 64, "1712.05656": 42, "1712.04637": 13, "1712.01857": 3, "1712.06070": 13, "1712.01116": 74, "1712.08190": 26, "1712.04812": 49, "1712.00873": 2, "1712.04284": 57, "1712.01940": 39, "1712.04403": 35, "1712.02181": 1, "1712.00953": 2, "1712.01989": 3, "1712.09990": 1, "1712.05060": 3, "1712.00191": 29, "1712.01912": 3, "1712.08669": 1, "1712.08736": 57, "1712.07433": 1, "1712.07560": 1, "1712.07968": 1, "1712.03173": 115, "1712.06469": 158, "1712.07684": 15, "1712.09797": 24, "1712.08523": 1, "1712.01292": 142, "1712.03977": 1, "1712.09194": 22, "1712.02591": 1, "1712.06616": 63, "1712.07129": 141, "1712.01037": 52, "1712.01340": 18, "1712.02359": 33, "1712.04462": 59, "1712.03455": 1, "1712.04889": 28, "1712.00887": 1, "1712.04423": 1, "1712.02696": 68, "1712.09555": 1, "1712.08361": 1, "1712.04705": 43, "1712.09827": 1, "1712.02267": 1, "1712.08880": 62, "1712.02883": 51, "1712.04865": 43, "1712.02296": 6, "1712.10054": 72, "1712.06217": 72, "1712.07278": 49, "1712.01687": 2,