{"data": "items_CSall_1s_5mindoc_5mincont_wPP_3.1_wNP_both.csv", "num_contexts": 1835797, "num_test_set_items": 490018, "models": [{"name": "bow", "num_cur": 80000, "num_top": 10564, "num_top_5": 22296, "num_top_10": 27707, "ndcg_sums": [15954.989514288234, 18037.080136552, 18476.537065628923, 18538.8691525547, 18457.310423247294, 18331.88885241098, 18187.81631753408, 18059.8282832042, 17927.672394969835, 17820.233636371697], "map_sums": [23579.0, 27453.0, 28535.749999996224, 28843.24999999875, 28829.186111111172, 28668.077777779596, 28429.08686508293, 28182.228928573197, 27917.784630102546, 27644.648827475074], "mrr_sums": [10564.0, 12987.5, 13986.166666667188, 14543.916666667237, 14875.516666667816, 15111.35000000086, 15274.492857143536, 15409.367857143541, 15510.590079365924, 15596.990079366167], "recall_sums": [10564, 15411, 18407, 20638, 22296, 23711, 24853, 25932, 26843, 27707]}, {"name": "np", "num_cur": 80000, "num_top": 4633, "num_top_5": 9296, "num_top_10": 11520, "ndcg_sums": [6888.392847121671, 7541.1404174785175, 7553.483496042322, 7464.014979779543, 7356.873016297065, 7236.886209774857, 7132.216513367192, 7029.539972112593, 6938.849040198354, 6852.539738437653], "map_sums": [10078.0, 11807.5, 12357.416666667137, 12570.58333333344, 12649.17916666743, 12652.606944444904, 12622.169960317628, 12578.737358276763, 12512.405602324534, 12450.399949924808], "mrr_sums": [4633.0, 5612.0, 6011.666666666628, 6220.666666666614, 6354.666666666521, 6449.499999999878, 6525.07142857128, 6575.071428571276, 6618.293650793553, 6651.993650793584], "recall_sums": [4633, 6591, 7790, 8626, 9296, 9865, 10394, 10794, 11183, 11520]}, {"name": "pp", "num_cur": 80000, "num_top": 4897, "num_top_5": 10060, "num_top_10": 12622, "ndcg_sums": [6969.310452552931, 7660.206183657018, 7751.668605375239, 7677.046938796247, 7587.71302782566, 7496.067317698083, 7413.372434376213, 7337.629185753179, 7267.07654494331, 7200.994932906457], "map_sums": [9900.0, 11812.5, 12484.666666667383, 12754.527777778103, 12878.190277778896, 12900.7227777784, 12896.832341270045, 12863.732692743928, 12813.076763038873, 12752.764309020393], "mrr_sums": [4897.0, 5946.0, 6394.666666666556, 6629.916666666537, 6785.516666666408, 6891.683333333142, 6973.254761904523, 7035.379761904519, 7086.268650793479, 7126.16865079354], "recall_sums": [4897, 6995, 8341, 9282, 10060, 10697, 11268, 11765, 12223, 12622]}, {"name": "pp+bow", "num_cur": 80000, "num_top": 11397, "num_top_5": 23614, "num_top_10": 28944, "ndcg_sums": [17042.73085514778, 19215.509179913344, 19611.89122255918, 19624.159939665387, 19495.437350134467, 19332.948623786044, 19162.469271496564, 18997.670982339012, 18847.415586931686, 18715.066986888625], "map_sums": [25027.0, 28933.0, 29957.333333328832, 30191.388888887657, 30121.595833332995, 29926.564444446016, 29647.468849210032, 29354.235453516245, 29056.934401927992, 28766.296358181953], "mrr_sums": [11397.0, 13988.0, 15031.000000000678, 15593.250000000731, 15924.650000001304, 16155.150000000984, 16325.435714286481, 16450.935714286497, 16551.935714286657, 16636.13571428689], "recall_sums": [11397, 16579, 19708, 21957, 23614, 24997, 26189, 27193, 28102, 28944]}]}