{"data": "items_CSall_1s_5mindoc_5mincont_wPP_3.1_wNP_both.csv", "num_contexts": 1835797, "num_test_set_items": 490018, "models": [{"name": "bow", "num_cur": 230000, "num_top": 29489, "num_top_5": 62319, "num_top_10": 77827, "ndcg_sums": [44464.477134010245, 50049.99860418143, 51313.34795044332, 51528.48557710087, 51436.84078894596, 51210.21898550128, 50932.59496530022, 50690.10884789447, 50454.80686556913, 50252.93002880392], "map_sums": [6852.4017959561825, 7897.039880922127, 8166.822638608026, 8215.776186052337, 8179.6969286581425, 8102.315561093664, 8022.860630103918, 7938.246671630994, 7849.501906801253, 7761.534470313576], "mrr_sums": [29489.0, 36161.0, 38933.33333333347, 40481.833333334456, 41476.833333333496, 42132.666666666315, 42622.95238095204, 43007.702380951894, 43305.257936504735, 43543.757936502705], "recall_sums": [29489, 42833, 51150, 57344, 62319, 66254, 69686, 72764, 75442, 77827]}, {"name": "np", "num_cur": 230000, "num_top": 12680, "num_top_5": 25977, "num_top_10": 31994, "ndcg_sums": [18809.946509561836, 20635.41277641349, 20796.93293787062, 20571.527843321397, 20259.78582139729, 19943.017991194018, 19633.56013555306, 19367.145594413476, 19133.52083348658, 18921.332072093428], "map_sums": [2688.095013288954, 3103.9900490714936, 3229.0193236535, 3262.736336107192, 3263.149905459943, 3258.306160190006, 3246.169908494023, 3229.4730144573236, 3210.2751724220257, 3189.318426656902], "mrr_sums": [12680.0, 15422.5, 16577.833333334132, 17192.333333333994, 17569.93333333446, 17834.600000000773, 18028.742857143614, 18172.367857143618, 18289.145634921395, 18376.145634921475], "recall_sums": [12680, 18165, 21631, 24089, 25977, 27565, 28924, 30073, 31124, 31994]}, {"name": "pp", "num_cur": 230000, "num_top": 13892, "num_top_5": 28789, "num_top_10": 35871, "ndcg_sums": [19624.30148968371, 21685.6535072083, 21948.424106949566, 21783.04798958621, 21563.58616951855, 21326.62476591961, 21089.414084275624, 20873.714278389045, 20689.90394410541, 20524.454162464514], "map_sums": [2969.1099411415476, 3437.519799975662, 3566.234112549172, 3610.663048126348, 3619.8960118627033, 3611.712298516527, 3596.290209213324, 3576.609194261397, 3555.9498735083976, 3537.554014036098], "mrr_sums": [13892.0, 16945.5, 18223.16666666699, 18896.16666666681, 19349.166666667552, 19655.833333334245, 19881.976190477297, 20050.1011904773, 20188.990079365998, 20295.390079365894], "recall_sums": [13892, 19999, 23832, 26524, 28789, 30629, 32212, 33557, 34807, 35871]}, {"name": "pp+bow", "num_cur": 230000, "num_top": 32316, "num_top_5": 66270, "num_top_10": 81815, "ndcg_sums": [47861.84920939087, 53515.77973529732, 54663.20576169175, 54694.6216362878, 54457.286242166454, 54107.750021109445, 53732.42270399323, 53393.71957873721, 53091.16296435711, 52828.89158069484], "map_sums": [7213.786019523627, 8271.771340393343, 8527.414941723358, 8568.03042094498, 8520.867792055844, 8434.89301998044, 8341.50478730398, 8244.920727808187, 8153.450426724666, 8055.162891012092], "mrr_sums": [32316.0, 39355.0, 42253.66666666836, 43804.41666666897, 44799.81666666715, 45469.48333333243, 45953.340476189376, 46336.9654761893, 46631.632142853225, 46873.53214285108], "recall_sums": [32316, 46394, 55090, 61293, 66270, 70288, 73675, 76744, 79396, 81815]}]}