{"data": "items_CSall_1s_5mindoc_5mincont_wPP_3.1_wNP_both.csv", "num_contexts": 1835797, "num_test_set_items": 490018, "models": [{"name": "bow", "num_cur": 480000, "num_top": 53920, "num_top_5": 115952, "num_top_10": 146088, "ndcg_sums": [85410.58607925239, 96551.31126486424, 99217.72249951893, 99771.25910039755, 99598.51568859044, 99173.59097602483, 98605.20708240016, 98114.72298558493, 97617.67103664964, 97179.23669274892], "map_sums": [142401.2108503001, 156066.58919996597, 160225.11574598914, 161104.3433122206, 160612.76354479493, 159516.91494740438, 158131.37492225788, 156738.88867950003, 155251.68358133655, 153812.56592645703], "mrr_sums": [53920.0, 66404.0, 71712.00000000851, 74647.75000000525, 76527.14999998851, 77812.31666665316, 78745.88809521761, 79490.13809521683, 80073.36031743123, 80542.06031743228], "recall_sums": [53920, 78888, 94812, 106555, 115952, 123663, 130198, 136152, 141401, 146088]}, {"name": "np", "num_cur": 480000, "num_top": 22827, "num_top_5": 47562, "num_top_10": 58978, "ndcg_sums": [35332.10744803872, 39092.7141997825, 39467.83786710734, 39050.09053203171, 38506.85475793587, 37906.07418876886, 37325.60951231378, 36803.772972047635, 36344.41319895885, 35931.65587059643], "map_sums": [57757.8780581573, 63783.92740317319, 66179.98374906076, 66980.93236728321, 67242.45068929368, 67183.73095248482, 66983.91155362134, 66742.7660131005, 66384.81226491429, 66029.48227288632], "mrr_sums": [22827.0, 27969.5, 30091.16666666395, 31216.416666663812, 31933.21666666551, 32419.21666666677, 32791.50238095441, 33061.25238095437, 33281.80793650826, 33456.907936506715], "recall_sums": [22827, 33112, 39477, 43978, 47562, 50478, 53084, 55242, 57227, 58978]}, {"name": "pp", "num_cur": 480000, "num_top": 25037, "num_top_5": 52831, "num_top_10": 65931, "ndcg_sums": [36448.583643371596, 40544.29067087708, 41122.02636776254, 40843.770142591464, 40416.387792448855, 39956.777243302575, 39485.762557842005, 39053.05059241694, 38671.350235962906, 38338.91505378583], "map_sums": [57839.77669021755, 64842.74625866351, 67720.74240445261, 68918.59805644669, 69448.74196509387, 69587.42879105736, 69504.30335326046, 69319.49643826141, 69053.10194130629, 68760.98917922842], "mrr_sums": [25037.0, 30719.0, 33101.66666666324, 34376.666666663994, 35213.06666666554, 35789.56666666671, 36205.138095239316, 36512.13809523916, 36765.13809523722, 36965.03809523573], "recall_sums": [25037, 36401, 43549, 48649, 52831, 56290, 59199, 61655, 63932, 65931]}, {"name": "pp+bow", "num_cur": 480000, "num_top": 58876, "num_top_5": 123585, "num_top_10": 153742, "ndcg_sums": [91467.15151446623, 102992.3323450613, 105457.74418697963, 105725.13936831776, 105350.6630181675, 104686.11936154605, 103954.06923901931, 103253.15196105996, 102621.08298227866, 102053.93810127037], "map_sums": [150654.582683118, 164142.81546232905, 167968.46714635854, 168502.3365603255, 167774.59698227438, 166498.4224198648, 164893.72505288842, 163326.39127563496, 161739.34604358557, 160195.23191063822], "mrr_sums": [58876.0, 72146.5, 77673.5000000016, 80679.74999999654, 82592.1499999795, 83886.81666664738, 84825.10238092577, 85555.22738092541, 86137.44960314046, 86611.44960314379], "recall_sums": [58876, 85417, 101998, 114023, 123585, 131353, 137921, 143762, 149002, 153742]}]}