{"data": "items_CSall_1s_5mindoc_5mincont_wPP_3.1_wNP_both.csv", "num_contexts": 1835797, "num_test_set_items": 490018, "models": [{"name": "bow", "num_cur": 460000, "num_top": 52482, "num_top_5": 112828, "num_top_10": 142077, "ndcg_sums": [82809.47439611828, 93553.26375579264, 96110.94614825984, 96629.15248311295, 96443.57929031125, 96017.30324934759, 95459.61711550428, 94973.09943451328, 94488.54388706373, 94064.7623497415], "map_sums": [125699.0, 145917.5, 151839.74999998743, 153546.36111113735, 153552.31527781396, 152794.61305556292, 151688.73067462438, 150478.87649095478, 149169.69075683688, 147862.95606454706], "mrr_sums": [52482.0, 64625.0, 69783.33333334402, 72644.08333334076, 74472.48333332477, 75719.48333332164, 76627.9119047436, 77349.66190474281, 77913.9952380686, 78369.49523806888], "recall_sums": [52482, 76768, 92243, 103686, 112828, 120310, 126669, 132443, 137522, 142077]}, {"name": "np", "num_cur": 460000, "num_top": 22207, "num_top_5": 46257, "num_top_10": 57219, "ndcg_sums": [34188.95571876579, 37809.18887283683, 38157.9234053309, 37730.52593495393, 37186.10325761588, 36588.877104783314, 36015.84833528953, 35503.09608411392, 35052.0992315078, 34646.76947039208], "map_sums": [51134.0, 59844.5, 62850.666666685705, 63936.583333344846, 64337.998611107956, 64391.10194443276, 64267.22603173127, 64081.70520973715, 63773.116489494605, 63446.3958648074], "mrr_sums": [22207.0, 27228.5, 29295.833333330815, 30383.333333330676, 31074.33333333228, 31542.833333333412, 31898.404761906586, 32158.65476190659, 32371.09920634964, 32537.89920634856], "recall_sums": [22207, 32250, 38452, 42802, 46257, 49068, 51557, 53639, 55551, 57219]}, {"name": "pp", "num_cur": 460000, "num_top": 24219, "num_top_5": 51116, "num_top_10": 63767, "ndcg_sums": [35212.2279453782, 39181.72695604353, 39735.134517529645, 39461.190499402204, 39041.69364732965, 38597.79529801638, 38138.3186628507, 37719.36762096956, 37349.59693026502, 37028.406703442284], "map_sums": [50759.0, 60799.5, 64366.91666668967, 65876.7777777918, 66544.9374999954, 66785.06583332016, 66780.19567458544, 66660.10354873611, 66432.55614368524, 66180.47654491736], "mrr_sums": [24219.0, 29741.5, 32044.499999996595, 33271.24999999675, 34078.44999999872, 34633.11666666687, 35034.83095238254, 35331.705952382385, 35576.37261904723, 35769.772619045834], "recall_sums": [24219, 35264, 42173, 47080, 51116, 54444, 57256, 59631, 61833, 63767]}, {"name": "pp+bow", "num_cur": 460000, "num_top": 57250, "num_top_5": 120153, "num_top_10": 149403, "ndcg_sums": [88630.4052716596, 99751.76414243176, 102110.37066701829, 102347.03368163083, 101962.82490207156, 101311.90020128411, 100594.41549207448, 99910.74398660022, 99289.46830000654, 98741.52560840802], "map_sums": [133009.0, 153413.0, 159115.41666668162, 160557.27777781765, 160357.3569445085, 159455.86083335683, 158144.32373019695, 156793.15382656897, 155379.40196575402, 153974.22949741528], "mrr_sums": [57250.0, 70170.0, 75533.33333333732, 78453.58333333225, 80311.983333316, 81570.64999998284, 82480.22142854736, 83188.471428547, 83750.02698409568, 84211.12698409826], "recall_sums": [57250, 83090, 99180, 110861, 120153, 127705, 134072, 139738, 144792, 149403]}]}