{"data": "items_CSall_1s_5mindoc_5mincont_wPP_3.1_wNP_both.csv", "num_contexts": 1835797, "num_test_set_items": 490018, "models": [{"name": "bow", "num_cur": 190000, "num_top": 24446, "num_top_5": 51169, "num_top_10": 63862, "ndcg_sums": [36650.80261531935, 41168.69590870016, 42137.55164275471, 42285.120733300784, 42160.374265777, 41958.97996636227, 41726.179900030205, 41536.59310538621, 41351.85457620707, 41198.359594901274], "map_sums": [5772.869707331919, 6657.674433171335, 6882.7984701002915, 6927.227390424926, 6897.608350464445, 6833.0139948497435, 6766.967220604427, 6697.657650459813, 6623.600167137182, 6549.607919846271], "mrr_sums": [24446.0, 29915.5, 32166.833333330273, 33428.333333330665, 34225.13333333259, 34762.80000000046, 35160.800000001815, 35474.92500000167, 35718.480555555296, 35916.08055555386], "recall_sums": [24446, 35385, 42139, 47185, 51169, 54395, 57181, 59694, 61886, 63862]}, {"name": "np", "num_cur": 190000, "num_top": 10367, "num_top_5": 21246, "num_top_10": 26167, "ndcg_sums": [15397.209501460635, 16873.495654186212, 16986.22886517431, 16801.45210285445, 16555.36133214915, 16297.620706989295, 16050.655387774314, 15842.097001261263, 15656.36309049789, 15489.924483251803], "map_sums": [2266.0497853791085, 2619.2227128803397, 2724.8884688173157, 2752.729430291625, 2754.072037892804, 2749.7207959790812, 2739.602693885463, 2726.475083284242, 2711.1257791571625, 2695.506318603169], "mrr_sums": [10367.0, 12616.5, 13553.166666667155, 14054.916666667197, 14367.51666666758, 14584.183333334006, 14742.326190476719, 14861.32619047673, 14955.215079365773, 15026.915079365945], "recall_sums": [10367, 14866, 17676, 19683, 21246, 22546, 23653, 24605, 25450, 26167]}, {"name": "pp", "num_cur": 190000, "num_top": 11362, "num_top_5": 23500, "num_top_10": 29247, "ndcg_sums": [16035.571624257467, 17630.690507135107, 17838.733472943914, 17705.40233055897, 17524.842557231394, 17334.943524702518, 17151.673807827723, 16984.24518358632, 16848.937021946313, 16722.209498213666], "map_sums": [2497.374359420404, 2888.169511411133, 2998.003239055932, 3036.1604242485905, 3044.9989034224227, 3039.4072136377117, 3025.9469192591473, 3010.839123306651, 2994.756235970496, 2980.707332419735], "mrr_sums": [11362.0, 13818.5, 14875.16666666729, 15430.166666667332, 15797.166666667852, 16041.83333333423, 16226.40476190544, 16363.279761905458, 16477.613095238958, 16563.913095239146], "recall_sums": [11362, 16275, 19445, 21665, 23500, 24968, 26260, 27355, 28384, 29247]}, {"name": "pp+bow", "num_cur": 190000, "num_top": 26573, "num_top_5": 54330, "num_top_10": 67038, "ndcg_sums": [39266.574618913146, 43876.11275520457, 44756.44811435065, 44761.599235709946, 44544.075057398244, 44252.4181739373, 43946.26432309556, 43677.694258266514, 43450.033089965094, 43248.73895487846], "map_sums": [6064.892990805877, 6966.0425654330365, 7182.576354790238, 7217.655479430098, 7178.355958410505, 7107.70284927798, 7031.7291160767845, 6950.170421494492, 6873.629245311858, 6791.368741729763], "mrr_sums": [26573.0, 32354.0, 34722.99999999784, 35986.74999999845, 36793.34999999938, 37335.349999999846, 37737.06428571513, 38044.68928571506, 38290.244841268584, 38487.54484126709], "recall_sums": [26573, 38135, 45242, 50297, 54330, 57582, 60394, 62855, 65065, 67038]}]}