{"data": "items_CSall_1s_5mindoc_5mincont_wPP_3.1_wNP_both.csv", "num_contexts": 1835797, "num_test_set_items": 490018, "models": [{"name": "bow", "num_cur": 330000, "num_top": 41970, "num_top_5": 89258, "num_top_10": 112015, "ndcg_sums": [63821.00805578483, 71915.23818614997, 73733.03662521119, 74044.43275106333, 73860.25962820018, 73514.66618452939, 73090.79303971906, 72722.49202051372, 72368.57288087992, 72062.33984961952], "map_sums": [94723.0, 109747.5, 114078.41666660506, 115263.47222221753, 115179.44027773615, 114588.29777774279, 113711.16702377539, 112749.38113943393, 111749.50405609481, 110762.12244691665], "mrr_sums": [41970.0, 51584.0, 55594.333333342474, 57831.333333343464, 59247.533333336374, 60215.53333333132, 60926.819047613826, 61487.06904761368, 61926.846825386674, 62279.84682538298], "recall_sums": [41970, 61198, 73229, 82177, 89258, 95066, 100045, 104527, 108485, 112015]}, {"name": "np", "num_cur": 330000, "num_top": 18017, "num_top_5": 37630, "num_top_10": 46423, "ndcg_sums": [27131.355226461706, 29978.31980744641, 30239.456883191768, 29898.966029450286, 29436.734711469373, 28955.328388198126, 28496.1579907422, 28095.060212148965, 27743.702031847137, 27426.757481945187], "map_sums": [40021.0, 46639.5, 48872.08333334064, 49662.88888889303, 49920.89722222015, 49934.799166661156, 49811.2490872958, 49636.17621314671, 49391.948642281845, 49135.862969566864], "mrr_sums": [18017.0, 22120.5, 23807.833333332197, 24699.08333333206, 25254.88333333317, 25631.216666666965, 25916.3595238108, 26125.484523810803, 26296.706746032232, 26429.20674603165], "recall_sums": [18017, 26224, 31286, 34851, 37630, 39888, 41884, 43557, 45098, 46423]}, {"name": "pp", "num_cur": 330000, "num_top": 19743, "num_top_5": 41588, "num_top_10": 51863, "ndcg_sums": [28111.356600627605, 31204.7448317454, 31618.920582889004, 31394.840174903286, 31064.67043221537, 30706.23656932049, 30348.68414955264, 30023.869343327264, 29741.357622545453, 29498.89881023144], "map_sums": [39946.0, 47668.5, 50343.91666667696, 51427.2500000067, 51915.0791666649, 52040.86499999388, 51995.75079364364, 51848.12215985707, 51645.85291949022, 51420.21176019104], "mrr_sums": [19743.0, 24224.0, 26082.99999999821, 27083.24999999803, 27744.249999999527, 28193.25000000059, 28519.67857143045, 28762.053571430453, 28960.38690476273, 29117.586904761887], "recall_sums": [19743, 28705, 34282, 38283, 41588, 44282, 46567, 48506, 50291, 51863]}, {"name": "pp+bow", "num_cur": 330000, "num_top": 45966, "num_top_5": 95206, "num_top_10": 118015, "ndcg_sums": [68611.05545484509, 76916.67371499962, 78565.49549680122, 78629.14682095534, 78268.80770229147, 77743.82518401406, 77198.23362490787, 76680.52915876778, 76211.81067448203, 75807.03104546534], "map_sums": [100636.0, 115699.0, 119860.58333326453, 120818.91666666226, 120553.52361106759, 119825.0902777407, 118800.33607139249, 117749.20409294606, 116652.2897009342, 115590.24888383187], "mrr_sums": [45966.0, 56176.5, 60363.16666667773, 62629.91666667834, 64068.31666667008, 65047.316666664185, 65763.0309523748, 66320.15595237444, 66751.82261903612, 67110.12261903271], "recall_sums": [45966, 66387, 78947, 88014, 95206, 101080, 106090, 110547, 114432, 118015]}]}