{"data": "items_CSall_1s_5mindoc_5mincont_wPP_3.1_wNP_both.csv", "num_contexts": 1835797, "num_test_set_items": 490018, "models": [{"name": "bow", "num_cur": 290000, "num_top": 36559, "num_top_5": 78070, "num_top_10": 97982, "ndcg_sums": [55638.50510996919, 62793.839516050706, 64395.518317059956, 64698.879636387246, 64575.9468947689, 64299.297772177866, 63952.59154789346, 63653.74771044715, 63349.12327211956, 63095.89412378605], "map_sums": [91137.22907448678, 99290.87771749994, 101740.39474728788, 102194.3960424388, 101818.62707215943, 101092.02214386055, 100194.04967249985, 99272.11102294907, 98331.13261777136, 97418.01636993121], "mrr_sums": [36559.0, 44984.5, 48479.83333333873, 50455.08333333972, 51709.68333333498, 52556.51666666502, 53181.80238094878, 53673.30238094863, 54056.524603166894, 54363.82460316386], "recall_sums": [36559, 53410, 63896, 71797, 78070, 83151, 87528, 91460, 94909, 97982]}, {"name": "np", "num_cur": 290000, "num_top": 15586, "num_top_5": 32678, "num_top_10": 40374, "ndcg_sums": [23499.55010914141, 25981.93169415489, 26212.99132930579, 25924.002333978136, 25526.923343610506, 25120.371275681875, 24729.9492207252, 24390.962456287296, 24090.969349476865, 23823.563578796908], "map_sums": [38016.92555100278, 41678.34447948718, 43131.62149928457, 43593.361423723654, 43709.300883302654, 43664.29398760766, 43516.24259674542, 43341.72485579771, 43107.25656111859, 42871.74885965638], "mrr_sums": [15586.0, 19161.0, 20635.999999999636, 21410.249999999498, 21894.25000000035, 22225.91666666715, 22473.773809524864, 22656.898809524868, 22806.898809524384, 22922.498809524048], "recall_sums": [15586, 22736, 27161, 30258, 32678, 34668, 36403, 37868, 39218, 40374]}, {"name": "pp", "num_cur": 290000, "num_top": 17172, "num_top_5": 36163, "num_top_10": 45136, "ndcg_sums": [24481.21252163899, 27200.679565434955, 27549.858987560176, 27366.946791713122, 27079.87038428473, 26771.134432691546, 26473.357336865633, 26199.7545207353, 25963.223228711257, 25757.332597727764], "map_sums": [38521.514594880355, 42875.82762043331, 44596.07147829791, 45292.40325206174, 45594.85339761882, 45621.422574896744, 45547.37639135141, 45379.55170689361, 45188.0236330634, 44969.503763727946], "mrr_sums": [17172.0, 21089.0, 22698.999999999116, 23568.999999998934, 24138.4000000001, 24527.233333334058, 24814.090476192057, 25025.09047619206, 25199.646031746906, 25336.946031746353], "recall_sums": [17172, 25006, 29836, 33316, 36163, 38496, 40504, 42192, 43763, 45136]}, {"name": "pp+bow", "num_cur": 290000, "num_top": 40001, "num_top_5": 83217, "num_top_10": 103147, "ndcg_sums": [59807.035698363194, 67150.70182652371, 68627.32561760579, 68703.57316131408, 68415.07377634074, 67976.48917396163, 67521.33538193544, 67095.3411850504, 66700.97552920721, 66363.06293930521], "map_sums": [96781.457700328, 104696.83658085155, 106903.19880259654, 107128.59267535944, 106564.3503247792, 105712.06230233572, 104677.75254820359, 103655.0080221556, 102622.88376961969, 101636.56464741804], "mrr_sums": [40001.0, 48969.5, 52631.16666667391, 54617.16666667452, 55887.16666666871, 56740.49999999798, 57365.928571424294, 57856.05357142422, 58234.27579364248, 58544.975793639336], "recall_sums": [40001, 57938, 68923, 76867, 83217, 88337, 92715, 96636, 100040, 103147]}]}