{"data": "items_CSall_1s_5mindoc_5mincont_wPP_3.1_wNP_both.csv", "num_contexts": 1835797, "num_test_set_items": 490018, "models": [{"name": "bow", "num_cur": 230000, "num_top": 29489, "num_top_5": 62319, "num_top_10": 77827, "ndcg_sums": [44464.477134010245, 50049.99860418143, 51313.34795044332, 51528.48557710087, 51436.84078894596, 51210.21898550128, 50932.59496530022, 50690.10884789447, 50454.80686556913, 50252.93002880392], "map_sums": [65643.0, 76152.5, 79177.99999999753, 80012.94444445196, 79992.05555554092, 79573.28444442528, 78983.5062698222, 78343.87492062044, 77681.17141296314, 77005.60903374538], "mrr_sums": [29489.0, 36161.0, 38933.33333333347, 40481.833333334456, 41476.833333333496, 42132.666666666315, 42622.95238095204, 43007.702380951894, 43305.257936504735, 43543.757936502705], "recall_sums": [29489, 42833, 51150, 57344, 62319, 66254, 69686, 72764, 75442, 77827]}, {"name": "np", "num_cur": 230000, "num_top": 12680, "num_top_5": 25977, "num_top_10": 31994, "ndcg_sums": [18809.946509561836, 20635.41277641349, 20796.93293787062, 20571.527843321397, 20259.78582139729, 19943.017991194018, 19633.56013555306, 19367.145594413476, 19133.52083348658, 18921.332072093428], "map_sums": [27479.0, 32026.0, 33587.16666666233, 34154.80555555312, 34351.50416666561, 34367.21611111158, 34292.153373018424, 34178.26860544401, 34012.74474064625, 33834.01149329048], "mrr_sums": [12680.0, 15422.5, 16577.833333334132, 17192.333333333994, 17569.93333333446, 17834.600000000773, 18028.742857143614, 18172.367857143618, 18289.145634921395, 18376.145634921475], "recall_sums": [12680, 18165, 21631, 24089, 25977, 27565, 28924, 30073, 31124, 31994]}, {"name": "pp", "num_cur": 230000, "num_top": 13892, "num_top_5": 28789, "num_top_10": 35871, "ndcg_sums": [19624.30148968371, 21685.6535072083, 21948.424106949566, 21783.04798958621, 21563.58616951855, 21326.62476591961, 21089.414084275624, 20873.714278389045, 20689.90394410541, 20524.454162464514], "map_sums": [27731.0, 33028.0, 34835.583333329676, 35567.694444443034, 35912.0055555549, 35997.0933333338, 35987.87884920883, 35887.65548753008, 35755.833830781456, 35600.90385802221], "mrr_sums": [13892.0, 16945.5, 18223.16666666699, 18896.16666666681, 19349.166666667552, 19655.833333334245, 19881.976190477297, 20050.1011904773, 20188.990079365998, 20295.390079365894], "recall_sums": [13892, 19999, 23832, 26524, 28789, 30629, 32212, 33557, 34807, 35871]}, {"name": "pp+bow", "num_cur": 230000, "num_top": 32316, "num_top_5": 66270, "num_top_10": 81815, "ndcg_sums": [47861.84920939087, 53515.77973529732, 54663.20576169175, 54694.6216362878, 54457.286242166454, 54107.750021109445, 53732.42270399323, 53393.71957873721, 53091.16296435711, 52828.89158069484], "map_sums": [69847.0, 80317.5, 83167.24999999095, 83840.52777778475, 83694.62222220578, 83192.04111109082, 82489.7559523608, 81770.76026075546, 81021.42373155648, 80284.26993116882], "mrr_sums": [32316.0, 39355.0, 42253.66666666836, 43804.41666666897, 44799.81666666715, 45469.48333333243, 45953.340476189376, 46336.9654761893, 46631.632142853225, 46873.53214285108], "recall_sums": [32316, 46394, 55090, 61293, 66270, 70288, 73675, 76744, 79396, 81815]}]}