{"data": "items_CSall_1s_5mindoc_5mincont_wPP_3.1_wNP_both.csv", "num_contexts": 1835797, "num_test_set_items": 490018, "models": [{"name": "bow", "num_cur": 370000, "num_top": 46219, "num_top_5": 99112, "num_top_10": 124516, "ndcg_sums": [71264.42304877992, 80443.93310474952, 82587.53780301556, 83012.21919505367, 82845.79037393954, 82490.3813916563, 82025.11962178983, 81603.65730564938, 81189.28112896498, 80832.24697948698], "map_sums": [117212.02922576724, 127775.37185449715, 130890.45378868791, 131451.54173350782, 130922.35766189707, 129966.91714520378, 128768.32794053027, 127570.6877285973, 126323.87731982289, 125137.01149745703], "mrr_sums": [46219.0, 56891.0, 61404.66666667947, 63919.41666668046, 65509.21666667084, 66600.38333332996, 67395.95476189641, 68019.32976189563, 68507.10753966698, 68898.2075396635], "recall_sums": [46219, 67563, 81104, 91163, 99112, 105659, 111228, 116215, 120605, 124516]}, {"name": "np", "num_cur": 370000, "num_top": 19932, "num_top_5": 41485, "num_top_10": 51200, "ndcg_sums": [30145.26380743816, 33297.17632507064, 33590.709133822216, 33210.19420248831, 32707.620937774464, 32176.12076222266, 31663.09993925256, 31209.60269444505, 30809.354838764597, 30451.19023342251], "map_sums": [48640.73633595466, 53456.758353691235, 55345.43210919212, 55948.13319375401, 56084.3319749037, 56009.429440637075, 55809.60828793075, 55583.10497475153, 55268.20035579078, 54952.777286360535], "mrr_sums": [19932.0, 24432.0, 26286.66666666492, 27266.666666664783, 27880.466666666107, 28297.966666666867, 28612.680952382452, 28843.055952382456, 29030.61150793698, 29178.21150793618], "recall_sums": [19932, 28932, 34496, 38416, 41485, 43990, 46193, 48036, 49724, 51200]}, {"name": "pp", "num_cur": 370000, "num_top": 21644, "num_top_5": 45723, "num_top_10": 57014, "ndcg_sums": [31056.58899137078, 34508.28234993331, 34994.395228412075, 34750.38397257886, 34381.64880604669, 33990.566068678454, 33593.60392356467, 33231.53002829898, 32914.12127432512, 32637.95411846261], "map_sums": [48888.14208461454, 54572.70811037729, 56872.33106499919, 57784.34292080167, 58171.10035012786, 58223.644352735006, 58111.539637415146, 57911.35561495174, 57668.9178891572, 57394.228982687055], "mrr_sums": [21644.0, 26579.0, 28638.333333330815, 29741.583333330633, 30465.18333333236, 30962.016666667103, 31321.73095238304, 31585.980952383044, 31804.869841270578, 31975.669841269537], "recall_sums": [21644, 31514, 37692, 42105, 45723, 48704, 51222, 53336, 55306, 57014]}, {"name": "pp+bow", "num_cur": 370000, "num_top": 50574, "num_top_5": 105757, "num_top_10": 131125, "ndcg_sums": [76504.18321799915, 85943.83222918109, 87913.64030713687, 88089.16744902787, 87733.69585358437, 87169.72593955109, 86561.13339212665, 85980.24026878463, 85439.34313521949, 84970.22918822951], "map_sums": [124258.16396719459, 134540.98139920167, 137402.9409474608, 137654.851024828, 136908.900278775, 135791.74953646067, 134428.70171107934, 133102.1822195308, 131762.63452626218, 130481.56689029405], "mrr_sums": [50574.0, 61919.0, 66634.66666668007, 69198.41666667501, 70816.61666666226, 71909.11666665759, 72704.40238093806, 73321.5273809377, 73802.30515870977, 74200.5051587087], "recall_sums": [50574, 73264, 87411, 97666, 105757, 112312, 117879, 122816, 127143, 131125]}]}