{"data": "items_CSall_1s_5mindoc_5mincont_wPP_3.1_wNP_both.csv", "num_contexts": 1835797, "num_test_set_items": 490018, "models": [{"name": "bow", "num_cur": 220000, "num_top": 28154, "num_top_5": 59497, "num_top_10": 74324, "ndcg_sums": [42533.83803132262, 47864.5298408697, 49073.001632064406, 49274.9875024874, 49193.04502499991, 48984.953420615835, 48729.47495519147, 48506.95213184356, 48293.63388715777, 48109.686008926226], "map_sums": [62870.0, 72947.0, 75835.00000000311, 76625.33333334175, 76602.87777776612, 76205.78277776057, 75638.04726188746, 75026.83522674374, 74393.81009351938, 73744.33737479492], "mrr_sums": [28154.0, 34525.0, 37177.33333333259, 38647.58333333358, 39600.18333333324, 40228.016666666466, 40697.73095238106, 41064.480952380916, 41349.369841267275, 41576.769841265406], "recall_sums": [28154, 40896, 48853, 54734, 59497, 63264, 66552, 69486, 72050, 74324]}, {"name": "np", "num_cur": 220000, "num_top": 11940, "num_top_5": 24706, "num_top_10": 30504, "ndcg_sums": [17841.300623131756, 19588.37901188228, 19750.39565411341, 19556.645047694397, 19271.57312373505, 18977.329688942336, 18689.215847884192, 18441.427367718363, 18224.703509541745, 18028.44853962435], "map_sums": [26187.0, 30548.5, 32037.66666666187, 32584.749999996966, 32776.56111111016, 32793.63055555669, 32726.64956349541, 32622.42232993445, 32471.781405896363, 32307.570565318012], "mrr_sums": [11940.0, 14562.0, 15666.000000000793, 16263.250000000835, 16627.450000001263, 16883.116666667513, 17069.545238095983, 17207.920238095987, 17320.475793651603, 17404.37579365173], "recall_sums": [11940, 17184, 20496, 22885, 24706, 26240, 27545, 28652, 29665, 30504]}, {"name": "pp", "num_cur": 220000, "num_top": 13309, "num_top_5": 27512, "num_top_10": 34305, "ndcg_sums": [18787.388575948855, 20708.638498509208, 20964.06917943603, 20809.61920207214, 20606.223018067205, 20385.204315706185, 20164.55318248499, 19961.846549346308, 19790.615453239043, 19635.001364878757], "map_sums": [26535.0, 31586.5, 33325.66666666178, 34024.13888888682, 34359.306944444, 34441.10500000124, 34433.75337301936, 34334.49828231552, 34210.75756519282, 34066.67204475164], "mrr_sums": [13309.0, 16197.5, 17421.833333333852, 18067.08333333367, 18501.483333334345, 18794.316666667604, 19013.173809524862, 19173.673809524866, 19306.56269841365, 19408.962698413605], "recall_sums": [13309, 19086, 22759, 25340, 27512, 29269, 30801, 32085, 33281, 34305]}, {"name": "pp+bow", "num_cur": 220000, "num_top": 30849, "num_top_5": 63291, "num_top_10": 78148, "ndcg_sums": [45768.97251665026, 51165.03839550914, 52259.09311022761, 52296.02074709393, 52078.86201638823, 51755.11647722984, 51406.042686891575, 51093.207437897065, 50814.40716424369, 50573.52287675473], "map_sums": [66869.0, 76906.0, 79624.49999999675, 80263.13888889678, 80123.08888887533, 79647.96083331473, 78970.51773807668, 78284.7101757222, 77571.27936506078, 76867.58612022837], "mrr_sums": [30849.0, 37571.0, 40345.66666666746, 41824.66666666807, 42776.26666666689, 43415.26666666594, 43878.83809523747, 44243.3380952374, 44526.44920634593, 44757.84920634394], "recall_sums": [30849, 44293, 52617, 58533, 63291, 67125, 70370, 73286, 75834, 78148]}]}