{"data": "items_CSall_1s_5mindoc_5mincont_wPP_3.1_wNP_both.csv", "num_contexts": 1835797, "num_test_set_items": 490018, "models": [{"name": "bow", "num_cur": 350000, "num_top": 44358, "num_top_5": 94507, "num_top_10": 118613, "ndcg_sums": [67814.49982352977, 76453.2813463725, 78395.53927049004, 78738.99613142105, 78545.52362878916, 78183.95356508163, 77728.4200192164, 77327.24327253937, 76935.83725402078, 76595.00774528497], "map_sums": [100987.0, 116886.5, 121445.66666659346, 122671.80555554932, 122571.4652777315, 121922.45833329506, 120982.48126980387, 119957.91370179063, 118889.22361391637, 117835.74527382538], "mrr_sums": [44358.0, 54533.0, 58793.33333334429, 61167.58333334528, 62671.78333333691, 63702.11666666428, 64456.83095237473, 65051.080952374585, 65514.63650792501, 65886.13650792044], "recall_sums": [44358, 64708, 77489, 86986, 94507, 100689, 105972, 110726, 114898, 118613]}, {"name": "np", "num_cur": 350000, "num_top": 19163, "num_top_5": 39889, "num_top_10": 49176, "ndcg_sums": [28829.50190510536, 31829.64086632038, 32096.54301755525, 31724.650905933322, 31231.59328327039, 30713.453483546487, 30216.14879146168, 29781.129491024763, 29399.137896421427, 29057.629817322475], "map_sums": [42500.0, 49518.0, 51891.916666676414, 52729.13888889443, 52994.53611110882, 53010.312777770974, 52877.64380951614, 52692.29755101353, 52426.46552011453, 52143.625716321054], "mrr_sums": [19163.0, 23496.0, 25281.33333333184, 26222.583333331702, 26810.38333333293, 27208.550000000218, 27508.978571429932, 27729.103571429936, 27908.992460317906, 28050.492460317193], "recall_sums": [19163, 27829, 33185, 36950, 39889, 42278, 44381, 46142, 47761, 49176]}, {"name": "pp", "num_cur": 350000, "num_top": 20758, "num_top_5": 43855, "num_top_10": 54675, "ndcg_sums": [29642.46669934478, 32922.8372019818, 33384.37923514207, 33148.4945128474, 32796.91404602182, 32416.277898584256, 32035.758378282902, 31687.907455804972, 31385.08149453846, 31122.8791843174], "map_sums": [42207.0, 50400.5, 53250.58333334648, 54398.69444445286, 54916.11944444273, 55051.58472221503, 55008.028690467414, 54859.24925169233, 54650.99279193747, 54412.64220315336], "mrr_sums": [20758.0, 25489.5, 27465.833333331117, 28522.333333330935, 29218.13333333256, 29691.80000000047, 30036.514285716243, 30289.764285716246, 30499.98650793724, 30664.686507936287], "recall_sums": [20758, 30221, 36150, 40376, 43855, 46697, 49110, 51136, 53028, 54675]}, {"name": "pp+bow", "num_cur": 350000, "num_top": 48557, "num_top_5": 100839, "num_top_10": 124958, "ndcg_sums": [72850.21121951411, 81703.94763120213, 83484.39367344778, 83580.29420998288, 83203.61930675815, 82649.36902656467, 82058.2275619506, 81500.25402220321, 80984.02128775309, 80540.51337915636], "map_sums": [107206.0, 123139.0, 127511.91666658614, 128502.91666666104, 128220.31249995185, 127430.75722218203, 126328.64884916726, 125208.88567457764, 124048.20062780331, 122902.05684175572], "mrr_sums": [48557.0, 59360.5, 63819.83333334638, 66232.8333333454, 67761.83333333395, 68801.66666666108, 69557.23809522785, 70145.98809522748, 70600.65476188883, 70979.55476188663], "recall_sums": [48557, 70164, 83542, 93194, 100839, 107078, 112367, 117077, 121169, 124958]}]}