{"data": "items_CSall_1s_5mindoc_5mincont_wPP_3.1_wNP_both.csv", "num_contexts": 1835797, "num_test_set_items": 490018, "models": [{"name": "bow", "num_cur": 280000, "num_top": 35427, "num_top_5": 75523, "num_top_10": 94619, "ndcg_sums": [53745.59479589606, 60658.771633422715, 62197.36817283187, 62478.592274997776, 62346.55111670204, 62065.35824513476, 61721.4556734358, 61432.09010524103, 61133.81471767358, 60884.976898271845], "map_sums": [79652.0, 92434.0, 96132.74999996822, 97179.27777777876, 97155.94027774963, 96669.3622221956, 95965.06138886268, 95172.19232991419, 94355.53867061232, 93532.27799459886], "mrr_sums": [35427.0, 43591.0, 46963.66666667117, 48870.16666667216, 50074.966666668144, 50883.13333333208, 51484.276190473334, 51959.27619047319, 52325.720634913916, 52619.82063491108], "recall_sums": [35427, 51755, 61873, 69499, 75523, 80372, 84580, 88380, 91678, 94619]}, {"name": "np", "num_cur": 280000, "num_top": 15075, "num_top_5": 31546, "num_top_10": 38959, "ndcg_sums": [22682.032072985145, 25057.476007599762, 25268.437375701265, 24984.0601837981, 24601.976700482694, 24208.37634923174, 23831.480770496473, 23504.31135511805, 23215.345519490667, 22957.135084231773], "map_sums": [33440.0, 39018.5, 40911.50000000125, 41589.36111111192, 41824.158333331725, 41852.74361110855, 41763.548253966546, 41623.819920633076, 41427.04136620884, 41215.57192365275], "mrr_sums": [15075.0, 18524.5, 19944.166666666504, 20689.916666666366, 21155.91666666715, 21475.583333333867, 21714.869047620057, 21891.36904762006, 22035.591269841883, 22146.591269841614], "recall_sums": [15075, 21974, 26233, 29216, 31546, 33464, 35139, 36551, 37849, 38959]}, {"name": "pp", "num_cur": 280000, "num_top": 16675, "num_top_5": 34937, "num_top_10": 43599, "ndcg_sums": [23718.701628157683, 26300.07434808245, 26626.723235197907, 26437.87536562749, 26161.67370007671, 25865.53568901452, 25577.44522373792, 25307.480254756996, 25079.573864293096, 24880.412226841967], "map_sums": [33680.0, 40160.5, 42380.166666669786, 43283.36111111367, 43699.131944443325, 43802.181111108526, 43784.74682539467, 43658.60388321768, 43491.67214568599, 43298.392424091595], "mrr_sums": [16675.0, 20432.5, 21984.166666665995, 22816.416666665813, 23369.016666666917, 23745.183333334116, 24023.611904763453, 24225.861904763457, 24393.528571429513, 24526.428571429024], "recall_sums": [16675, 24190, 28845, 32174, 34937, 37194, 39143, 40761, 42270, 43599]}, {"name": "pp+bow", "num_cur": 280000, "num_top": 38751, "num_top_5": 80418, "num_top_10": 99588, "ndcg_sums": [57779.142628232905, 64862.5069464979, 66275.32515417294, 66326.29035849951, 66034.50777495664, 65604.60360469027, 65159.643007541854, 64749.10993243312, 64362.99153312755, 64036.02942082903], "map_sums": [84689.0, 97476.5, 100994.58333329447, 101857.8055555561, 101678.32361108113, 101081.22277774964, 100248.25436505183, 99372.84042515079, 98461.8487868244, 97571.80707717504], "mrr_sums": [38751.0, 47425.5, 50959.500000006316, 52867.25000000693, 54084.250000001884, 54904.7499999983, 55504.32142856785, 55978.196428567775, 56340.7519841196, 56640.35198411661], "recall_sums": [38751, 56100, 66702, 74333, 80418, 85341, 89538, 93329, 96592, 99588]}]}