{"data": "items_CSall_1s_5mindoc_5mincont_wPP_3.1_wNP_both.csv", "num_contexts": 1835797, "num_test_set_items": 490018, "models": [{"name": "bow", "num_cur": 450000, "num_top": 52130, "num_top_5": 112217, "num_top_10": 141343, "ndcg_sums": [82030.8344268775, 92689.22360541845, 95229.19002109568, 95739.34826759192, 95557.41314369242, 95136.22357185773, 94586.48127410482, 94103.59173241706, 93621.96814419622, 93200.54063255468], "map_sums": [124317.0, 144275.0, 150095.16666664774, 151753.13888891158, 151741.5013889176, 150988.26638889193, 149887.54789684043, 148686.05888890865, 147387.82563494757, 146093.1457710148], "mrr_sums": [52130.0, 64221.5, 69358.500000011, 72207.00000000774, 74026.79999999187, 75268.96666665527, 76174.25238093441, 76892.75238093363, 77454.97460314834, 77907.77460314846], "recall_sums": [52130, 76313, 91724, 103118, 112217, 119670, 126007, 131755, 136815, 141343]}, {"name": "np", "num_cur": 450000, "num_top": 22043, "num_top_5": 45975, "num_top_10": 56884, "ndcg_sums": [33897.377941555926, 37508.34573519487, 37863.07201615911, 37442.67323638365, 36899.93556635483, 36308.23945699244, 35738.138240109794, 35228.66532695044, 34780.22087122675, 34378.997554199734], "map_sums": [50662.0, 59295.5, 62266.75000001861, 63338.83333334451, 63728.948611108026, 63776.82583332189, 63650.49535712854, 63461.55100338837, 63153.77111251101, 62830.06509099845], "mrr_sums": [22043.0, 27040.0, 29098.333333330847, 30180.58333333071, 30867.3833333323, 31334.050000000083, 31687.0500000018, 31946.050000001804, 32157.38333333376, 32323.783333332685], "recall_sums": [22043, 32037, 38212, 42541, 45975, 48775, 51246, 53318, 55220, 56884]}, {"name": "pp", "num_cur": 450000, "num_top": 24090, "num_top_5": 50859, "num_top_10": 63448, "ndcg_sums": [34958.549663104925, 38893.43363842948, 39443.74342265615, 39168.81919700941, 38752.18914115025, 38308.900317211745, 37850.917532422136, 37435.17257626662, 37067.07446176493, 36747.60802705206], "map_sums": [50329.0, 60266.0, 63782.50000002245, 65266.3333333476, 65927.57916666311, 66160.97638887621, 66152.22392855432, 66026.80743762563, 65798.67951670181, 65545.57685670907], "mrr_sums": [24090.0, 29582.5, 31877.833333329956, 33097.583333330025, 33901.38333333204, 34453.21666666691, 34852.502380954036, 35148.25238095388, 35391.585714285415, 35584.28571428403], "recall_sums": [24090, 35075, 41961, 46840, 50859, 54170, 56965, 59331, 61521, 63448]}, {"name": "pp+bow", "num_cur": 450000, "num_top": 56882, "num_top_5": 119514, "num_top_10": 148647, "ndcg_sums": [87824.16732267247, 98849.20372777447, 101193.77965704647, 101426.13775908406, 101045.11268542886, 100398.68106726544, 99687.57188103849, 99009.4558286661, 98391.17536060563, 97847.46409455872], "map_sums": [131583.0, 151707.0, 157317.33333334205, 158712.8611111474, 158497.36666672336, 157595.41944446389, 156295.2852381273, 154948.11615082697, 153547.17589856993, 152152.32946859053], "mrr_sums": [56882.0, 69746.5, 75089.16666667095, 77996.91666666589, 79845.71666664978, 81100.21666664982, 82006.35952378582, 82711.60952378546, 83270.2761904453, 83729.57619044777], "recall_sums": [56882, 82611, 98639, 110270, 119514, 127041, 133384, 139026, 144054, 148647]}]}