{"data": "items_CSall_1s_5mindoc_5mincont_wPP_3.1_wNP_both.csv", "num_contexts": 1835797, "num_test_set_items": 490018, "models": [{"name": "bow", "num_cur": 180000, "num_top": 22960, "num_top_5": 48131, "num_top_10": 60195, "ndcg_sums": [34603.12902474604, 38884.64398093345, 39809.26181849891, 39960.25360709573, 39846.64652780096, 39668.888063656326, 39450.074176283706, 39274.961651827034, 39101.1937928817, 38954.05517233464], "map_sums": [56472.791852720824, 61470.72826641135, 62925.202083558775, 63192.760101615786, 62981.196998997635, 62531.19732306415, 61967.61915590037, 61420.6051942968, 60847.72218827128, 60285.92996825698], "mrr_sums": [22960.0, 28093.0, 30216.999999997402, 31414.749999997253, 32163.14999999921, 32676.31666666727, 33051.60238095466, 33351.602380954515, 33582.15793650833, 33770.45793650703], "recall_sums": [22960, 33226, 39598, 44389, 48131, 51210, 53837, 56237, 58312, 60195]}, {"name": "np", "num_cur": 180000, "num_top": 9632, "num_top_5": 19861, "num_top_10": 24551, "ndcg_sums": [14400.840743603061, 15811.753253918412, 15924.22006007129, 15765.30481668709, 15544.021731393854, 15306.065660307131, 15080.41913653842, 14888.610276950327, 14717.820355582566, 14563.23365515027], "map_sums": [23246.053488143953, 25457.86182758166, 26344.408806131672, 26655.72434443869, 26753.88660304728, 26720.753336156566, 26645.297325121217, 26551.424001219893, 26413.87259259902, 26280.874289424464], "mrr_sums": [9632.0, 11735.5, 12611.833333333712, 13089.083333333754, 13385.883333334079, 13591.883333333877, 13743.883333333744, 13856.633333333755, 13945.855555556123, 14014.355555556283], "recall_sums": [9632, 13839, 16468, 18377, 19861, 21097, 22161, 23063, 23866, 24551]}, {"name": "pp", "num_cur": 180000, "num_top": 10610, "num_top_5": 22085, "num_top_10": 27524, "ndcg_sums": [15059.06787345112, 16594.875531967104, 16795.862043734975, 16679.61787354951, 16510.037364657437, 16329.428357430832, 16158.430516921331, 16004.354996453978, 15876.394160727396, 15758.551301428093], "map_sums": [23676.65923716587, 26231.02452136709, 27291.558638409377, 27698.883290365706, 27901.1936302208, 27926.374626989083, 27892.296932749337, 27799.332681973337, 27695.705098882132, 27574.445439385192], "mrr_sums": [10610.0, 12946.0, 13936.000000000502, 14463.250000000544, 14808.050000000983, 15038.716666667413, 15213.859523810068, 15344.234523810086, 15451.67896825472, 15533.578968254944], "recall_sums": [10610, 15282, 18252, 20361, 22085, 23469, 24695, 25738, 26705, 27524]}, {"name": "pp+bow", "num_cur": 180000, "num_top": 24951, "num_top_5": 51123, "num_top_10": 63229, "ndcg_sums": [37074.202543530075, 41450.778624866354, 42288.97667529381, 42304.570444750025, 42103.45590200999, 41834.45648331064, 41556.27832264975, 41305.24144139155, 41093.25416169835, 40903.86728341253], "map_sums": [59895.1852282504, 64755.85259869487, 66029.04756629761, 66125.91307743435, 65786.30707381258, 65276.07165945188, 64631.64462108511, 64005.42536049029, 63376.32438786767, 62764.094843719424], "mrr_sums": [24951.0, 30399.5, 32630.499999996915, 33827.499999997446, 34586.29999999907, 35100.46666666661, 35484.18095238216, 35777.055952382085, 36011.9448412691, 36199.74484126774], "recall_sums": [24951, 35848, 42541, 47329, 51123, 54208, 56894, 59237, 61351, 63229]}]}