{"data": "items_CSall_1s_5mindoc_5mincont_wPP_3.1_wNP_both.csv", "num_contexts": 1835797, "num_test_set_items": 490018, "models": [{"name": "bow", "num_cur": 150000, "num_top": 19080, "num_top_5": 40246, "num_top_10": 50304, "ndcg_sums": [28827.273549768586, 32477.040392429564, 33266.31893136644, 33391.264106026334, 33262.575420451954, 33091.6167346197, 32892.65030238668, 32728.946871021446, 32563.645048365895, 32429.12644800153], "map_sums": [46998.96636032875, 51324.19186518291, 52551.97096149554, 52791.78949408341, 52610.15055924315, 52225.34398526407, 51755.71289194903, 51306.8357891486, 50821.36463709516, 50351.46241299342], "mrr_sums": [19080.0, 23419.0, 25220.999999998574, 26229.999999998425, 26839.199999999873, 27267.20000000065, 27578.771428573305, 27828.52142857329, 28020.632539683374, 28178.83253968263], "recall_sums": [19080, 27758, 33164, 37200, 40246, 42814, 44995, 46993, 48722, 50304]}, {"name": "np", "num_cur": 150000, "num_top": 8127, "num_top_5": 16537, "num_top_10": 20432, "ndcg_sums": [12070.313113793007, 13224.520245733805, 13304.528994112232, 13154.539551612004, 12965.669065405955, 12763.988646086274, 12573.639510442228, 12415.413675758038, 12274.065374284392, 12141.720070521038], "map_sums": [19363.546853013733, 21269.971494033827, 22004.781289370374, 22269.91568768364, 22347.76868483859, 22321.47935093323, 22264.96122845749, 22191.968342579305, 22077.33755173279, 21965.8444404838], "mrr_sums": [8127.0, 9871.5, 10605.166666666786, 10984.166666666828, 11224.96666666695, 11392.300000000221, 11517.585714285851, 11612.460714285862, 11688.794047619318, 11745.594047619436], "recall_sums": [8127, 11616, 13817, 15333, 16537, 17541, 18418, 19177, 19864, 20432]}, {"name": "pp", "num_cur": 150000, "num_top": 8725, "num_top_5": 18198, "num_top_10": 22789, "ndcg_sums": [12445.8804307988, 13705.485463955676, 13892.283537840123, 13785.442919483383, 13647.022401839127, 13497.13922490922, 13357.982551661516, 13229.010560569111, 13121.307314766846, 13023.692113497631], "map_sums": [19593.950736685987, 21750.24470341203, 22685.000904399487, 23028.33039582761, 23215.831900105855, 23243.727191451955, 23227.58945116497, 23152.910455327008, 23072.658946185387, 22978.31218393403], "mrr_sums": [8725.0, 10639.0, 11468.666666666877, 11899.166666666919, 12185.966666667147, 12377.300000000387, 12527.442857143087, 12636.817857143105, 12728.484523809933, 12797.68452381011], "recall_sums": [8725, 12553, 15042, 16764, 18198, 19346, 20397, 21272, 22097, 22789]}, {"name": "pp+bow", "num_cur": 150000, "num_top": 20668, "num_top_5": 42719, "num_top_10": 52695, "ndcg_sums": [30834.87188845272, 34602.79695577147, 35314.50562417296, 35324.328742579055, 35134.109811834154, 34889.50044025293, 34634.214763744945, 34399.77230265787, 34205.334371242476, 34032.77489607747], "map_sums": [49816.963974214734, 54068.39177332217, 55138.63123036283, 55235.69569390568, 54942.71898773488, 54511.42956090161, 53973.01873831825, 53447.552255417046, 52918.14453795113, 52405.581661649456], "mrr_sums": [20668.0, 25295.5, 27180.499999998174, 28179.99999999797, 28808.59999999953, 29233.100000000468, 29547.38571428749, 29785.7607142875, 29981.538492064057, 30137.538492063246], "recall_sums": [20668, 29923, 35578, 39576, 42719, 45266, 47466, 49373, 51135, 52695]}]}