{"data": "items_CSall_1s_5mindoc_5mincont_wPP_3.1_wNP_both.csv", "num_contexts": 1835797, "num_test_set_items": 490018, "models": [{"name": "bow", "num_cur": 340000, "num_top": 43062, "num_top_5": 91781, "num_top_10": 115282, "ndcg_sums": [65707.4696684099, 74098.24487584035, 75995.15743907024, 76333.00748266731, 76145.76255808168, 75799.67476718214, 75371.67270448104, 74997.65644303792, 74632.47738402974, 74315.38758045652], "map_sums": [97733.0, 113197.0, 117650.41666659941, 118859.9166666612, 118769.68055551167, 118154.58805551931, 117250.96591266278, 116257.37545349244, 115226.9681476477, 114209.8634603966], "mrr_sums": [43062.0, 52961.5, 57099.50000001007, 59402.00000001106, 60861.200000003344, 61861.03333333116, 62596.89047618474, 63176.39047618459, 63629.501587290724, 63993.20158728687], "recall_sums": [43062, 62861, 75275, 84485, 91781, 97780, 102931, 107567, 111645, 115282]}, {"name": "np", "num_cur": 340000, "num_top": 18518, "num_top_5": 38705, "num_top_10": 47742, "ndcg_sums": [27879.226509636213, 30809.904539179923, 31083.971321692534, 30734.46189249083, 30261.541560076068, 29766.579964385695, 29293.51986143475, 28877.349423269905, 28512.820252597205, 28184.364919992873], "map_sums": [41118.0, 47921.5, 50225.5000000084, 51042.80555556036, 51305.72499999786, 51318.10138888279, 51191.74607142189, 51014.42163831597, 50761.36065050091, 50494.981097400414], "mrr_sums": [18518.0, 22739.5, 24476.833333332015, 25395.583333331877, 25966.983333333046, 26353.983333333585, 26647.69761904894, 26861.822619048944, 27037.711507936972, 27174.011507936335], "recall_sums": [18518, 26961, 32173, 35848, 38705, 41027, 43083, 44796, 46379, 47742]}, {"name": "pp", "num_cur": 340000, "num_top": 20284, "num_top_5": 42771, "num_top_10": 53381, "ndcg_sums": [28896.742602427872, 32080.326864959716, 32527.928689858934, 32300.65531048859, 31961.343185581954, 31594.852936477557, 31230.908537480656, 30896.202789718478, 30604.351471029953, 30353.737038996835], "map_sums": [41077.0, 49024.0, 51789.33333334509, 52907.05555556307, 53406.26666666491, 53536.28222221554, 53490.68126983324, 53340.99507935735, 53131.82226189289, 52897.26150634776], "mrr_sums": [20284.0, 24882.0, 26806.666666664638, 27836.916666664456, 28516.11666666602, 28979.61666666719, 29318.330952382898, 29567.7059523829, 29772.817063492857, 29934.51706349195], "recall_sums": [20284, 29480, 35254, 39375, 42771, 45552, 47923, 49918, 51764, 53381]}, {"name": "pp+bow", "num_cur": 340000, "num_top": 47172, "num_top_5": 97930, "num_top_10": 121464, "ndcg_sums": [70626.0145421531, 79224.15426996721, 80953.15004925556, 81046.17273082478, 80681.0579274042, 80148.3263163635, 79590.3606191654, 79062.50188014295, 78577.88099510968, 78158.61787548155], "map_sums": [103795.0, 119289.5, 123570.99999992555, 124549.27777777263, 124278.8763888428, 123522.90694440562, 122462.63674599394, 121378.21554986159, 120251.42531742973, 119149.91820371701], "mrr_sums": [47172.0, 57674.0, 61996.66666667872, 64338.91666667933, 65822.31666666994, 66832.64999999621, 67570.36428570609, 68146.11428570573, 68591.00317458944, 68960.8031745867], "recall_sums": [47172, 68176, 81144, 90513, 97930, 103992, 109156, 113762, 117766, 121464]}]}