{"data": "items_CSall_1s_5mindoc_5mincont_wPP_3.1_wNP_both.csv", "num_contexts": 1835797, "num_test_set_items": 490018, "models": [{"name": "bow", "num_cur": 90000, "num_top": 11623, "num_top_5": 24657, "num_top_10": 30724, "ndcg_sums": [17846.558774658635, 20218.254950233095, 20772.43310594067, 20875.43634911418, 20808.036290818494, 20685.54795013736, 20541.68790167665, 20415.91857607022, 20276.868930009347, 20159.16687495507], "map_sums": [2179.5108523587865, 2530.936014382893, 2617.838669526037, 2637.791979661205, 2627.636679778446, 2605.800107534126, 2578.200844787912, 2550.9881010285208, 2520.550667914145, 2492.6471451099856], "mrr_sums": [11623.0, 14299.0, 15415.000000000735, 16035.250000000784, 16405.8500000015, 16667.183333334397, 16849.18333333421, 17004.058333334197, 17118.169444445415, 17214.069444445577], "recall_sums": [11623, 16975, 20323, 22804, 24657, 26225, 27499, 28738, 29765, 30724]}, {"name": "np", "num_cur": 90000, "num_top": 5048, "num_top_5": 10270, "num_top_10": 12792, "ndcg_sums": [7599.555544218605, 8360.370288355954, 8402.457739173436, 8321.390179976934, 8210.679187971138, 8081.460547272927, 7963.224503565816, 7852.6407417492865, 7754.13912440155, 7658.14025480549], "map_sums": [869.9145400231159, 1006.4557336090819, 1047.592115783261, 1062.8819435396606, 1063.8156566947569, 1061.5825714934635, 1058.1814169603754, 1053.5267521194974, 1047.7200415592308, 1041.7176908091053], "mrr_sums": [5048.0, 6130.5, 6577.499999999918, 6815.7499999999045, 6968.349999999795, 7075.016666666506, 7159.0166666664645, 7218.01666666646, 7268.127777777639, 7305.227777777682], "recall_sums": [5048, 7213, 8554, 9507, 10270, 10910, 11498, 11970, 12421, 12792]}, {"name": "pp", "num_cur": 90000, "num_top": 5288, "num_top_5": 11014, "num_top_10": 13894, "ndcg_sums": [7639.490393592558, 8445.588705671582, 8573.84937773649, 8509.93533788156, 8420.316692956652, 8327.808674881137, 8240.51217116985, 8159.7438952601815, 8079.257446898974, 8005.997018672752], "map_sums": [917.0258650278616, 1070.714585276423, 1117.366247907844, 1133.1670651587299, 1135.7809449813133, 1134.1497600885803, 1130.151992423442, 1125.3448434801867, 1118.5081540004392, 1114.1406819022718], "mrr_sums": [5288.0, 6449.5, 6947.4999999998445, 7210.999999999825, 7381.999999999683, 7501.999999999775, 7594.571428571136, 7665.696428571132, 7721.363095237878, 7765.563095237955], "recall_sums": [5288, 7611, 9105, 10159, 11014, 11734, 12382, 12951, 13452, 13894]}, {"name": "pp+bow", "num_cur": 90000, "num_top": 12564, "num_top_5": 26124, "num_top_10": 32127, "ndcg_sums": [19059.282871575488, 21531.860812122304, 22036.70518585453, 22082.030593768795, 21963.966354213455, 21800.30189105324, 21625.089168263163, 21457.72702301519, 21297.569589802355, 21154.322982479513], "map_sums": [2275.5020340235324, 2637.9053986576437, 2726.1729737932774, 2743.5288442468445, 2728.106671976951, 2701.5140807717207, 2670.7942823131184, 2635.358961423693, 2606.9820532054478, 2576.8322605308276], "mrr_sums": [12564.0, 15421.0, 16583.000000000804, 17207.7500000006, 17579.950000001227, 17836.61666666761, 18026.188095238987, 18170.688095238995, 18286.13253968339, 18380.23253968348], "recall_sums": [12564, 18278, 21764, 24263, 26124, 27664, 28991, 30147, 31186, 32127]}]}