{"data": "items_CSall_1s_5mindoc_5mincont_wPP_3.1_wNP_both.csv", "num_contexts": 1835797, "num_test_set_items": 490018, "models": [{"name": "bow", "num_cur": 210000, "num_top": 27025, "num_top_5": 56831, "num_top_10": 70902, "ndcg_sums": [40689.07699554779, 45752.57022687211, 46869.79074116374, 47049.08152190687, 46958.54430695199, 46756.25383794732, 46508.86937470701, 46298.978842750286, 46096.712039962236, 45922.48222754057], "map_sums": [6296.2818910366395, 7257.710964630718, 7503.752875319372, 7549.19643816135, 7514.81650627162, 7445.907009156566, 7372.375882707009, 7295.9275308369315, 7215.8872809611175, 7135.377068406758], "mrr_sums": [27025.0, 33116.5, 35632.833333331604, 37029.08333333259, 37926.88333333305, 38524.050000000054, 38967.33571428646, 39315.58571428632, 39585.80793650622, 39802.50793650451], "recall_sums": [27025, 39208, 46757, 52342, 56831, 60414, 63517, 66303, 68735, 70902]}, {"name": "np", "num_cur": 210000, "num_top": 11426, "num_top_5": 23630, "num_top_10": 29164, "ndcg_sums": [17070.902428022662, 18741.01133217065, 18884.079441327944, 18698.74270103007, 18429.6597205463, 18148.88792903007, 17875.001398009284, 17640.687591157544, 17432.60223770183, 17246.56278571866], "map_sums": [2462.108739797888, 2844.860146975863, 2957.6405996784374, 2987.782110567515, 2987.5944961844484, 2982.485874918297, 2971.033318083971, 2956.123879657789, 2939.280096029993, 2921.6130559746766], "mrr_sums": [11426.0, 13940.0, 14986.333333334022, 15557.333333334063, 15907.933333334584, 16152.266666667576, 16329.552380953111, 16462.052380953108, 16568.274603175483, 16649.37460317565], "recall_sums": [11426, 16454, 19593, 21877, 23630, 25096, 26337, 27397, 28353, 29164]}, {"name": "pp", "num_cur": 210000, "num_top": 12753, "num_top_5": 26359, "num_top_10": 32827, "ndcg_sums": [17974.576167277388, 19818.386576365152, 20057.79360634439, 19914.7255328874, 19719.478476869826, 19506.40514674811, 19293.68293689635, 19100.305526266875, 18937.364837637237, 18789.655225418046], "map_sums": [2727.704019491537, 3157.280097135239, 3276.811817369935, 3317.9799113575496, 3325.808014637343, 3318.4746399862397, 3304.2716957542266, 3286.8847850627294, 3267.9366830513873, 3252.3344269615845], "mrr_sums": [12753.0, 15529.5, 16700.833333334045, 17320.083333333863, 17732.483333334458, 18010.15000000094, 18218.150000000936, 18372.40000000094, 18498.066666667608, 18596.166666667625], "recall_sums": [12753, 18306, 21820, 24297, 26359, 28025, 29481, 30715, 31846, 32827]}, {"name": "pp+bow", "num_cur": 210000, "num_top": 29579, "num_top_5": 60454, "num_top_10": 74532, "ndcg_sums": [43772.856141816184, 48909.098402429496, 49916.55470470039, 49931.7676805963, 49713.95987072793, 49398.834146185334, 49066.85779988017, 48769.316790088145, 48507.63059645956, 48278.50694087544], "map_sums": [6623.517500964141, 7600.914023880817, 7834.681274039821, 7871.575476378424, 7827.65234438012, 7749.492470341482, 7663.90091022645, 7574.411760160826, 7492.157474572851, 7402.801861102394], "mrr_sums": [29579.0, 36011.5, 38643.83333333309, 40046.3333333337, 40946.93333333326, 41547.59999999954, 41989.314285714245, 42333.06428571417, 42603.286507934004, 42823.28650793218], "recall_sums": [29579, 42444, 50341, 55951, 60454, 64058, 67150, 69900, 72332, 74532]}]}