{"data": "items_CSall_1s_5mindoc_5mincont_wPP_3.1_wNP_both.csv", "num_contexts": 1835797, "num_test_set_items": 490018, "models": [{"name": "bow", "num_cur": 470000, "num_top": 53183, "num_top_5": 114364, "num_top_10": 144088, "ndcg_sums": [84219.19380133283, 95193.81009866513, 97834.1708024338, 98384.43759864247, 98210.77166027765, 97789.20148604465, 97224.5057386375, 96736.85842163804, 96243.45014942122, 95809.15976220602], "map_sums": [128111.0, 148775.0, 154810.83333333177, 156552.8611111404, 156551.0333333799, 155779.17555556944, 154652.9151190761, 153410.54771545067, 152070.19456636917, 150734.3116856178], "mrr_sums": [53183.0, 65468.0, 70704.33333334289, 73605.33333333963, 75464.93333332318, 76733.93333332069, 77653.93333331391, 78388.30833331312, 78962.30833330544, 79425.20833330615], "recall_sums": [53183, 77753, 93462, 105066, 114364, 121978, 128418, 134293, 139459, 144088]}, {"name": "np", "num_cur": 470000, "num_top": 22450, "num_top_5": 46817, "num_top_10": 58036, "ndcg_sums": [34767.468704285246, 38482.50040415427, 38856.0733640075, 38444.002941240076, 37906.05964400001, 37314.92454085161, 36743.0449509249, 36228.09049554502, 35773.67419808231, 35365.06950583425], "map_sums": [52187.0, 61097.5, 64171.75000002019, 65284.972222234304, 65702.09166666315, 65755.55222220966, 65628.27194442862, 65436.07518706051, 65121.90981148901, 64792.17317741658], "mrr_sums": [22450.0, 27521.5, 29613.49999999739, 30719.999999997253, 31424.399999998906, 31903.400000000114, 32268.971428573397, 32534.3464285734, 32751.124206349723, 32922.32420634826], "recall_sums": [22450, 32593, 38869, 43295, 46817, 49691, 52250, 54373, 56324, 58036]}, {"name": "pp", "num_cur": 470000, "num_top": 24666, "num_top_5": 52069, "num_top_10": 64959, "ndcg_sums": [35913.555072673196, 39961.120863213764, 40532.24596519061, 40257.17386779296, 39832.46156616693, 39376.590273261885, 38909.72695113393, 38480.936885868214, 38104.64491852836, 37775.73726443544], "map_sums": [51820.0, 62049.5, 65694.41666669042, 67230.41666667978, 67915.35694443824, 68167.04499998604, 68156.56238093362, 68031.46948977855, 67796.06255524953, 67537.80868698757], "mrr_sums": [24666.0, 30272.5, 32621.83333332976, 33875.33333333042, 34700.93333333212, 35267.10000000011, 35675.957142858526, 35977.58214285837, 36227.248809523146, 36424.348809521696], "recall_sums": [24666, 35879, 42927, 47941, 52069, 55466, 58328, 60741, 62988, 64959]}, {"name": "pp+bow", "num_cur": 470000, "num_top": 58062, "num_top_5": 121863, "num_top_10": 151609, "ndcg_sums": [90177.22013130345, 101537.5517496798, 103977.23623661112, 104246.02022088967, 103868.64434577667, 103210.70350093665, 102483.26250233603, 101790.35768193575, 101162.09284864753, 100601.08064461507], "map_sums": [135595.0, 156437.0, 162243.83333335907, 163714.1111111537, 163506.1250000749, 162584.91888891952, 161245.99833337922, 159856.8509977761, 158412.45596661235, 156979.0087771525], "mrr_sums": [58062.0, 71132.5, 76582.1666666694, 79549.16666666433, 81437.76666664764, 82715.76666664837, 83640.05238092697, 84359.6773809266, 84933.34404758622, 85402.14404758925], "recall_sums": [58062, 84203, 100552, 112420, 121863, 129531, 136001, 141758, 146921, 151609]}]}