{"data": "items_CSall_1s_5mindoc_5mincont_wPP_3.1_wNP_both.csv", "num_contexts": 1835797, "num_test_set_items": 490018, "models": [{"name": "bow", "num_cur": 430000, "num_top": 51263, "num_top_5": 110426, "num_top_10": 139029, "ndcg_sums": [80071.55326290861, 90477.75858337113, 92919.93813107105, 93396.31344965499, 93205.55453920465, 92788.60959072145, 92246.58012512873, 91761.40485980322, 91279.89990623812, 90863.19690174401], "map_sums": [132470.55249417585, 144855.54619606366, 148538.9589851945, 149258.91856502034, 148743.17068479722, 147691.8786803306, 146366.757693722, 145054.81827098574, 143660.0147002844, 142306.58383083018], "mrr_sums": [51263.0, 63190.0, 68242.00000001224, 71043.50000000898, 72832.89999999355, 74054.89999998969, 74945.18571426906, 75650.31071426827, 76201.19960314981, 76645.19960314942], "recall_sums": [51263, 75117, 90273, 101479, 110426, 117758, 123990, 129631, 134589, 139029]}, {"name": "np", "num_cur": 430000, "num_top": 21782, "num_top_5": 45399, "num_top_10": 56112, "ndcg_sums": [33298.379674662254, 36819.18971715532, 37148.251336871275, 36730.708047568136, 36186.20525830347, 35594.95192078074, 35028.78227295983, 34523.350708375765, 34078.51723940451, 33680.921246907106], "map_sums": [54030.35023088183, 59565.142633665935, 61734.7993948827, 62449.575658192676, 62652.7967826923, 62573.32267441832, 62373.809027453, 62135.3084148215, 61790.204708078876, 61446.77933575784], "mrr_sums": [21782.0, 26720.0, 28749.333333330953, 29819.833333330815, 30494.033333332358, 30951.53333333341, 31298.53333333506, 31552.783333335065, 31759.89444444486, 31923.99444444382], "recall_sums": [21782, 31658, 37746, 42028, 45399, 48144, 50573, 52607, 54471, 56112]}, {"name": "pp", "num_cur": 430000, "num_top": 23801, "num_top_5": 50284, "num_top_10": 62694, "ndcg_sums": [34369.659043949265, 38232.129097793346, 38760.21668395838, 38480.968622005705, 38063.728403733585, 37622.52050444086, 37169.74681552632, 36757.38582534873, 36394.01108978867, 36078.69004974585], "map_sums": [54267.6332918994, 60763.77064712146, 63386.122630154015, 64465.45543776466, 64924.00504541547, 65020.32244617864, 64926.17028380597, 64730.95078025717, 64470.34041755187, 64183.32669093157], "mrr_sums": [23801.0, 29237.5, 31506.49999999672, 32712.749999996537, 33508.34999999864, 34052.850000000275, 34447.13571428748, 34738.010714287324, 34978.12182539668, 35167.62182539534], "recall_sums": [23801, 34674, 41481, 46306, 50284, 53551, 56311, 58638, 60799, 62694]}, {"name": "pp+bow", "num_cur": 430000, "num_top": 55981, "num_top_5": 117668, "num_top_10": 146252, "ndcg_sums": [85785.73688040528, 96538.54354320951, 98789.30046791164, 98995.14407352399, 98599.46615770497, 97957.19692081053, 97252.4557764224, 96579.64469673148, 95963.59072548675, 95423.36315375235], "map_sums": [140196.32386214152, 152367.63398168064, 155777.4370870936, 156173.46358787752, 155418.52866333124, 154191.4802431185, 152676.19599969964, 151194.14605066934, 149702.24897652157, 148255.16194049074], "mrr_sums": [55981.0, 68677.5, 73935.50000000552, 76798.25000000045, 78612.04999998485, 79845.54999998429, 80733.8357142634, 81426.71071426304, 81974.15515870081, 82423.65515870272], "recall_sums": [55981, 81374, 97148, 108599, 117668, 125069, 131287, 136830, 141757, 146252]}]}