{"data": "items_CSall_1s_5mindoc_5mincont_wPP_3.1_wNP_both.csv", "num_contexts": 1835797, "num_test_set_items": 490018, "models": [{"name": "bow", "num_cur": 220000, "num_top": 28154, "num_top_5": 59497, "num_top_10": 74324, "ndcg_sums": [42533.83803132262, 47864.5298408697, 49073.001632064406, 49274.9875024874, 49193.04502499991, 48984.953420615835, 48729.47495519147, 48506.95213184356, 48293.63388715777, 48109.686008926226], "map_sums": [6575.078577271131, 7578.2572664744175, 7834.9542786757165, 7881.7373546609315, 7845.23855202341, 7772.240176966833, 7695.943858418742, 7615.782823818585, 7531.096236205269, 7446.544358626684], "mrr_sums": [28154.0, 34525.0, 37177.33333333259, 38647.58333333358, 39600.18333333324, 40228.016666666466, 40697.73095238106, 41064.480952380916, 41349.369841267275, 41576.769841265406], "recall_sums": [28154, 40896, 48853, 54734, 59497, 63264, 66552, 69486, 72050, 74324]}, {"name": "np", "num_cur": 220000, "num_top": 11940, "num_top_5": 24706, "num_top_10": 30504, "ndcg_sums": [17841.300623131756, 19588.37901188228, 19750.39565411341, 19556.645047694397, 19271.57312373505, 18977.329688942336, 18689.215847884192, 18441.427367718363, 18224.703509541745, 18028.44853962435], "map_sums": [2576.1116713873757, 2975.692696261856, 3093.581910684398, 3124.9078008872075, 3124.7429696667405, 3119.3297434823216, 3107.5212359498746, 3092.0736121797136, 3074.0430269020303, 3054.9226755380123], "mrr_sums": [11940.0, 14562.0, 15666.000000000793, 16263.250000000835, 16627.450000001263, 16883.116666667513, 17069.545238095983, 17207.920238095987, 17320.475793651603, 17404.37579365173], "recall_sums": [11940, 17184, 20496, 22885, 24706, 26240, 27545, 28652, 29665, 30504]}, {"name": "pp", "num_cur": 220000, "num_top": 13309, "num_top_5": 27512, "num_top_10": 34305, "ndcg_sums": [18787.388575948855, 20708.638498509208, 20964.06917943603, 20809.61920207214, 20606.223018067205, 20385.204315706185, 20164.55318248499, 19961.846549346308, 19790.615453239043, 19635.001364878757], "map_sums": [2851.473200201019, 3298.4898076841714, 3422.481241657533, 3465.9545937279704, 3475.3019784252247, 3467.17188203633, 3452.3437992004424, 3433.359083408107, 3413.481971782883, 3396.4491068125026], "mrr_sums": [13309.0, 16197.5, 17421.833333333852, 18067.08333333367, 18501.483333334345, 18794.316666667604, 19013.173809524862, 19173.673809524866, 19306.56269841365, 19408.962698413605], "recall_sums": [13309, 19086, 22759, 25340, 27512, 29269, 30801, 32085, 33281, 34305]}, {"name": "pp+bow", "num_cur": 220000, "num_top": 30849, "num_top_5": 63291, "num_top_10": 78148, "ndcg_sums": [45768.97251665026, 51165.03839550914, 52259.09311022761, 52296.02074709393, 52078.86201638823, 51755.11647722984, 51406.042686891575, 51093.207437897065, 50814.40716424369, 50573.52287675473], "map_sums": [6920.836449482976, 7937.481993227657, 8180.736854939673, 8220.267146981581, 8174.695286902552, 8092.627525797797, 8001.802000394328, 7909.134064287403, 7821.9187329830675, 7727.677536591964], "mrr_sums": [30849.0, 37571.0, 40345.66666666746, 41824.66666666807, 42776.26666666689, 43415.26666666594, 43878.83809523747, 44243.3380952374, 44526.44920634593, 44757.84920634394], "recall_sums": [30849, 44293, 52617, 58533, 63291, 67125, 70370, 73286, 75834, 78148]}]}