{"data": "items_CSall_1s_5mindoc_5mincont_wPP_3.1_wNP_both.csv", "num_contexts": 1835797, "num_test_set_items": 490018, "models": [{"name": "bow", "num_cur": 420000, "num_top": 50632, "num_top_5": 108987, "num_top_10": 137208, "ndcg_sums": [78891.72029276876, 89114.47011403846, 91506.3447293851, 91976.32822199052, 91788.41318733961, 91379.04229872825, 90844.32679275065, 90366.7115912285, 89896.07673402778, 89485.10101803728], "map_sums": [130371.22150748584, 142447.3520567432, 146014.35992476228, 146693.64812046595, 146167.40049938037, 145122.82012273525, 143812.8708875389, 142516.04837351936, 141138.41684891202, 139803.35486744068], "mrr_sums": [50632.0, 62398.0, 67377.66666667996, 70145.1666666767, 71907.96666666165, 73112.13333332395, 73991.27619046062, 74687.02619045983, 75231.80396823035, 75669.10396822957], "recall_sums": [50632, 74164, 89103, 100173, 108987, 116212, 122366, 127932, 132835, 137208]}, {"name": "np", "num_cur": 420000, "num_top": 21571, "num_top_5": 44955, "num_top_10": 55558, "ndcg_sums": [32878.20182566556, 36341.6564043554, 36665.01114577965, 36247.73470167756, 35705.38783817012, 35122.71419676037, 34563.64002641372, 34066.799836200604, 33626.692424438996, 33235.543570666734], "map_sums": [53264.09205482049, 58677.76193205724, 60807.77665726086, 61504.22789408573, 61692.055960263126, 61613.60218218767, 61413.50475074249, 61175.959955538245, 60834.76342812608, 60492.37353628952], "mrr_sums": [21571.0, 26463.0, 28476.666666664343, 29533.416666664205, 30199.81666666572, 30653.650000000078, 30997.507142858838, 31249.38214285884, 31452.937698413134, 31615.537698412114], "recall_sums": [21571, 31355, 37396, 41623, 44955, 47678, 50085, 52100, 53932, 55558]}, {"name": "pp", "num_cur": 420000, "num_top": 23580, "num_top_5": 49808, "num_top_10": 62099, "ndcg_sums": [33961.02030019579, 37769.23307605196, 38295.63594762532, 38016.80712589983, 37602.29741659708, 37165.73538049457, 36719.5118939929, 36313.14524661821, 35953.39678642549, 35642.630081124735], "map_sums": [53541.599074839, 59924.59467274689, 62503.28574339473, 63553.50608281832, 63997.58875668116, 64082.30321989314, 63984.17394642024, 63785.95965616894, 63528.300906956494, 63242.37194520376], "mrr_sums": [23580.0, 28957.5, 31208.499999996784, 32405.249999996602, 33191.84999999864, 33732.516666667, 34122.80238095426, 34411.177380954105, 34648.177380952395, 34835.677380951085], "recall_sums": [23580, 34335, 41088, 45875, 49808, 53052, 55784, 58091, 60224, 62099]}, {"name": "pp+bow", "num_cur": 420000, "num_top": 55317, "num_top_5": 116179, "num_top_10": 144371, "ndcg_sums": [84545.56581514904, 95096.66040177975, 97309.43589776185, 97513.59605245333, 97122.21499369219, 96488.60957319711, 95794.64554535983, 95133.87386620921, 94525.20658651298, 93995.7112597942], "map_sums": [137991.92924356804, 149830.96166167207, 153143.2143902244, 153505.10412170293, 152739.73535151148, 151519.4523681217, 150022.78442432603, 148557.8635582602, 147087.34330251545, 145660.60060290617], "mrr_sums": [55317.0, 67835.5, 73027.16666667315, 75852.16666666808, 77642.16666665283, 78856.33333331837, 79733.19047616908, 80417.19047616872, 80956.74603171772, 81400.84603171931], "recall_sums": [55317, 80354, 95929, 107229, 116179, 123464, 129602, 135074, 139930, 144371]}]}