{"data": "items_CSall_1s_5mindoc_5mincont_wPP_3.1_wNP_both.csv", "num_contexts": 1835797, "num_test_set_items": 490018, "models": [{"name": "bow", "num_cur": 440000, "num_top": 51772, "num_top_5": 111479, "num_top_10": 140396, "ndcg_sums": [81155.89590104012, 91694.72668918408, 94192.45073762827, 94687.65582271176, 94500.37514182393, 94079.52908706767, 93530.5856938084, 93042.99027289727, 92558.29380191833, 92138.05942345076], "map_sums": [11831.926866017884, 13639.90969559231, 14112.58932844876, 14187.724533738803, 14124.721191064004, 13991.490591521415, 13843.5521426806, 13693.48672728145, 13531.313697638983, 13379.602923126053], "mrr_sums": [51772.0, 63789.0, 68891.00000001151, 71722.75000000825, 73530.74999999255, 74764.08333332236, 75663.22619045874, 76376.97619045795, 76934.75396822828, 77384.0539682282], "recall_sums": [51772, 75806, 91112, 102439, 111479, 118879, 125173, 130883, 135903, 140396]}, {"name": "np", "num_cur": 440000, "num_top": 21911, "num_top_5": 45660, "num_top_10": 56456, "ndcg_sums": [33595.13616742198, 37150.82544707617, 37493.039208940485, 37074.62042274561, 36530.53503351933, 35937.88614181926, 35368.98675273978, 34862.537570651446, 34416.98463687975, 34018.18845241262], "map_sums": [4506.965759382627, 5224.171122467494, 5439.005669956086, 5500.396175092936, 5504.410663827492, 5495.633796428668, 5472.371239843838, 5443.572809222331, 5408.829790613926, 5373.600746984215], "mrr_sums": [21911.0, 26872.5, 28914.16666666424, 29989.916666664103, 30669.516666665666, 31131.51666666675, 31480.373809525565, 31736.74880952557, 31945.748809524226, 32110.74880952317], "recall_sums": [21911, 31834, 37959, 42262, 45660, 48432, 50874, 52925, 54806, 56456]}, {"name": "pp", "num_cur": 440000, "num_top": 24005, "num_top_5": 50676, "num_top_10": 63184, "ndcg_sums": [34738.516041772404, 38635.680763041244, 39173.629971669274, 38896.04451707883, 38476.094582511185, 38032.117963573626, 37574.63728986006, 37158.293472327954, 36790.863521855004, 36472.180162964774], "map_sums": [5011.775365911693, 5806.033038390534, 6034.836205655186, 6112.839071645185, 6126.594559248057, 6116.198154352947, 6092.719634623993, 6062.018810504606, 6023.192665227033, 5991.805229219772], "mrr_sums": [24005.0, 29480.5, 31767.16666666332, 32982.166666663295, 33782.16666666537, 34330.83333333361, 34728.11904762077, 35021.11904762062, 35263.119047618835, 35454.41904761747], "recall_sums": [24005, 34956, 41816, 46676, 50676, 53968, 56749, 59093, 61271, 63184]}, {"name": "pp+bow", "num_cur": 440000, "num_top": 56500, "num_top_5": 118742, "num_top_10": 147669, "ndcg_sums": [86907.41761365319, 97805.8622475549, 100105.2202987605, 100330.19783049038, 99940.61076844578, 99293.74677094311, 98584.24355749725, 97904.88976610072, 97285.99078707799, 96744.08091629337], "map_sums": [12439.243837558683, 14276.042236864385, 14733.068926432443, 14791.060095287261, 14711.47071146034, 14565.133164831113, 14398.285030343444, 14229.378558645521, 14066.301957980239, 13895.498637953307], "mrr_sums": [56500.0, 69291.5, 74597.83333333815, 77490.83333333308, 79324.4333333172, 80571.26666665035, 81469.83809521503, 82170.58809521467, 82725.03253965234, 83181.03253965462], "recall_sums": [56500, 82083, 98002, 109574, 118742, 126223, 132513, 138119, 143109, 147669]}]}