{"data": "items_CSall_1s_5mindoc_5mincont_wPP_3.1_wNP_both.csv", "num_contexts": 1835797, "num_test_set_items": 490018, "models": [{"name": "bow", "num_cur": 310000, "num_top": 39489, "num_top_5": 83954, "num_top_10": 105298, "ndcg_sums": [59983.45863902407, 67611.7714829864, 69295.18444756807, 69573.52169383813, 69397.98060565308, 69064.87262410148, 68666.09017316504, 68318.48728310279, 67973.69265975789, 67684.25106837103], "map_sums": [98043.41572809938, 106797.48960811281, 109407.77879773064, 109882.13902737513, 109457.8791401861, 108668.32755655317, 107673.86992626914, 106668.05953177901, 105640.16851101993, 104648.0493922495], "mrr_sums": [39489.0, 48539.5, 52294.83333334062, 54401.58333334161, 55735.78333333571, 56642.116666664886, 57312.259523805136, 57838.50952380499, 58249.398412689516, 58580.098412686144], "recall_sums": [39489, 57590, 68856, 77283, 83954, 89392, 94083, 98293, 101991, 105298]}, {"name": "np", "num_cur": 310000, "num_top": 16952, "num_top_5": 35332, "num_top_10": 43577, "ndcg_sums": [25489.769947638026, 28130.14012538789, 28356.913182197943, 28028.726623012364, 27589.292885028233, 27130.777182264646, 26698.99002636528, 26323.37129752818, 25992.553363184536, 25696.11482139145], "map_sums": [41089.8342723803, 45032.78491385138, 46597.27288912479, 47090.58098093263, 47204.08898386958, 47138.253845584426, 46966.36893670886, 46774.00347083014, 46515.408668096694, 46258.27664898026], "mrr_sums": [16952.0, 20795.5, 22377.83333333258, 23214.33333333244, 23734.333333333423, 24086.666666667043, 24353.238095239245, 24549.61309523925, 24711.168650794152, 24835.168650793694], "recall_sums": [16952, 24639, 29386, 32732, 35332, 37446, 39312, 40883, 42337, 43577]}, {"name": "pp", "num_cur": 310000, "num_top": 18643, "num_top_5": 39125, "num_top_10": 48774, "ndcg_sums": [26497.73178328467, 29387.248124888476, 29746.03581418374, 29525.80926375644, 29208.46807211134, 28869.268298575626, 28531.483056521793, 28229.62257504467, 27963.438412563257, 27733.362833741758], "map_sums": [41535.48717637498, 46255.71213475897, 48129.93183644164, 48871.108771364, 49193.73908247851, 49218.84313073293, 49122.968447881256, 48940.410925770455, 48731.86171645429, 48494.373778263696], "mrr_sums": [18643.0, 22860.5, 24591.166666665344, 25529.41666666516, 26149.816666666513, 26568.816666667357, 26875.530952382716, 27104.40595238272, 27291.517063492938, 27438.81706349224], "recall_sums": [18643, 27078, 32270, 36023, 39125, 41639, 43786, 45617, 47301, 48774]}, {"name": "pp+bow", "num_cur": 310000, "num_top": 43199, "num_top_5": 89535, "num_top_10": 110907, "ndcg_sums": [64475.908058337984, 72293.65747445177, 73841.15325543804, 73875.23609639723, 73535.8171183612, 73028.5323486132, 72511.47571507111, 72024.66194446875, 71579.83666080178, 71198.24592909662], "map_sums": [104121.7421355274, 112601.06457278196, 114979.90720086603, 115191.03819641526, 114561.68749365384, 113629.64796479171, 112490.8032272152, 111381.221978281, 110258.31936680494, 109193.7036650892], "mrr_sums": [43199.0, 52816.5, 56754.16666667592, 58875.66666667653, 60236.0666666694, 61149.3999999978, 61820.9714285663, 62343.84642856623, 62749.51309522853, 63085.21309522502], "recall_sums": [43199, 62434, 74247, 82733, 89535, 95015, 99716, 103899, 107550, 110907]}]}