{"data": "items_CSall_1s_5mindoc_5mincont_wPP_3.1_wNP_both.csv", "num_contexts": 1835797, "num_test_set_items": 490018, "models": [{"name": "bow", "num_cur": 400000, "num_top": 49043, "num_top_5": 105619, "num_top_10": 132795, "ndcg_sums": [76121.79742645276, 86004.82726127707, 88311.79741733131, 88752.59331705225, 88567.44483239925, 88172.54964458095, 87661.2300614684, 87195.64180767746, 86741.75552185849, 86348.60111369686], "map_sums": [11146.589530762563, 12837.960343579434, 13275.644799802285, 13345.95195736435, 13283.815827603812, 13158.51501768235, 13022.475159992633, 12880.663378415573, 12729.9779997043, 12587.773710097272], "mrr_sums": [49043.0, 60469.5, 65298.83333334843, 67975.08333334555, 69681.08333333133, 70843.08333332573, 71692.51190474855, 72361.13690474776, 72883.24801585195, 73304.24801585021], "recall_sums": [49043, 71896, 86384, 97089, 105619, 112591, 118537, 123886, 128585, 132795]}, {"name": "np", "num_cur": 400000, "num_top": 21056, "num_top_5": 44001, "num_top_10": 54359, "ndcg_sums": [32031.002548642722, 35413.54434621533, 35737.361283887614, 35335.808272198825, 34806.240169426565, 34239.93155728943, 33694.797470455735, 33209.10632096179, 32780.73815166311, 32398.689192258746], "map_sums": [4280.435028505476, 4956.656737381048, 5158.704358297068, 5217.431761062359, 5219.404853210832, 5210.616388377162, 5188.882797467032, 5161.38589022527, 5128.49393662932, 5094.1497586050555], "mrr_sums": [21056.0, 25854.5, 27831.49999999781, 28869.74999999767, 29522.549999999137, 29967.38333333343, 30304.240476192113, 30548.740476192117, 30748.07380952425, 30906.173809523294], "recall_sums": [21056, 30653, 36584, 40737, 44001, 46670, 49028, 50984, 52778, 54359]}, {"name": "pp", "num_cur": 400000, "num_top": 23006, "num_top_5": 48571, "num_top_10": 60513, "ndcg_sums": [33038.66669424288, 36727.22533201819, 37238.74716129344, 36963.84240494699, 36561.01846004187, 36136.977411846325, 35701.84388077473, 35305.184912862234, 34955.43805786382, 34652.89030673205], "map_sums": [4769.397309947936, 5522.020397230738, 5736.163992850495, 5808.378325364719, 5820.964466987469, 5809.445866829523, 5786.051105532054, 5756.350665520913, 5720.28312044601, 5690.2337031441475], "mrr_sums": [23006.0, 28250.0, 30444.333333330324, 31610.83333333014, 32376.43333333202, 32904.43333333374, 33284.14761904973, 33563.397619049574, 33792.6198412702, 33974.51984126897], "recall_sums": [23006, 33494, 40077, 44743, 48571, 51739, 54397, 56631, 58694, 60513]}, {"name": "pp+bow", "num_cur": 400000, "num_top": 53646, "num_top_5": 112664, "num_top_10": 139795, "ndcg_sums": [81661.74850453057, 91843.87478782905, 93971.62563306135, 94155.94434001241, 93765.54333416476, 93147.07573849823, 92477.7120589913, 91839.50425934212, 91250.07136728281, 90740.67986845598], "map_sums": [11733.082711175148, 13444.574567616799, 13867.165391751145, 13919.293239035853, 13841.01491309144, 13701.696877899545, 13548.725292953037, 13391.38738463212, 13239.214432215731, 13079.820832625375], "mrr_sums": [53646.0, 65810.5, 70851.16666667534, 73581.91666667028, 75310.71666665592, 76479.04999998679, 77325.62142855223, 77984.74642855187, 78499.96865076789, 78928.46865076857], "recall_sums": [53646, 77975, 93097, 104020, 112664, 119674, 125600, 130873, 135510, 139795]}]}