{"data": "items_CSall_1s_5mindoc_5mincont_wPP_3.1_wNP_both.csv", "num_contexts": 1835797, "num_test_set_items": 490018, "models": [{"name": "bow", "num_cur": 60000, "num_top": 7518, "num_top_5": 16548, "num_top_10": 20595, "ndcg_sums": [11317.995221212259, 12863.448353513017, 13152.11638077779, 13203.398485684525, 13138.4746996822, 13051.35462166846, 12954.292627510966, 12864.723666385253, 12778.47878831738, 12714.330997629288], "map_sums": [16692.0, 19645.5, 20455.083333332994, 20716.138888888505, 20735.3277777788, 20646.341111112215, 20483.141269842727, 20319.337675737916, 20138.35092828859, 19947.7476089698], "mrr_sums": [7518.0, 9426.0, 10168.333333333389, 10597.833333333438, 10851.633333333733, 11026.800000000332, 11150.228571428794, 11249.2285714288, 11325.78412698447, 11390.884126984636], "recall_sums": [7518, 11334, 13561, 15279, 16548, 17599, 18463, 19255, 19944, 20595]}, {"name": "np", "num_cur": 60000, "num_top": 3252, "num_top_5": 6611, "num_top_10": 8242, "ndcg_sums": [4856.663340633164, 5306.948651899398, 5310.882754014976, 5250.668482233809, 5176.577585831758, 5093.274958386913, 5026.471371699906, 4955.111022574938, 4894.93824500813, 4838.792911146091], "map_sums": [7126.0, 8365.5, 8768.166666666415, 8924.49999999987, 8993.608333333192, 9009.566388888807, 8996.395476190299, 8971.602528344534, 8934.458007369592, 8889.975623740298], "mrr_sums": [3252.0, 3958.5, 4247.166666666729, 4399.166666666715, 4493.566666666658, 4564.2333333333045, 4619.661904761886, 4654.5369047618815, 4685.9813492063595, 4711.681349206361], "recall_sums": [3252, 4665, 5531, 6139, 6611, 7035, 7423, 7702, 7985, 8242]}, {"name": "pp", "num_cur": 60000, "num_top": 3845, "num_top_5": 7601, "num_top_10": 9407, "ndcg_sums": [5344.038882228237, 5773.802043687568, 5794.14812639959, 5731.095822887384, 5653.78610828767, 5574.902019811701, 5509.708598532005, 5447.133647500428, 5391.585777411194, 5340.267086630468], "map_sums": [7464.0, 8780.0, 9256.499999999833, 9456.722222222135, 9538.70833333338, 9548.207500000059, 9543.783373015769, 9527.617534013532, 9486.236133786864, 9446.82490630525], "mrr_sums": [3845.0, 4596.5, 4920.500000000003, 5102.999999999984, 5213.199999999896, 5288.866666666575, 5346.8666666665695, 5390.241666666566, 5425.241666666608, 5453.641666666627], "recall_sums": [3845, 5348, 6320, 7050, 7601, 8055, 8461, 8808, 9123, 9407]}, {"name": "pp+bow", "num_cur": 60000, "num_top": 8160, "num_top_5": 17544, "num_top_10": 21495, "ndcg_sums": [12165.859361711753, 13732.286598265657, 14000.272161364373, 14012.273404415573, 13916.925832645084, 13800.661479688555, 13679.98063239939, 13563.5365572792, 13466.304986525656, 13385.886034479821], "map_sums": [17831.0, 20772.0, 21538.249999998883, 21735.055555555133, 21726.251388889534, 21600.641111112098, 21412.597539684153, 21211.53156462682, 21005.05388180339, 20799.89459986804], "mrr_sums": [8160.0, 10172.5, 10957.50000000021, 11388.750000000262, 11644.55000000056, 11814.883333333792, 11940.311904762228, 12033.061904762251, 12108.728571429054, 12171.528571429242], "recall_sums": [8160, 12185, 14540, 16265, 17544, 18566, 19444, 20186, 20867, 21495]}]}