{"data": "items_CSall_1s_5mindoc_5mincont_wPP_3.1_wNP_both.csv", "num_contexts": 1835797, "num_test_set_items": 490018, "models": [{"name": "bow", "num_cur": 50000, "num_top": 6596, "num_top_5": 14111, "num_top_10": 17448, "ndcg_sums": [9616.859510388018, 10862.446710894486, 11064.563727334948, 11080.029676686288, 11009.293686883977, 10931.990652102253, 10846.795711578628, 10769.225842209293, 10693.323945341033, 10641.377407638365], "map_sums": [13889.0, 16367.5, 17035.250000001226, 17250.222222222408, 17271.12638889042, 17200.37694444536, 17064.664841270493, 16922.062301587808, 16769.728150510742, 16610.486022613288], "mrr_sums": [6596.0, 8216.0, 8839.666666666506, 9186.416666666555, 9389.816666666668, 9533.983333333379, 9636.983333333306, 9718.108333333312, 9780.330555555624, 9834.53055555575], "recall_sums": [6596, 9836, 11707, 13094, 14111, 14976, 15697, 16346, 16906, 17448]}, {"name": "np", "num_cur": 50000, "num_top": 2882, "num_top_5": 5719, "num_top_10": 7063, "ndcg_sums": [4209.14025384303, 4558.154655163831, 4549.606352789802, 4490.409538804663, 4426.4746874415205, 4352.103630190391, 4293.427647213433, 4228.614848034312, 4175.383921635346, 4125.732276176474], "map_sums": [6086.0, 7107.0, 7439.1666666663805, 7566.166666666517, 7621.573611110818, 7636.0111111109345, 7623.908373015659, 7601.905068027036, 7571.150634920547, 7532.769922839481], "mrr_sums": [2882.0, 3480.0, 3724.333333333389, 3850.0833333333903, 3931.083333333357, 3990.7499999999945, 4036.03571428574, 4063.660714285741, 4089.8829365079873, 4111.0829365079735], "recall_sums": [2882, 4078, 4811, 5314, 5719, 6077, 6394, 6615, 6851, 7063]}, {"name": "pp", "num_cur": 50000, "num_top": 3400, "num_top_5": 6549, "num_top_10": 8044, "ndcg_sums": [4633.52798874693, 4974.0294865444175, 4972.00435089922, 4914.772295604575, 4838.908028862629, 4767.108170433328, 4708.4498455728, 4653.2142080686, 4605.524988944054, 4560.245342950238], "map_sums": [6378.0, 7475.0, 7867.499999999627, 8031.361111110898, 8093.773611110762, 8104.282222222037, 8100.5268253965805, 8087.431995464657, 8050.603558673358, 8015.064128558817], "mrr_sums": [3400.0, 4041.0, 4314.000000000049, 4468.25000000003, 4554.449999999964, 4616.116666666618, 4663.259523809489, 4699.7595238094855, 4729.537301587296, 4753.037301587297], "recall_sums": [3400, 4682, 5501, 6118, 6549, 6919, 7249, 7541, 7809, 8044]}, {"name": "pp+bow", "num_cur": 50000, "num_top": 7124, "num_top_5": 14948, "num_top_10": 18194, "ndcg_sums": [10332.912467705459, 11588.717760163841, 11775.734204893695, 11752.863982941431, 11657.831138295522, 11561.22812984014, 11453.860033719095, 11353.49526015672, 11271.659004440982, 11203.888988067718], "map_sums": [14871.0, 17322.5, 17959.833333333798, 18112.055555555642, 18110.302777778976, 17999.261666667473, 17841.445555556355, 17675.089960317964, 17497.492688492614, 17323.776949483985], "mrr_sums": [7124.0, 8836.0, 9491.999999999975, 9841.750000000027, 10048.350000000146, 10190.350000000148, 10291.63571428577, 10367.885714285794, 10430.219047619239, 10481.619047619386], "recall_sums": [7124, 10548, 12516, 13915, 14948, 15800, 16509, 17119, 17680, 18194]}]}