{"data": "items_CSall_1s_5mindoc_5mincont_wPP_3.1_wNP_both.csv", "num_contexts": 1835797, "num_test_set_items": 490018, "models": [{"name": "bow", "num_cur": 60000, "num_top": 7518, "num_top_5": 16548, "num_top_10": 20595, "ndcg_sums": [11317.995221212259, 12863.448353513017, 13152.11638077779, 13203.398485684525, 13138.4746996822, 13051.35462166846, 12954.292627510966, 12864.723666385253, 12778.47878831738, 12714.330997629288], "map_sums": [1683.4801704156805, 1964.1852350037389, 2033.0447303849419, 2050.537750611091, 2045.5193316257205, 2031.65854196198, 2011.4401494491335, 1993.1467914339141, 1970.5903801402599, 1951.0033155030264], "mrr_sums": [7518.0, 9426.0, 10168.333333333389, 10597.833333333438, 10851.633333333733, 11026.800000000332, 11150.228571428794, 11249.2285714288, 11325.78412698447, 11390.884126984636], "recall_sums": [7518, 11334, 13561, 15279, 16548, 17599, 18463, 19255, 19944, 20595]}, {"name": "np", "num_cur": 60000, "num_top": 3252, "num_top_5": 6611, "num_top_10": 8242, "ndcg_sums": [4856.663340633164, 5306.948651899398, 5310.882754014976, 5250.668482233809, 5176.577585831758, 5093.274958386913, 5026.471371699906, 4955.111022574938, 4894.93824500813, 4838.792911146091], "map_sums": [693.4873592524821, 803.4140797912731, 835.8504322061383, 847.1795139893197, 848.6285982383589, 849.0562220922722, 846.8417023119475, 844.2628001395361, 840.560056309197, 836.3575576443949], "mrr_sums": [3252.0, 3958.5, 4247.166666666729, 4399.166666666715, 4493.566666666658, 4564.2333333333045, 4619.661904761886, 4654.5369047618815, 4685.9813492063595, 4711.681349206361], "recall_sums": [3252, 4665, 5531, 6139, 6611, 7035, 7423, 7702, 7985, 8242]}, {"name": "pp", "num_cur": 60000, "num_top": 3845, "num_top_5": 7601, "num_top_10": 9407, "ndcg_sums": [5344.038882228237, 5773.802043687568, 5794.14812639959, 5731.095822887384, 5653.78610828767, 5574.902019811701, 5509.708598532005, 5447.133647500428, 5391.585777411194, 5340.267086630468], "map_sums": [730.2764585798529, 850.878622945961, 886.1037477724714, 899.4133575132171, 902.0324095957509, 900.141119536156, 897.4693923159396, 893.6300566461075, 887.8947974234479, 884.7705533613198], "mrr_sums": [3845.0, 4596.5, 4920.500000000003, 5102.999999999984, 5213.199999999896, 5288.866666666575, 5346.8666666665695, 5390.241666666566, 5425.241666666608, 5453.641666666627], "recall_sums": [3845, 5348, 6320, 7050, 7601, 8055, 8461, 8808, 9123, 9407]}, {"name": "pp+bow", "num_cur": 60000, "num_top": 8160, "num_top_5": 17544, "num_top_10": 21495, "ndcg_sums": [12165.859361711753, 13732.286598265657, 14000.272161364373, 14012.273404415573, 13916.925832645084, 13800.661479688555, 13679.98063239939, 13563.5365572792, 13466.304986525656, 13385.886034479821], "map_sums": [1771.620087954089, 2056.313524584111, 2125.049698594838, 2140.0989140690176, 2131.2318894500663, 2113.0527366191086, 2092.088863863551, 2067.0700574484717, 2045.943366756029, 2024.0541886717633], "mrr_sums": [8160.0, 10172.5, 10957.50000000021, 11388.750000000262, 11644.55000000056, 11814.883333333792, 11940.311904762228, 12033.061904762251, 12108.728571429054, 12171.528571429242], "recall_sums": [8160, 12185, 14540, 16265, 17544, 18566, 19444, 20186, 20867, 21495]}]}