{"data": "items_CSall_1s_5mindoc_5mincont_wPP_3.1_wNP_both.csv", "num_contexts": 1835797, "num_test_set_items": 490018, "models": [{"name": "bow", "num_cur": 480000, "num_top": 53920, "num_top_5": 115952, "num_top_10": 146088, "ndcg_sums": [85410.58607925239, 96551.31126486424, 99217.72249951893, 99771.25910039755, 99598.51568859044, 99173.59097602483, 98605.20708240016, 98114.72298558493, 97617.67103664964, 97179.23669274892], "map_sums": [12456.21085028622, 14380.563536022019, 14887.260715878476, 14973.133134323243, 14909.727354467985, 14774.550672502903, 14620.25038659484, 14462.682467583254, 14292.74321263201, 14133.69941101901], "mrr_sums": [53920.0, 66404.0, 71712.00000000851, 74647.75000000525, 76527.14999998851, 77812.31666665316, 78745.88809521761, 79490.13809521683, 80073.36031743123, 80542.06031743228], "recall_sums": [53920, 78888, 94812, 106555, 115952, 123663, 130198, 136152, 141401, 146088]}, {"name": "np", "num_cur": 480000, "num_top": 22827, "num_top_5": 47562, "num_top_10": 58978, "ndcg_sums": [35332.10744803872, 39092.7141997825, 39467.83786710734, 39050.09053203171, 38506.85475793587, 37906.07418876886, 37325.60951231378, 36803.772972047635, 36344.41319895885, 35931.65587059643], "map_sums": [4740.878058154298, 5495.981387354567, 5725.50323897083, 5792.562633552635, 5800.104125890183, 5792.1904144314, 5767.788094456706, 5737.5964414910895, 5701.3963284831725, 5664.386260202748], "mrr_sums": [22827.0, 27969.5, 30091.16666666395, 31216.416666663812, 31933.21666666551, 32419.21666666677, 32791.50238095441, 33061.25238095437, 33281.80793650826, 33456.907936506715], "recall_sums": [22827, 33112, 39477, 43978, 47562, 50478, 53084, 55242, 57227, 58978]}, {"name": "pp", "num_cur": 480000, "num_top": 25037, "num_top_5": 52831, "num_top_10": 65931, "ndcg_sums": [36448.583643371596, 40544.29067087708, 41122.02636776254, 40843.770142591464, 40416.387792448855, 39956.777243302575, 39485.762557842005, 39053.05059241694, 38671.350235962906, 38338.91505378583], "map_sums": [5252.776690215519, 6092.861827205139, 6337.218963597865, 6420.278734554567, 6437.028742051338, 6428.652986972648, 6404.403186782992, 6372.901979605235, 6333.280793789988, 6300.086650877019], "mrr_sums": [25037.0, 30719.0, 33101.66666666324, 34376.666666663994, 35213.06666666554, 35789.56666666671, 36205.138095239316, 36512.13809523916, 36765.13809523722, 36965.03809523573], "recall_sums": [25037, 36401, 43549, 48649, 52831, 56290, 59199, 61655, 63932, 65931]}, {"name": "pp+bow", "num_cur": 480000, "num_top": 58876, "num_top_5": 123585, "num_top_10": 153742, "ndcg_sums": [91467.15151446623, 102992.3323450613, 105457.74418697963, 105725.13936831776, 105350.6630181675, 104686.11936154605, 103954.06923901931, 103253.15196105996, 102621.08298227866, 102053.93810127037], "map_sums": [13096.58268309673, 15053.972258102596, 15542.765964144912, 15611.039472169974, 15530.495453552785, 15381.556558656172, 15207.24948401208, 15029.746892035426, 14859.133707690811, 14680.008001248641], "mrr_sums": [58876.0, 72146.5, 77673.5000000016, 80679.74999999654, 82592.1499999795, 83886.81666664738, 84825.10238092577, 85555.22738092541, 86137.44960314046, 86611.44960314379], "recall_sums": [58876, 85417, 101998, 114023, 123585, 131353, 137921, 143762, 149002, 153742]}]}