{"data": "items_CSall_1s_5mindoc_5mincont_wPP_3.1_wNP_both.csv", "num_contexts": 1835797, "num_test_set_items": 490018, "models": [{"name": "bow", "num_cur": 80000, "num_top": 10564, "num_top_5": 22296, "num_top_10": 27707, "ndcg_sums": [15954.989514288234, 18037.080136552, 18476.537065628923, 18538.8691525547, 18457.310423247294, 18331.88885241098, 18187.81631753408, 18059.8282832042, 17927.672394969835, 17820.233636371697], "map_sums": [25602.960592725896, 28298.79025106612, 29045.843700742884, 29209.3005340698, 29111.158014590706, 28889.139838218893, 28611.17350915598, 28341.887829847896, 28054.076886187388, 27767.799345818814], "mrr_sums": [10564.0, 12987.5, 13986.166666667188, 14543.916666667237, 14875.516666667816, 15111.35000000086, 15274.492857143536, 15409.367857143541, 15510.590079365924, 15596.990079366167], "recall_sums": [10564, 15411, 18407, 20638, 22296, 23711, 24853, 25932, 26843, 27707]}, {"name": "np", "num_cur": 80000, "num_top": 4633, "num_top_5": 9296, "num_top_10": 11520, "ndcg_sums": [6888.392847121671, 7541.1404174785175, 7553.483496042322, 7464.014979779543, 7356.873016297065, 7236.886209774857, 7132.216513367192, 7029.539972112593, 6938.849040198354, 6852.539738437653], "map_sums": [10892.687957498347, 12091.264250829374, 12511.814119489782, 12676.313871314345, 12726.935545060103, 12707.377687847938, 12669.73749605125, 12617.144968511218, 12542.564975633055, 12475.788517392424], "mrr_sums": [4633.0, 5612.0, 6011.666666666628, 6220.666666666614, 6354.666666666521, 6449.499999999878, 6525.07142857128, 6575.071428571276, 6618.293650793553, 6651.993650793584], "recall_sums": [4633, 6591, 7790, 8626, 9296, 9865, 10394, 10794, 11183, 11520]}, {"name": "pp", "num_cur": 80000, "num_top": 4897, "num_top_5": 10060, "num_top_10": 12622, "ndcg_sums": [6969.310452552931, 7660.206183657018, 7751.668605375239, 7677.046938796247, 7587.71302782566, 7496.067317698083, 7413.372434376213, 7337.629185753179, 7267.07654494331, 7200.994932906457], "map_sums": [10754.257775863576, 12119.174428419328, 12660.743976189224, 12869.985799001503, 12960.939025500194, 12963.715063674827, 12948.611195572985, 12905.964620304145, 12850.959822299408, 12783.664845125419], "mrr_sums": [4897.0, 5946.0, 6394.666666666556, 6629.916666666537, 6785.516666666408, 6891.683333333142, 6973.254761904523, 7035.379761904519, 7086.268650793479, 7126.16865079354], "recall_sums": [4897, 6995, 8341, 9282, 10060, 10697, 11268, 11765, 12223, 12622]}, {"name": "pp+bow", "num_cur": 80000, "num_top": 11397, "num_top_5": 23614, "num_top_10": 28944, "ndcg_sums": [17042.73085514778, 19215.509179913344, 19611.89122255918, 19624.159939665387, 19495.437350134467, 19332.948623786044, 19162.469271496564, 18997.670982339012, 18847.415586931686, 18715.066986888625], "map_sums": [27140.88207190289, 29824.00613635143, 30493.671039904508, 30580.360885716866, 30410.320323865184, 30161.04161493695, 29837.261749855275, 29519.381926721606, 29200.39849100589, 28895.082514098263], "mrr_sums": [11397.0, 13988.0, 15031.000000000678, 15593.250000000731, 15924.650000001304, 16155.150000000984, 16325.435714286481, 16450.935714286497, 16551.935714286657, 16636.13571428689], "recall_sums": [11397, 16579, 19708, 21957, 23614, 24997, 26189, 27193, 28102, 28944]}]}