{"data": "items_CSall_1s_5mindoc_5mincont_wPP_3.1_wNP_both.csv", "num_contexts": 1835797, "num_test_set_items": 490018, "models": [{"name": "bow", "num_cur": 350000, "num_top": 44358, "num_top_5": 94507, "num_top_10": 118613, "ndcg_sums": [67814.49982352977, 76453.2813463725, 78395.53927049004, 78738.99613142105, 78545.52362878916, 78183.95356508163, 77728.4200192164, 77327.24327253937, 76935.83725402078, 76595.00774528497], "map_sums": [111119.79266850662, 120988.58666864013, 123923.05456572815, 124433.40535243106, 123924.33925631018, 123015.7066158879, 121873.20168746669, 120734.0098819482, 119556.43713726196, 118431.79935777912], "mrr_sums": [44358.0, 54533.0, 58793.33333334429, 61167.58333334528, 62671.78333333691, 63702.11666666428, 64456.83095237473, 65051.080952374585, 65514.63650792501, 65886.13650792044], "recall_sums": [44358, 64708, 77489, 86986, 94507, 100689, 105972, 110726, 114898, 118613]}, {"name": "np", "num_cur": 350000, "num_top": 19163, "num_top_5": 39889, "num_top_10": 49176, "ndcg_sums": [28829.50190510536, 31829.64086632038, 32096.54301755525, 31724.650905933322, 31231.59328327039, 30713.453483546487, 30216.14879146168, 29781.129491024763, 29399.137896421427, 29057.629817322475], "map_sums": [46409.06450004511, 50922.21166448208, 52694.17854764686, 53246.39447256165, 53367.828405363085, 53290.68926293196, 53096.600429768, 52874.09504805959, 52575.90110727619, 52273.83696807141], "mrr_sums": [19163.0, 23496.0, 25281.33333333184, 26222.583333331702, 26810.38333333293, 27208.550000000218, 27508.978571429932, 27729.103571429936, 27908.992460317906, 28050.492460317193], "recall_sums": [19163, 27829, 33185, 36950, 39889, 42278, 44381, 46142, 47761, 49176]}, {"name": "pp", "num_cur": 350000, "num_top": 20758, "num_top_5": 43855, "num_top_10": 54675, "ndcg_sums": [29642.46669934478, 32922.8372019818, 33384.37923514207, 33148.4945128474, 32796.91404602182, 32416.277898584256, 32035.758378282902, 31687.907455804972, 31385.08149453846, 31122.8791843174], "map_sums": [46572.70057522126, 51932.47829334016, 54105.46659291472, 54953.743883083385, 55322.4494901473, 55361.9349422113, 55254.126170751704, 55057.329099800954, 54825.29172243373, 54562.87591496798], "mrr_sums": [20758.0, 25489.5, 27465.833333331117, 28522.333333330935, 29218.13333333256, 29691.80000000047, 30036.514285716243, 30289.764285716246, 30499.98650793724, 30664.686507936287], "recall_sums": [20758, 30221, 36150, 40376, 43855, 46697, 49110, 51136, 53028, 54675]}, {"name": "pp+bow", "num_cur": 350000, "num_top": 48557, "num_top_5": 100839, "num_top_10": 124958, "ndcg_sums": [72850.21121951411, 81703.94763120213, 83484.39367344778, 83580.29420998288, 83203.61930675815, 82649.36902656467, 82058.2275619506, 81500.25402220321, 80984.02128775309, 80540.51337915636], "map_sums": [117871.05447948824, 127458.40463339054, 130136.55368062214, 130353.08738528582, 129631.21798573254, 128567.7848893507, 127259.77566384277, 126004.98573833902, 124738.00938822038, 123520.59357436362], "mrr_sums": [48557.0, 59360.5, 63819.83333334638, 66232.8333333454, 67761.83333333395, 68801.66666666108, 69557.23809522785, 70145.98809522748, 70600.65476188883, 70979.55476188663], "recall_sums": [48557, 70164, 83542, 93194, 100839, 107078, 112367, 117077, 121169, 124958]}]}