{"data": "items_CSall_1s_5mindoc_5mincont_wPP_3.1_wNP_both.csv", "num_contexts": 1835797, "num_test_set_items": 490018, "models": [{"name": "bow", "num_cur": 270000, "num_top": 34248, "num_top_5": 73035, "num_top_10": 91445, "ndcg_sums": [51970.54147964607, 58668.423167242836, 60168.74793235079, 60441.406582387215, 60312.54794905969, 60043.82172601219, 59707.562675394955, 59424.505508958486, 59137.5787618802, 58899.18645565694], "map_sums": [77034.0, 89390.0, 92968.2499999735, 93976.00000000242, 93945.41527775257, 93465.49555553072, 92780.58547616606, 92012.24997163874, 91223.25315190604, 90421.77377218768], "mrr_sums": [34248.0, 42151.5, 45416.16666667038, 47258.41666667137, 48421.81666666796, 49201.983333332304, 49779.98333333104, 50236.85833333089, 50590.63611110514, 50875.03611110244], "recall_sums": [34248, 50055, 59849, 67218, 73035, 77716, 81762, 85417, 88601, 91445]}, {"name": "np", "num_cur": 270000, "num_top": 14633, "num_top_5": 30644, "num_top_10": 37804, "ndcg_sums": [22030.85422398661, 24335.37668599163, 24546.229404658403, 24271.710631422327, 23902.729918750025, 23518.61660614998, 23151.355158327944, 22830.399360131803, 22549.81886561686, 22298.44958228338], "map_sums": [32493.0, 37878.5, 39705.41666666696, 40353.9444444446, 40580.56805555386, 40600.42694444223, 40511.31333333218, 40373.05931405765, 40180.38230866979, 39970.88703262291], "mrr_sums": [14633.0, 17983.0, 19363.666666666646, 20089.916666666508, 20542.716666667246, 20852.716666667224, 21084.430952381903, 21253.180952381907, 21392.73650793713, 21499.936507936916], "recall_sums": [14633, 21333, 25475, 28380, 30644, 32504, 34126, 35476, 36732, 37804]}, {"name": "pp", "num_cur": 270000, "num_top": 16202, "num_top_5": 33903, "num_top_10": 42311, "ndcg_sums": [23045.636477531363, 25546.882261083654, 25863.262887070563, 25680.34108987119, 25411.7858361643, 25123.835489838155, 24844.216552195663, 24581.83101290488, 24360.53592748568, 24166.369972128025], "map_sums": [32724.0, 38995.0, 41137.75000000199, 42009.94444444627, 42405.64999999898, 42502.608611109055, 42486.43031745899, 42361.400907027935, 42199.38226898618, 42013.84150651261], "mrr_sums": [16202.0, 19844.5, 21347.833333332837, 22154.833333332655, 22690.433333333698, 23055.43333333415, 23326.004761906257, 23522.12976190626, 23685.12976190572, 23813.92976190529], "recall_sums": [16202, 23487, 27997, 31225, 33903, 36093, 37987, 39556, 41023, 42311]}, {"name": "pp+bow", "num_cur": 270000, "num_top": 37509, "num_top_5": 77770, "num_top_10": 96287, "ndcg_sums": [55914.99385755362, 62758.37698429003, 64132.15502261557, 64182.24979981158, 63894.68368531556, 63481.86758640013, 63047.92662916667, 62648.57880759992, 62278.00614182137, 61965.29712883715], "map_sums": [81945.0, 94296.0, 97686.41666663322, 98510.27777777976, 98333.13888886184, 97747.68166664011, 96938.64111108519, 96086.1068934061, 95206.9448951024, 94340.1049237679], "mrr_sums": [37509.0, 45894.5, 49312.50000000547, 51157.75000000608, 52328.75000000171, 53121.416666665194, 53699.13095237792, 54154.88095237785, 54507.10317459649, 54797.20317459364], "recall_sums": [37509, 54280, 64534, 71915, 77770, 82526, 86570, 90216, 93386, 96287]}]}