{"data": "items_CSall_1s_5mindoc_5mincont_wPP_3.1_wNP_both.csv", "num_contexts": 1835797, "num_test_set_items": 490018, "models": [{"name": "bow", "num_cur": 20000, "num_top": 3518, "num_top_5": 6196, "num_top_10": 7412, "ndcg_sums": [4601.582679167936, 4847.465670644077, 4790.781181391631, 4703.729125996876, 4618.335465955393, 4543.8833916612575, 4480.417461256456, 4432.0514662373835, 4384.456847240974, 4347.610676663519], "map_sums": [6134.0, 7023.0, 7239.999999999866, 7312.277777777726, 7313.631944444268, 7270.441388888777, 7200.638492063378, 7128.981252834378, 7050.5465731292325, 6973.19394998743], "mrr_sums": [3518.0, 4119.5, 4338.166666666661, 4451.666666666653, 4524.666666666639, 4573.66666666664, 4610.380952380932, 4642.8809523809305, 4665.547619047609, 4685.647619047603], "recall_sums": [3518, 4721, 5377, 5831, 6196, 6490, 6747, 7007, 7211, 7412]}, {"name": "np", "num_cur": 20000, "num_top": 1570, "num_top_5": 2856, "num_top_10": 3456, "ndcg_sums": [2052.5588001646674, 2144.471946712999, 2102.2226168355905, 2049.8991955832103, 2002.7466711493466, 1957.369234120967, 1922.6067678971738, 1882.0982961732882, 1850.725186008141, 1820.869690695373], "map_sums": [2735.0, 3170.5, 3314.9166666666815, 3367.194444444463, 3395.137499999996, 3401.868055555541, 3398.7532539682534, 3389.576916099772, 3374.815011337883, 3355.78052752583], "mrr_sums": [1570.0, 1845.5, 1955.4999999999982, 2010.2499999999973, 2047.450000000002, 2075.450000000002, 2095.7357142857136, 2106.7357142857145, 2118.7357142857127, 2128.1357142857114], "recall_sums": [1570, 2121, 2451, 2670, 2856, 3024, 3166, 3254, 3362, 3456]}, {"name": "pp", "num_cur": 20000, "num_top": 2030, "num_top_5": 3174, "num_top_10": 3741, "ndcg_sums": [2453.326260745293, 2466.173754896108, 2382.610219856567, 2313.054869723332, 2247.7460985753874, 2193.3469296070944, 2150.4215909538484, 2110.858180351141, 2079.149468859901, 2047.4712249522943], "map_sums": [3052.0, 3495.0, 3634.3333333333508, 3693.305555555571, 3700.1194444444427, 3699.1302777777655, 3685.3444841269948, 3673.1191383220034, 3644.5770323129523, 3625.724955593358], "mrr_sums": [2030.0, 2270.0, 2364.0000000000064, 2421.750000000007, 2451.9500000000085, 2475.7833333333388, 2493.4976190476273, 2507.3726190476273, 2518.928174603183, 2527.4281746031816], "recall_sums": [2030, 2510, 2792, 3023, 3174, 3317, 3441, 3552, 3656, 3741]}, {"name": "pp+bow", "num_cur": 20000, "num_top": 3796, "num_top_5": 6470, "num_top_10": 7680, "ndcg_sums": [4935.501510088283, 5152.709647019603, 5082.877839746507, 4974.7859414293025, 4877.617498263728, 4798.442944132588, 4727.207673485033, 4662.927613028478, 4618.534564533707, 4575.834289964177], "map_sums": [6547.0, 7406.0, 7616.749999999816, 7650.916666666584, 7642.354166666446, 7591.3602777776305, 7512.66261904747, 7425.232896825283, 7333.571464002247, 7248.8292745338795], "mrr_sums": [3796.0, 4398.0, 4623.9999999999845, 4736.499999999989, 4804.899999999973, 4856.899999999967, 4896.042857142833, 4922.667857142833, 4948.3345238095135, 4966.33452380951], "recall_sums": [3796, 5000, 5678, 6128, 6470, 6782, 7056, 7269, 7500, 7680]}]}