{"data": "items_CSall_1s_5mindoc_5mincont_wPP_3.1_wNP_both.csv", "num_contexts": 1835797, "num_test_set_items": 490018, "models": [{"name": "bow", "num_cur": 260000, "num_top": 33129, "num_top_5": 70443, "num_top_10": 88109, "ndcg_sums": [50125.83931837436, 56540.8501765495, 57950.55162825716, 58179.15509761689, 58042.984543396444, 57768.117704207136, 57435.576689147114, 57153.33071948655, 56870.93476318837, 56634.08748999072], "map_sums": [7691.624439864814, 8862.736586815872, 9166.326420372323, 9218.417953721213, 9174.02773116027, 9087.346199463766, 8998.152435966946, 8899.882093736625, 8798.035079558369, 8698.270881633232], "mrr_sums": [33129.0, 40745.5, 43886.500000002816, 45650.000000003805, 46770.800000001014, 47520.966666665794, 48076.96666666485, 48514.7166666647, 48853.494444439166, 49125.694444436645], "recall_sums": [33129, 48362, 57785, 64839, 70443, 74944, 78836, 82338, 85387, 88109]}, {"name": "np", "num_cur": 260000, "num_top": 14193, "num_top_5": 29522, "num_top_10": 36332, "ndcg_sums": [21231.73106540893, 23396.472236315694, 23572.796489905657, 23295.021771832973, 22925.959170193248, 22548.80027630296, 22189.644072204937, 21875.933317580802, 21601.699242583287, 21357.7688895531], "map_sums": [3004.888723729801, 3470.989552045023, 3610.472884355257, 3646.6668095534988, 3646.4681214515745, 3639.6881373850433, 3626.083511121639, 3605.884748305853, 3583.6100943142264, 3560.2239072564207], "mrr_sums": [14193.0, 17411.0, 18731.666666666864, 19427.166666666726, 19856.96666666738, 20153.633333333928, 20373.91904761991, 20534.044047619915, 20666.044047619693, 20767.944047619556], "recall_sums": [14193, 20629, 24591, 27373, 29522, 31302, 32844, 34125, 35313, 36332]}, {"name": "pp", "num_cur": 260000, "num_top": 15630, "num_top_5": 32607, "num_top_10": 40616, "ndcg_sums": [22179.95906180867, 24578.36945626771, 24850.692122237124, 24656.889924421488, 24389.952368361803, 24105.99027173816, 23829.088648965924, 23573.916078429644, 23357.908035500273, 23168.40415758005], "map_sums": [3349.3472380950243, 3872.5378654918118, 4014.9930546287596, 4064.075893311116, 4073.0325407078244, 4062.5916844975786, 4044.5811078894385, 4022.624767526687, 3998.7183855467265, 3977.89382175774], "mrr_sums": [15630.0, 19150.0, 20583.333333333092, 21354.83333333291, 21865.03333333386, 22212.366666667516, 22468.509523810895, 22656.6345238109, 22812.63452381046, 22934.934523810123], "recall_sums": [15630, 22670, 26970, 30056, 32607, 34691, 36484, 37989, 39393, 40616]}, {"name": "pp+bow", "num_cur": 260000, "num_top": 36246, "num_top_5": 74946, "num_top_10": 92679, "ndcg_sums": [53910.137367349496, 60449.42161928917, 61732.48314561633, 61751.01280011191, 61456.568198114604, 61037.17177501263, 60610.08314464746, 60216.43099628176, 59853.19535932611, 59546.32966983816], "map_sums": [8097.5220242866735, 9286.609643510974, 9575.166284893547, 9617.075448741922, 9560.839232506694, 9464.070707855166, 9357.773113105155, 9246.952129628535, 9143.695434910547, 9032.8987396134], "mrr_sums": [36246.0, 44316.0, 47601.666666671175, 49372.66666667179, 50496.4666666681, 51255.9666666654, 51811.39523809274, 52248.770238092664, 52583.99246031155, 52861.19246030889], "recall_sums": [36246, 52386, 62243, 69327, 74946, 79503, 83391, 86890, 89907, 92679]}]}