{"data": "items_CSall_1s_5mindoc_5mincont_wPP_3.1_wNP_both.csv", "num_contexts": 1835797, "num_test_set_items": 490018, "models": [{"name": "bow", "num_cur": 380000, "num_top": 47123, "num_top_5": 101274, "num_top_10": 127233, "ndcg_sums": [72889.98307442793, 82329.23472273671, 84532.54362623024, 84967.3205978332, 84787.09484557787, 84420.61822187479, 83937.24302101738, 83502.59336201604, 83075.3115604946, 82707.38462231893], "map_sums": [120082.07988305457, 130958.63744593547, 134158.89398878798, 134734.81995524914, 134201.27217708697, 133223.4857797153, 132001.40167758646, 130778.65983822901, 129504.29363606496, 128286.1446103823], "mrr_sums": [47123.0, 58065.0, 62690.33333334695, 65260.58333334794, 66882.58333333553, 67995.41666666183, 68806.55952379949, 69445.0595237987, 69943.05952379212, 70344.45952378925], "recall_sums": [47123, 69007, 82883, 93164, 101274, 107951, 113629, 118737, 123219, 127233]}, {"name": "np", "num_cur": 380000, "num_top": 20281, "num_top_5": 42329, "num_top_10": 52250, "ndcg_sums": [30752.318856796748, 33989.44177784261, 34297.68021779211, 33911.99301979908, 33403.52896071207, 32860.324395145995, 32336.146726904237, 31874.16116828109, 31464.851653254875, 31098.43916218607], "map_sums": [49700.291085117446, 54625.49323031342, 56560.80098424275, 57184.908803722494, 57336.07047698661, 57258.837277150385, 57059.10438503717, 56829.57621020131, 56511.169805274985, 56188.581076812996], "mrr_sums": [20281.0, 24888.5, 26785.16666666477, 27786.91666666463, 28414.116666666003, 28839.78333333349, 29161.64047619201, 29397.390476192013, 29588.501587302042, 29739.301587301194], "recall_sums": [20281, 29496, 35186, 39193, 42329, 44883, 47136, 49022, 50742, 52250]}, {"name": "pp", "num_cur": 380000, "num_top": 22133, "num_top_5": 46662, "num_top_10": 58136, "ndcg_sums": [31741.92621993574, 35283.77291574189, 35770.48565071671, 35512.2155065188, 35132.98318692085, 34728.57005579389, 34317.89478140524, 33944.56996022691, 33615.064429149046, 33329.72036929095], "map_sums": [49938.327692742176, 55773.16231381566, 58131.61009451601, 59066.890846127695, 59468.25169529191, 59527.187961742755, 59414.95062982457, 59213.728891724, 58966.017946768014, 58686.89344588729], "mrr_sums": [22133.0, 27169.0, 29267.999999997337, 30388.499999997155, 31124.099999998925, 31628.433333333724, 31993.71904762115, 32261.844047621154, 32483.955158730863, 32658.655158729765], "recall_sums": [22133, 32205, 38502, 42984, 46662, 49688, 52245, 54390, 56389, 58136]}, {"name": "pp+bow", "num_cur": 380000, "num_top": 51549, "num_top_5": 108053, "num_top_10": 133958, "ndcg_sums": [78221.86813532801, 87937.92530301993, 89967.16481459064, 90151.64485015014, 89777.00506232254, 89195.43723115545, 88565.93015518229, 87967.79277835794, 87409.48556695033, 86926.74312273797], "map_sums": [127261.94553434258, 137852.76577180767, 140792.0188566755, 141063.00638380408, 140307.44382829356, 139168.45058121602, 137774.95179496825, 136415.2125356645, 135049.22825874703, 133741.6567210754], "mrr_sums": [51549.0, 63192.0, 68026.00000001169, 70646.75000000662, 72293.34999999346, 73407.68333332276, 74219.39761903156, 74850.3976190312, 75340.06428569203, 75748.26428569153], "recall_sums": [51549, 74835, 89337, 99820, 108053, 114739, 120421, 125469, 129876, 133958]}]}