{"data": "items_CSall_1s_5mindoc_5mincont_wPP_3.1_wNP_both.csv", "num_contexts": 1835797, "num_test_set_items": 490018, "models": [{"name": "bow", "num_cur": 300000, "num_top": 37912, "num_top_5": 80982, "num_top_10": 101609, "ndcg_sums": [57701.88136943322, 65147.99759617825, 66797.95450414062, 67096.12003427607, 66949.8674277415, 66649.8779072215, 66278.55702564496, 65960.64644024555, 65634.63745214771, 65365.7186689283], "map_sums": [85689.0, 99372.0, 103330.66666662344, 104425.3333333319, 104386.13611107734, 103861.67249996973, 103092.0012301293, 102231.10972787184, 101346.69906601816, 100452.51519666486], "mrr_sums": [37912.0, 46666.0, 50303.000000006425, 52348.000000007414, 53642.2000000021, 54519.69999999836, 55165.84285713896, 55676.092857138814, 56072.203968245776, 56391.40396824257], "recall_sums": [37912, 55420, 66331, 74511, 80982, 86247, 90770, 94852, 98417, 101609]}, {"name": "np", "num_cur": 300000, "num_top": 16275, "num_top_5": 34079, "num_top_10": 42044, "ndcg_sums": [24503.76663010752, 27102.418070978583, 27337.121625982407, 27023.299869143255, 26601.93992143458, 26165.732209425238, 25751.416496645666, 25389.60208913532, 25071.907524263577, 24786.870525147624], "map_sums": [36141.0, 42133.5, 44168.08333333699, 44894.611111113234, 45135.995833331544, 45162.21388888531, 45058.41210317136, 44906.981621312014, 44687.995219665194, 44457.981717364855], "mrr_sums": [16275.0, 20014.0, 21546.33333333276, 22350.083333332623, 22852.883333333542, 23195.21666666709, 23451.93095238204, 23640.930952382045, 23797.042063492583, 23916.742063492187], "recall_sums": [16275, 23753, 28350, 31565, 34079, 36133, 37930, 39442, 40847, 42044]}, {"name": "pp", "num_cur": 300000, "num_top": 17831, "num_top_5": 37535, "num_top_10": 46810, "ndcg_sums": [25409.86555074403, 28225.34286569484, 28585.42090813694, 28386.960494595973, 28089.628438823693, 27765.320696755432, 27446.64243324503, 27159.52573375916, 26908.862319155505, 26691.697959259887], "map_sums": [36128.0, 43124.5, 45525.00000000602, 46495.41666667089, 46941.78055555417, 47052.92138888484, 47028.109801583174, 46897.03375283048, 46718.00824120567, 46511.018213016265], "mrr_sums": [17831.0, 21895.0, 23561.99999999891, 24463.249999998727, 25057.24999999998, 25458.7500000007, 25753.750000001644, 25972.625000001648, 26153.625000000844, 26295.72500000022], "recall_sums": [17831, 25959, 30960, 34565, 37535, 39944, 42009, 43760, 45389, 46810]}, {"name": "pp+bow", "num_cur": 300000, "num_top": 41504, "num_top_5": 86334, "num_top_10": 106966, "ndcg_sums": [62040.70842238334, 69670.05799839034, 71189.14903561577, 71248.6564658351, 70937.52559906093, 70468.88190178291, 69978.64882741171, 69524.97283986268, 69106.20754715215, 68748.65052147752], "map_sums": [91084.0, 104768.0, 108563.08333328267, 109473.22222222055, 109260.20833329778, 108615.77749996781, 107708.64781742904, 106764.74556687176, 105779.68362242245, 104816.73004990043], "mrr_sums": [41504.0, 50808.5, 54615.166666674966, 56670.91666667558, 57986.5166666691, 58871.183333331246, 59516.18333332871, 60022.808333328634, 60413.58611110227, 60737.48611109893], "recall_sums": [41504, 60113, 71533, 79756, 86334, 91642, 96157, 100210, 103727, 106966]}]}