{"data": "items_CSall_1s_5mindoc_5mincont_wPP_3.1_wNP_both.csv", "num_contexts": 1835797, "num_test_set_items": 490018, "models": [{"name": "bow", "num_cur": 490000, "num_top": 55227, "num_top_5": 118641, "num_top_10": 149403, "ndcg_sums": [87292.9287173839, 98662.45097771514, 101362.82244439945, 101915.39635809694, 101739.83328608391, 101298.67401316517, 100716.10121282874, 100212.70799872906, 99699.36584911005, 99250.51007221805], "map_sums": [132641.0, 154172.0, 160478.16666668502, 162283.75000003865, 162296.56944451408, 161511.43888891663, 160346.23103179288, 159062.06400798328, 157680.12273532272, 156297.24137368778], "mrr_sums": [55227.0, 68000.0, 73422.33333334018, 76418.08333333692, 78341.68333331954, 79652.01666665159, 80605.87380950146, 81366.37380950067, 81960.92936504824, 82439.72936504988], "recall_sums": [55227, 80773, 97040, 109023, 118641, 126503, 133180, 139264, 144615, 149403]}, {"name": "np", "num_cur": 490000, "num_top": 23356, "num_top_5": 48738, "num_top_10": 60411, "ndcg_sums": [36128.68940932954, 39977.86230622778, 40367.58981955913, 39940.966363098574, 39390.08849105768, 38776.14676188787, 38179.641969019714, 37643.60802386001, 37173.17466558565, 36751.32296823501], "map_sums": [54192.0, 63472.5, 66688.83333335258, 67849.63888889931, 68293.26388888215, 68353.12888887445, 68220.95936506173, 68025.47880383908, 67701.63917940129, 67357.31206961133], "mrr_sums": [23356.0, 28626.0, 30805.66666666374, 31958.6666666636, 32696.866666665377, 33195.700000000084, 33574.27142857329, 33850.77142857325, 34076.438095238176, 34255.13809523658], "recall_sums": [23356, 33896, 40435, 45047, 48738, 51731, 54381, 56593, 58624, 60411]}, {"name": "pp", "num_cur": 490000, "num_top": 25651, "num_top_5": 54030, "num_top_10": 67442, "ndcg_sums": [37301.17065529654, 41471.270486965244, 42051.81268823911, 41759.26525414065, 41319.566113940935, 40847.90131708127, 40365.15718665674, 39922.28702010117, 39531.723536924444, 39189.75701553951], "map_sums": [53777.0, 64386.0, 68182.50000001956, 69780.44444445524, 70499.93194443482, 70758.68527776212, 70755.73035712217, 70629.22425735056, 70386.00870745866, 70116.98713574624], "mrr_sums": [25651.0, 31455.0, 33889.666666663616, 35189.91666666437, 36043.11666666567, 36632.94999999998, 37057.52142857246, 37372.896428572305, 37632.118650792494, 37836.61865079094], "recall_sums": [25651, 37259, 44563, 49764, 54030, 57569, 60541, 63064, 65397, 67442]}, {"name": "pp+bow", "num_cur": 490000, "num_top": 60350, "num_top_5": 126431, "num_top_10": 157215, "ndcg_sums": [93552.94494608627, 105290.41074603601, 107773.82018956139, 108034.05612350389, 107644.42967845807, 106962.15102756022, 106205.97378391771, 105489.88868120183, 104841.33844214736, 104255.91045856736], "map_sums": [140509.0, 162210.0, 168259.66666671258, 169786.77777782944, 169579.2638889872, 168638.5155556008, 167253.10888895355, 165812.30596944696, 164321.83070160926, 162831.90538336948], "mrr_sums": [60350.0, 73915.5, 79552.16666666667, 82619.16666666161, 84573.56666664396, 85894.73333331262, 86851.44761901931, 87598.44761901895, 88194.11428567824, 88676.41428568205], "recall_sums": [60350, 87481, 104391, 116659, 126431, 134358, 141055, 147031, 152392, 157215]}]}