{"data": "items_CSall_1s_5mindoc_5mincont_wPP_3.1_wNP_both.csv", "num_contexts": 1835797, "num_test_set_items": 490018, "models": [{"name": "bow", "num_cur": 70000, "num_top": 9491, "num_top_5": 19734, "num_top_10": 24351, "ndcg_sums": [13948.766358261113, 15698.28769041597, 15989.383206508022, 15998.242222150833, 15891.278831243339, 15754.264935418067, 15609.790304350252, 15486.568494438918, 15364.917712888244, 15267.922494610359], "map_sums": [1878.2389498419418, 2186.63821187883, 2262.979515857328, 2280.5948142083907, 2272.5501032576617, 2255.2511489392436, 2231.6607484915307, 2209.168419502952, 2183.6360541710137, 2160.8533091564036], "mrr_sums": [9491.0, 11655.5, 12508.500000000256, 12989.750000000306, 13275.750000000719, 13474.583333333898, 13613.726190476616, 13728.726190476622, 13816.392857143424, 13890.492857143623], "recall_sums": [9491, 13820, 16379, 18304, 19734, 20927, 21901, 22821, 23610, 24351]}, {"name": "np", "num_cur": 70000, "num_top": 4161, "num_top_5": 8110, "num_top_10": 10015, "ndcg_sums": [6030.345806989724, 6521.902472941376, 6493.072086534905, 6400.358234113519, 6294.254142823971, 6183.621084216318, 6090.102341004519, 5998.340087929459, 5918.770265207848, 5843.192850994973], "map_sums": [760.3596643641537, 881.1477263126457, 916.3642339142418, 928.9351575983837, 930.6701265447272, 929.9804925049862, 927.309120043503, 924.0962508932884, 919.8731445536635, 915.2242934346482], "mrr_sums": [4161.0, 4999.5, 5334.166666666687, 5512.916666666673, 5623.516666666602, 5704.183333333266, 5769.469047618973, 5811.094047618968, 5848.982936507902, 5877.982936507916], "recall_sums": [4161, 5838, 6842, 7557, 8110, 8594, 9051, 9384, 9725, 10015]}, {"name": "pp", "num_cur": 70000, "num_top": 4584, "num_top_5": 9143, "num_top_10": 11321, "ndcg_sums": [6339.43707733733, 6894.645880939844, 6935.217391629255, 6848.950425250023, 6753.843493128956, 6658.392453921077, 6576.0689494133685, 6501.317921566352, 6433.651079238297, 6372.57145555033], "map_sums": [802.4493701241561, 936.849084196917, 975.8788347818776, 989.2194588682601, 991.0307159903215, 989.5942848632832, 986.3153713650343, 982.3230366616568, 976.4869773411649, 972.5458726283138], "mrr_sums": [4584.0, 5523.0, 5917.999999999938, 6125.999999999919, 6258.799999999811, 6349.29999999985, 6418.871428571252, 6471.6214285712485, 6514.065873015748, 6548.46587301579], "recall_sums": [4584, 6462, 7647, 8479, 9143, 9686, 10173, 10595, 10977, 11321]}, {"name": "pp+bow", "num_cur": 70000, "num_top": 10238, "num_top_5": 20864, "num_top_10": 25395, "ndcg_sums": [14925.240671815887, 16720.775518152102, 16971.240848052457, 16936.20993904802, 16791.531684320424, 16624.457222778456, 16460.305862917077, 16301.856020397987, 16165.703781495988, 16045.880622789704], "map_sums": [1968.3077812330703, 2283.34799515145, 2360.149087856897, 2375.1693650406505, 2363.28664819529, 2340.8213287695917, 2315.3314816960747, 2285.9788800631213, 2261.533476463881, 2236.9474478757625], "mrr_sums": [10238.0, 12527.0, 13416.666666667066, 13903.666666667119, 14189.866666667527, 14385.033333334002, 14531.03333333383, 14637.533333333853, 14723.533333334008, 14794.733333334227], "recall_sums": [10238, 14816, 17485, 19433, 20864, 22035, 23057, 23909, 24683, 25395]}]}