{"data": "items_CSall_1s_5mindoc_5mincont_wPP_3.1_wNP_both.csv", "num_contexts": 1835797, "num_test_set_items": 490018, "models": [{"name": "bow", "num_cur": 170000, "num_top": 21712, "num_top_5": 45531, "num_top_10": 56985, "ndcg_sums": [32747.891942312028, 36825.290770670894, 37713.96762835739, 37860.4639889089, 37736.72685440062, 37563.07659907835, 37350.67138537326, 37180.959392181474, 37013.51144593576, 36870.192914644394], "map_sums": [53409.57282248195, 58214.614237659574, 59604.132201087596, 59866.8822178711, 59662.41193491263, 59226.20351614012, 58690.43317786482, 58181.38035559575, 57635.16218681994, 57106.06080961424], "mrr_sums": [21712.0, 26570.5, 28588.166666664456, 29726.916666664307, 30425.71666666608, 30911.216666667275, 31267.502380954706, 31552.25238095469, 31772.474603175477, 31951.174603174433], "recall_sums": [21712, 31429, 37482, 42037, 45531, 48444, 50938, 53216, 55198, 56985]}, {"name": "np", "num_cur": 170000, "num_top": 9217, "num_top_5": 18850, "num_top_10": 23282, "ndcg_sums": [13737.31260617906, 15057.363268324247, 15146.337720455236, 14983.46711714202, 14770.467000122379, 14541.46396567594, 14325.740831134448, 14143.921030173105, 13980.57011815193, 13831.394691514373], "map_sums": [22116.761519272386, 24208.517716774735, 25043.535025824985, 25340.982727989645, 25432.757442173963, 25396.97677846402, 25325.45732526508, 25237.42323298485, 25105.152172240436, 24978.698594445978], "mrr_sums": [9217.0, 11210.5, 12035.166666666952, 12478.916666666993, 12758.316666667255, 12950.316666667104, 13094.6023809527, 13201.47738095271, 13286.810714286183, 13351.510714286329], "recall_sums": [9217, 13204, 15678, 17453, 18850, 20002, 21012, 21867, 22635, 23282]}, {"name": "pp", "num_cur": 170000, "num_top": 10023, "num_top_5": 20841, "num_top_10": 26013, "ndcg_sums": [14234.309288648827, 15666.869109889332, 15868.034954891044, 15758.37639821039, 15599.79469531383, 15431.311697242303, 15269.336935663738, 15121.666492901366, 14999.470560505593, 14887.045291583001], "map_sums": [22372.14883749275, 24789.124944968316, 25811.12968204219, 26198.23743360717, 26397.839560481505, 26427.65505364916, 26398.27053720392, 26307.320997920175, 26209.52474420157, 26098.49845402415], "mrr_sums": [10023.0, 12207.5, 13147.833333333745, 13645.333333333787, 13972.933333334164, 14192.266666667301, 14359.552380952828, 14482.927380952846, 14584.927380953026, 14662.927380953235], "recall_sums": [10023, 14392, 17213, 19203, 20841, 22157, 23328, 24315, 25233, 26013]}, {"name": "pp+bow", "num_cur": 170000, "num_top": 23573, "num_top_5": 48366, "num_top_10": 59792, "ndcg_sums": [35066.18371516577, 39241.6165926985, 40052.27163005994, 40065.611786904934, 39864.858526252836, 39606.44738903707, 39336.564798896085, 39090.92052242561, 38886.25564907329, 38699.996736601985], "map_sums": [56624.12933473404, 61308.54833421112, 62531.13606796531, 62632.49668185228, 62307.41464980283, 61818.40678297866, 61208.155627248976, 60614.26139961546, 60015.70752829451, 59437.707047545126], "mrr_sums": [23573.0, 28728.5, 30854.166666663965, 31986.91666666376, 32701.716666665634, 33187.383333333564, 33549.81190476371, 33824.811904763636, 34047.367460317495, 34224.56746031629], "recall_sums": [23573, 33884, 40261, 44792, 48366, 51280, 53817, 56017, 58020, 59792]}]}