{"data": "items_CSall_1s_5mindoc_5mincont_wPP_3.1_wNP_both.csv", "num_contexts": 1835797, "num_test_set_items": 490018, "models": [{"name": "bow", "num_cur": 120000, "num_top": 15347, "num_top_5": 32307, "num_top_10": 40367, "ndcg_sums": [23274.219156700157, 26277.137935706625, 26945.253339997835, 27085.91806714201, 26997.409135111917, 26864.984086899494, 26704.008154801937, 26571.022800527957, 26426.583705488694, 26304.605343199324], "map_sums": [34485.0, 40112.0, 41699.666666668505, 42155.9722222242, 42158.39722222101, 41932.00999999863, 41610.77777777799, 41266.31562925088, 40901.41429421465, 40533.10529100119], "mrr_sums": [15347.0, 18820.5, 20246.833333333274, 21068.833333333125, 21558.033333334137, 21901.36666666763, 22148.223809525294, 22350.84880952528, 22503.404365080383, 22631.20436508008], "recall_sums": [15347, 22294, 26573, 29861, 32307, 34367, 36095, 37716, 39089, 40367]}, {"name": "np", "num_cur": 120000, "num_top": 6557, "num_top_5": 13377, "num_top_10": 16572, "ndcg_sums": [9790.765281447486, 10746.109075195434, 10812.116329150253, 10704.72327449896, 10557.63363812655, 10401.14279843558, 10250.915091088606, 10115.905902998267, 9995.831812792203, 9883.071724347521], "map_sums": [14364.0, 16845.5, 17643.833333334165, 17959.555555555704, 18072.829166668078, 18089.79083333434, 18056.143928572255, 18005.95248299382, 17918.289666950735, 17835.2776199931], "mrr_sums": [6557.0, 7970.0, 8562.333333333196, 8871.583333333238, 9067.583333333196, 9206.249999999905, 9311.107142857001, 9386.732142857012, 9449.065476190442, 9495.365476190522], "recall_sums": [6557, 9383, 11160, 12397, 13377, 14209, 14943, 15548, 16109, 16572]}, {"name": "pp", "num_cur": 120000, "num_top": 7038, "num_top_5": 14596, "num_top_10": 18318, "ndcg_sums": [10044.776249267172, 11054.752525751643, 11210.431161251232, 11129.193348325047, 11021.787819713269, 10903.907621200498, 10792.838740182051, 10690.86437454188, 10598.769897794864, 10514.441300337909], "map_sums": [14297.0, 17062.5, 18054.166666667457, 18459.472222222368, 18666.43472222389, 18718.713055556786, 18721.04638889003, 18681.791218821847, 18624.02461734768, 18553.358117284726], "mrr_sums": [7038.0, 8562.5, 9221.833333333234, 9565.333333333276, 9796.733333333303, 9951.900000000007, 10072.61428571419, 10162.614285714208, 10236.169841269892, 10292.569841270022], "recall_sums": [7038, 10087, 12065, 13439, 14596, 15527, 16372, 17092, 17754, 18318]}, {"name": "pp+bow", "num_cur": 120000, "num_top": 16596, "num_top_5": 34274, "num_top_10": 42261, "ndcg_sums": [24871.572762656077, 27976.176264878828, 28606.63333316398, 28646.47017688425, 28504.13800174517, 28319.021498364942, 28110.019222515908, 27920.775310816687, 27751.837286872076, 27596.290285626077], "map_sums": [36575.0, 42227.5, 43741.00000000324, 44099.750000002685, 44016.67638888708, 43755.23638888624, 43387.45420634822, 42981.90255101795, 42573.331309519715, 42175.830808763116], "mrr_sums": [16596.0, 20298.0, 21808.33333333287, 22617.083333332666, 23118.683333333764, 23461.350000000773, 23711.207142858522, 23902.08214285853, 24057.74880952456, 24183.148809524195], "recall_sums": [16596, 24000, 28531, 31766, 34274, 36330, 38079, 39606, 41007, 42261]}]}