{"data": "items_CSall_1s_5mindoc_5mincont_wPP_3.1_wNP_both.csv", "num_contexts": 1835797, "num_test_set_items": 490018, "models": [{"name": "bow", "num_cur": 280000, "num_top": 35427, "num_top_5": 75523, "num_top_10": 94619, "ndcg_sums": [53745.59479589606, 60658.771633422715, 62197.36817283187, 62478.592274997776, 62346.55111670204, 62065.35824513476, 61721.4556734358, 61432.09010524103, 61133.81471767358, 60884.976898271845], "map_sums": [8248.662699295846, 9504.123539624974, 9828.450701649663, 9883.95066465122, 9837.403540305106, 9746.451483670618, 9650.019794045742, 9543.769299724187, 9433.461036760378, 9326.165460220118], "mrr_sums": [35427.0, 43591.0, 46963.66666667117, 48870.16666667216, 50074.966666668144, 50883.13333333208, 51484.276190473334, 51959.27619047319, 52325.720634913916, 52619.82063491108], "recall_sums": [35427, 51755, 61873, 69499, 75523, 80372, 84580, 88380, 91678, 94619]}, {"name": "np", "num_cur": 280000, "num_top": 15075, "num_top_5": 31546, "num_top_10": 38959, "ndcg_sums": [22682.032072985145, 25057.476007599762, 25268.437375701265, 24984.0601837981, 24601.976700482694, 24208.37634923174, 23831.480770496473, 23504.31135511805, 23215.345519490667, 22957.135084231773], "map_sums": [3216.4410463147274, 3718.223301086971, 3867.518428957347, 3906.4206234042745, 3906.563404856785, 3900.2539500847483, 3885.337954983959, 3864.7394264510667, 3841.233773113524, 3817.446656944771], "mrr_sums": [15075.0, 18524.5, 19944.166666666504, 20689.916666666366, 21155.91666666715, 21475.583333333867, 21714.869047620057, 21891.36904762006, 22035.591269841883, 22146.591269841614], "recall_sums": [15075, 21974, 26233, 29216, 31546, 33464, 35139, 36551, 37849, 38959]}, {"name": "pp", "num_cur": 280000, "num_top": 16675, "num_top_5": 34937, "num_top_10": 43599, "ndcg_sums": [23718.701628157683, 26300.07434808245, 26626.723235197907, 26437.87536562749, 26161.67370007671, 25865.53568901452, 25577.44522373792, 25307.480254756996, 25079.573864293096, 24880.412226841967], "map_sums": [3600.7931550427525, 4159.752063123351, 4311.918964967449, 4364.4280887707455, 4373.730153762892, 4362.7240411346165, 4343.800015638261, 4320.052839781451, 4294.100406219605, 4271.134046313014], "mrr_sums": [16675.0, 20432.5, 21984.166666665995, 22816.416666665813, 23369.016666666917, 23745.183333334116, 24023.611904763453, 24225.861904763457, 24393.528571429513, 24526.428571429024], "recall_sums": [16675, 24190, 28845, 32174, 34937, 37194, 39143, 40761, 42270, 43599]}, {"name": "pp+bow", "num_cur": 280000, "num_top": 38751, "num_top_5": 80418, "num_top_10": 99588, "ndcg_sums": [57779.142628232905, 64862.5069464979, 66275.32515417294, 66326.29035849951, 66034.50777495664, 65604.60360469027, 65159.643007541854, 64749.10993243312, 64362.99153312755, 64036.02942082903], "map_sums": [8685.539747010847, 9961.80929421041, 10271.142683518532, 10313.438118623677, 10252.638406116926, 10148.421548254508, 10038.087903370024, 9920.320871230471, 9807.754926401061, 9689.225527308], "mrr_sums": [38751.0, 47425.5, 50959.500000006316, 52867.25000000693, 54084.250000001884, 54904.7499999983, 55504.32142856785, 55978.196428567775, 56340.7519841196, 56640.35198411661], "recall_sums": [38751, 56100, 66702, 74333, 80418, 85341, 89538, 93329, 96592, 99588]}]}