{"data": "items_CSall_1s_5mindoc_5mincont_wPP_3.1_wNP_both.csv", "num_contexts": 1835797, "num_test_set_items": 490018, "models": [{"name": "bow", "num_cur": 30000, "num_top": 4496, "num_top_5": 8398, "num_top_10": 10254, "ndcg_sums": [6060.484625083376, 6520.773758354857, 6519.234747625662, 6454.374635174072, 6374.189856754186, 6300.130039492891, 6236.2421105061785, 6186.324853049551, 6139.995015412534, 6105.212397790757], "map_sums": [906.0451989358422, 1057.8115604485702, 1094.4357468009491, 1105.0436958740588, 1102.5666771104763, 1096.3012623027048, 1087.0820196551458, 1077.6942642082138, 1064.4487936738144, 1053.3736736646515], "mrr_sums": [4496.0, 5336.5, 5664.1666666665615, 5839.416666666554, 5946.816666666508, 6020.983333333222, 6077.840476190335, 6125.840476190333, 6161.1738095237015, 6192.2738095237355], "recall_sums": [4496, 6177, 7160, 7861, 8398, 8843, 9241, 9625, 9943, 10254]}, {"name": "np", "num_cur": 30000, "num_top": 2037, "num_top_5": 3817, "num_top_10": 4588, "ndcg_sums": [2730.807716974836, 2900.4922841935722, 2864.137768904487, 2805.7729386156743, 2751.847323107224, 2694.7246319758815, 2650.315663389267, 2601.785878985841, 2563.6521014452674, 2527.8629415218284], "map_sums": [379.2905971875139, 441.39624489396493, 461.43946068653247, 467.7492404824504, 469.0601246942388, 469.32265775300357, 468.97752049979914, 467.98599073422537, 465.6651586539799, 463.6795629458939], "mrr_sums": [2037.0, 2421.5, 2575.5000000000146, 2651.000000000016, 2700.4000000000115, 2735.7333333333377, 2762.5904761904867, 2777.4654761904876, 2792.1321428571573, 2804.1321428571537], "recall_sums": [2037, 2806, 3268, 3570, 3817, 4029, 4217, 4336, 4468, 4588]}, {"name": "pp", "num_cur": 30000, "num_top": 2478, "num_top_5": 4116, "num_top_10": 4941, "ndcg_sums": [3115.4746724920715, 3186.2361642765277, 3116.9939018212817, 3045.6250148618105, 2976.566095217132, 2919.936600567344, 2874.9499214628386, 2832.946916397009, 2797.6075635248226, 2763.6840550617785], "map_sums": [415.01427876204815, 481.4032018248652, 500.71027006157857, 507.23743314692075, 508.2191701664822, 507.5683337313792, 505.2915560187936, 503.5858916338392, 499.4459669288132, 498.0383958825371], "mrr_sums": [2478.0, 2815.0, 2955.0000000000273, 3037.0000000000277, 3080.2000000000176, 3115.033333333338, 3142.0333333333533, 3162.0333333333533, 3177.477777777805, 3190.2777777777997], "recall_sums": [2478, 3152, 3572, 3900, 4116, 4325, 4514, 4674, 4813, 4941]}, {"name": "pp+bow", "num_cur": 30000, "num_top": 4830, "num_top_5": 8818, "num_top_10": 10660, "ndcg_sums": [6508.807568298364, 6952.393746215424, 6927.677046569384, 6838.548043868886, 6741.627421390712, 6658.669996322306, 6583.790984274488, 6515.980198588007, 6472.386679416931, 6432.294058747089], "map_sums": [957.6469159049698, 1108.8494750576363, 1148.536443733227, 1155.4772957033629, 1149.7328194697989, 1141.3461305884089, 1131.2599095777061, 1116.7839073643315, 1104.293245575662, 1092.1380978708864], "mrr_sums": [4830.0, 5703.5, 6037.833333333219, 6213.833333333224, 6320.633333333173, 6396.799999999877, 6454.514285714138, 6496.264285714138, 6534.153174603063, 6564.753174603105], "recall_sums": [4830, 6577, 7580, 8284, 8818, 9275, 9679, 10013, 10354, 10660]}]}