{"data": "items_CSall_1s_5mindoc_5mincont_wPP_3.1_wNP_both.csv", "num_contexts": 1835797, "num_test_set_items": 490018, "models": [{"name": "bow", "num_cur": 250000, "num_top": 31811, "num_top_5": 67678, "num_top_10": 84641, "ndcg_sums": [48144.68340502048, 54323.824962956845, 55679.77950954182, 55895.6904601316, 55769.445212638864, 55507.172131987434, 55188.060549160386, 54916.14382156031, 54648.31787577452, 54422.56146702138], "map_sums": [78587.35813068462, 85702.88861022877, 87816.3316038032, 88202.07251369578, 87887.63273038091, 87244.30537599848, 86470.07313645413, 85678.60753172441, 84871.58364517431, 84078.08549426089], "mrr_sums": [31811.0, 39135.0, 42146.00000000187, 43839.50000000286, 44921.90000000063, 45641.23333333252, 46175.2333333319, 46594.48333333175, 46920.2611111064, 47182.56111110403], "recall_sums": [31811, 46459, 55492, 62266, 67678, 71994, 75732, 79086, 82018, 84641]}, {"name": "np", "num_cur": 250000, "num_top": 13617, "num_top_5": 28358, "num_top_10": 34882, "ndcg_sums": [20404.71764661069, 22483.59186014419, 22655.243820718188, 22393.0617966992, 22037.198281639216, 21675.217871864144, 21329.198717624844, 21029.252066022305, 20768.098105672605, 20532.04291269976], "map_sums": [32877.30047117069, 35988.69083878163, 37236.87974902152, 37640.0890246406, 37742.034824634284, 37696.38055518118, 37567.24619629965, 37410.82607311906, 37204.62548581652, 36995.068843564106], "mrr_sums": [13617.0, 16702.5, 17975.50000000037, 18648.500000000233, 19060.30000000082, 19344.633333333946, 19554.347619048385, 19708.34761904839, 19836.236507937116, 19932.936507937055], "recall_sums": [13617, 19788, 23607, 26299, 28358, 30064, 31532, 32764, 33915, 34882]}, {"name": "pp", "num_cur": 250000, "num_top": 15043, "num_top_5": 31399, "num_top_10": 39117, "ndcg_sums": [21336.560866699576, 23639.539306258484, 23908.553351697512, 23722.947663797724, 23466.650199309643, 23197.70503027649, 22929.89231251835, 22685.492682424505, 22480.72803196474, 22297.323537151362], "map_sums": [33423.754619681975, 37125.820199988884, 38587.89910047983, 39169.25792596723, 39431.50350946187, 39449.27952870535, 39390.28617511985, 39244.55131475124, 39079.1925769902, 38889.375554156606], "mrr_sums": [15043.0, 18428.5, 19814.1666666666, 20557.166666666417, 21048.366666667298, 21384.86666666754, 21629.580952382224, 21811.205952382228, 21962.872619048518, 22079.672619048262], "recall_sums": [15043, 21814, 25971, 28943, 31399, 33418, 35131, 36584, 37949, 39117]}, {"name": "pp+bow", "num_cur": 250000, "num_top": 34829, "num_top_5": 72009, "num_top_10": 89019, "ndcg_sums": [51809.6849894395, 58095.77764136925, 59331.38681071246, 59343.2520874394, 59062.68233300853, 58662.24849951898, 58243.10601408146, 57864.00081461792, 57519.20442077946, 57225.76205362014], "map_sums": [83553.00443835666, 90416.39777374496, 92281.0529666237, 92456.5097192122, 91975.8921979552, 91234.45904543118, 90332.9393453929, 89442.48685498889, 88547.21493248247, 87684.79678923708], "mrr_sums": [34829.0, 42584.0, 45735.00000000353, 47431.75000000414, 48517.750000001004, 49250.08333333203, 49778.94047618833, 50198.315476188254, 50520.98214285177, 50786.48214284928], "recall_sums": [34829, 50339, 59792, 66579, 72009, 76403, 80105, 83460, 86364, 89019]}]}