{"data": "items_CSall_1s_5mindoc_5mincont_wPP_3.1_wNP_both.csv", "num_contexts": 1835797, "num_test_set_items": 490018, "models": [{"name": "bow", "num_cur": 280000, "num_top": 35427, "num_top_5": 75523, "num_top_10": 94619, "ndcg_sums": [53745.59479589606, 60658.771633422715, 62197.36817283187, 62478.592274997776, 62346.55111670204, 62065.35824513476, 61721.4556734358, 61432.09010524103, 61133.81471767358, 60884.976898271845], "map_sums": [87900.66269929585, 95791.01837830986, 98155.43317198049, 98606.67600451878, 98249.21561220034, 97552.306214025, 96685.24278956401, 95797.61783299998, 94889.33649513366, 94009.73626020028], "mrr_sums": [35427.0, 43591.0, 46963.66666667117, 48870.16666667216, 50074.966666668144, 50883.13333333208, 51484.276190473334, 51959.27619047319, 52325.720634913916, 52619.82063491108], "recall_sums": [35427, 51755, 61873, 69499, 75523, 80372, 84580, 88380, 91678, 94619]}, {"name": "np", "num_cur": 280000, "num_top": 15075, "num_top_5": 31546, "num_top_10": 38959, "ndcg_sums": [22682.032072985145, 25057.476007599762, 25268.437375701265, 24984.0601837981, 24601.976700482694, 24208.37634923174, 23831.480770496473, 23504.31135511805, 23215.345519490667, 22957.135084231773], "map_sums": [36656.441046312975, 40165.76636268814, 41564.31259773191, 42006.63518844616, 42124.10968054274, 42080.08513434826, 41940.43593124494, 41771.00678346049, 41546.92327421224, 41320.55803225749], "mrr_sums": [15075.0, 18524.5, 19944.166666666504, 20689.916666666366, 21155.91666666715, 21475.583333333867, 21714.869047620057, 21891.36904762006, 22035.591269841883, 22146.591269841614], "recall_sums": [15075, 21974, 26233, 29216, 31546, 33464, 35139, 36551, 37849, 38959]}, {"name": "pp", "num_cur": 280000, "num_top": 16675, "num_top_5": 34937, "num_top_10": 43599, "ndcg_sums": [23718.701628157683, 26300.07434808245, 26626.723235197907, 26437.87536562749, 26161.67370007671, 25865.53568901452, 25577.44522373792, 25307.480254756996, 25079.573864293096, 24880.412226841967], "map_sums": [37280.79315504112, 41418.14919543319, 43074.550060281224, 43736.8118218395, 44030.47251161383, 44055.288804375254, 43985.35936754982, 43819.447191511055, 43633.68855145855, 43419.99384855959], "mrr_sums": [16675.0, 20432.5, 21984.166666665995, 22816.416666665813, 23369.016666666917, 23745.183333334116, 24023.611904763453, 24225.861904763457, 24393.528571429513, 24526.428571429024], "recall_sums": [16675, 24190, 28845, 32174, 34937, 37194, 39143, 40761, 42270, 43599]}, {"name": "pp+bow", "num_cur": 280000, "num_top": 38751, "num_top_5": 80418, "num_top_10": 99588, "ndcg_sums": [57779.142628232905, 64862.5069464979, 66275.32515417294, 66326.29035849951, 66034.50777495664, 65604.60360469027, 65159.643007541854, 64749.10993243312, 64362.99153312755, 64036.02942082903], "map_sums": [93374.53974701097, 101021.30342845827, 103135.51414499519, 103351.93858408665, 102819.09146441388, 101999.52380820621, 101000.87614198627, 100013.97136821822, 99015.93944910023, 98067.72069509559], "mrr_sums": [38751.0, 47425.5, 50959.500000006316, 52867.25000000693, 54084.250000001884, 54904.7499999983, 55504.32142856785, 55978.196428567775, 56340.7519841196, 56640.35198411661], "recall_sums": [38751, 56100, 66702, 74333, 80418, 85341, 89538, 93329, 96592, 99588]}]}