{"data": "items_CSall_1s_5mindoc_5mincont_wPP_3.1_wNP_both.csv", "num_contexts": 1835797, "num_test_set_items": 490018, "models": [{"name": "bow", "num_cur": 330000, "num_top": 41970, "num_top_5": 89258, "num_top_10": 112015, "ndcg_sums": [63821.00805578483, 71915.23818614997, 73733.03662521119, 74044.43275106333, 73860.25962820018, 73514.66618452939, 73090.79303971906, 72722.49202051372, 72368.57288087992, 72062.33984961952], "map_sums": [9675.785688811526, 11136.180275815635, 11512.390715253186, 11572.060882340114, 11512.11625017465, 11408.136403504108, 11289.931407200695, 11165.930772720525, 11035.164519565307, 10911.317038691042], "mrr_sums": [41970.0, 51584.0, 55594.333333342474, 57831.333333343464, 59247.533333336374, 60215.53333333132, 60926.819047613826, 61487.06904761368, 61926.846825386674, 62279.84682538298], "recall_sums": [41970, 61198, 73229, 82177, 89258, 95066, 100045, 104527, 108485, 112015]}, {"name": "np", "num_cur": 330000, "num_top": 18017, "num_top_5": 37630, "num_top_10": 46423, "ndcg_sums": [27131.355226461706, 29978.31980744641, 30239.456883191768, 29898.966029450286, 29436.734711469373, 28955.328388198126, 28496.1579907422, 28095.060212148965, 27743.702031847137, 27426.757481945187], "map_sums": [3734.763664409095, 4322.016607584411, 4495.794578705546, 4544.671754358923, 4546.41247191441, 4538.05901410876, 4519.640162689554, 4495.25085591371, 4467.089432186884, 4439.444713320781], "mrr_sums": [18017.0, 22120.5, 23807.833333332197, 24699.08333333206, 25254.88333333317, 25631.216666666965, 25916.3595238108, 26125.484523810803, 26296.706746032232, 26429.20674603165], "recall_sums": [18017, 26224, 31286, 34851, 37630, 39888, 41884, 43557, 45098, 46423]}, {"name": "pp", "num_cur": 330000, "num_top": 19743, "num_top_5": 41588, "num_top_10": 51863, "ndcg_sums": [28111.356600627605, 31204.7448317454, 31618.920582889004, 31394.840174903286, 31064.67043221537, 30706.23656932049, 30348.68414955264, 30023.869343327264, 29741.357622545453, 29498.89881023144], "map_sums": [4178.248245458901, 4836.533870755633, 5020.441580736582, 5083.028830085257, 5093.48850730409, 5081.981755980459, 5059.633946832028, 5032.077556075363, 5000.59004413555, 4974.570727412692], "mrr_sums": [19743.0, 24224.0, 26082.99999999821, 27083.24999999803, 27744.249999999527, 28193.25000000059, 28519.67857143045, 28762.053571430453, 28960.38690476273, 29117.586904761887], "recall_sums": [19743, 28705, 34282, 38283, 41588, 44282, 46567, 48506, 50291, 51863]}, {"name": "pp+bow", "num_cur": 330000, "num_top": 45966, "num_top_5": 95206, "num_top_10": 118015, "ndcg_sums": [68611.05545484509, 76916.67371499962, 78565.49549680122, 78629.14682095534, 78268.80770229147, 77743.82518401406, 77198.23362490787, 76680.52915876778, 76211.81067448203, 75807.03104546534], "map_sums": [10185.3919239041, 11667.502786649027, 12031.12536707672, 12073.410406958916, 11999.594718569551, 11879.3956693188, 11746.394502953483, 11609.976114960422, 11477.096518006472, 11339.765646427702], "mrr_sums": [45966.0, 56176.5, 60363.16666667773, 62629.91666667834, 64068.31666667008, 65047.316666664185, 65763.0309523748, 66320.15595237444, 66751.82261903612, 67110.12261903271], "recall_sums": [45966, 66387, 78947, 88014, 95206, 101080, 106090, 110547, 114432, 118015]}]}