{"data": "items_CSall_1s_5mindoc_5mincont_wPP_3.1_wNP_both.csv", "num_contexts": 1835797, "num_test_set_items": 490018, "models": [{"name": "bow", "num_cur": 450000, "num_top": 52130, "num_top_5": 112217, "num_top_10": 141343, "ndcg_sums": [82030.8344268775, 92689.22360541845, 95229.19002109568, 95739.34826759192, 95557.41314369242, 95136.22357185773, 94586.48127410482, 94103.59173241706, 93621.96814419622, 93200.54063255468], "map_sums": [136260.8571644888, 149180.16338032542, 153094.0810566237, 153886.25019928688, 153387.84559747684, 152321.57612017728, 150978.64449239313, 149642.3434271535, 148213.7744244667, 146829.87337560204], "mrr_sums": [52130.0, 64221.5, 69358.500000011, 72207.00000000774, 74026.79999999187, 75268.96666665527, 76174.25238093441, 76892.75238093363, 77454.97460314834, 77907.77460314846], "recall_sums": [52130, 76313, 91724, 103118, 112217, 119670, 126007, 131755, 136815, 141343]}, {"name": "np", "num_cur": 450000, "num_top": 22043, "num_top_5": 45975, "num_top_10": 56884, "ndcg_sums": [33897.377941555926, 37508.34573519487, 37863.07201615911, 37442.67323638365, 36899.93556635483, 36308.23945699244, 35738.138240109794, 35228.66532695044, 34780.22087122675, 34378.997554199734], "map_sums": [55209.765928989924, 60935.70893845678, 63198.72495640079, 63943.07226797658, 64169.093789721745, 64106.14880296682, 63911.545455303945, 63677.49855840465, 63331.93295310307, 62986.32553453136], "mrr_sums": [22043.0, 27040.0, 29098.333333330847, 30180.58333333071, 30867.3833333323, 31334.050000000083, 31687.0500000018, 31946.050000001804, 32157.38333333376, 32323.783333332685], "recall_sums": [22043, 32037, 38212, 42541, 45975, 48775, 51246, 53318, 55220, 56884]}, {"name": "pp", "num_cur": 450000, "num_top": 24090, "num_top_5": 50859, "num_top_10": 63448, "ndcg_sums": [34958.549663104925, 38893.43363842948, 39443.74342265615, 39168.81919700941, 38752.18914115025, 38308.900317211745, 37850.917532422136, 37435.17257626662, 37067.07446176493, 36747.60802705206], "map_sums": [55373.885498666474, 62063.158895759494, 64788.11285273038, 65919.88972100095, 66409.35674552212, 66527.62631953921, 66443.26068523177, 66261.78976338984, 66005.41210978247, 65723.76224184893], "mrr_sums": [24090.0, 29582.5, 31877.833333329956, 33097.583333330025, 33901.38333333204, 34453.21666666691, 34852.502380954036, 35148.25238095388, 35391.585714285415, 35584.28571428403], "recall_sums": [24090, 35075, 41961, 46840, 50859, 54170, 56965, 59331, 61521, 63448]}, {"name": "pp+bow", "num_cur": 450000, "num_top": 56882, "num_top_5": 119514, "num_top_10": 148647, "ndcg_sums": [87824.16732267247, 98849.20372777447, 101193.77965704647, 101426.13775908406, 101045.11268542886, 100398.68106726544, 99687.57188103849, 99009.4558286661, 98391.17536060563, 97847.46409455872], "map_sums": [144136.32866709746, 156877.8117674086, 160491.45390730104, 160947.64080508534, 160221.01767852425, 158979.59656614286, 157435.945938428, 155927.55465607767, 154398.40002252368, 152918.2559354129], "mrr_sums": [56882.0, 69746.5, 75089.16666667095, 77996.91666666589, 79845.71666664978, 81100.21666664982, 82006.35952378582, 82711.60952378546, 83270.2761904453, 83729.57619044777], "recall_sums": [56882, 82611, 98639, 110270, 119514, 127041, 133384, 139026, 144054, 148647]}]}