{"data": "items_CSall_1s_5mindoc_5mincont_wPP_3.1_wNP_both.csv", "num_contexts": 1835797, "num_test_set_items": 490018, "models": [{"name": "bow", "num_cur": 360000, "num_top": 45006, "num_top_5": 96858, "num_top_10": 121672, "ndcg_sums": [69435.48748153618, 78448.52205536899, 80538.83143151444, 80957.39515601224, 80786.82041778853, 80434.47033096115, 79973.52159045619, 79563.09082765634, 79158.27499263127, 78809.14207414567], "map_sums": [10317.830881587184, 11875.83642637849, 12276.7805873704, 12340.31517703331, 12279.461057589482, 12166.32235607852, 12040.476854652163, 11908.905667909723, 11769.096880776506, 11636.735877093366], "mrr_sums": [45006.0, 55482.0, 59900.33333334544, 62368.33333334643, 63922.93333333733, 64989.93333333083, 65764.93333332648, 66375.4333333257, 66851.21111109722, 67233.31111109322], "recall_sums": [45006, 65958, 79213, 89085, 96858, 103260, 108685, 113569, 117851, 121672]}, {"name": "np", "num_cur": 360000, "num_top": 19457, "num_top_5": 40588, "num_top_10": 50095, "ndcg_sums": [29450.730619380294, 32547.40693229479, 32839.17495081852, 32470.564174288855, 31978.32508586508, 31456.94434537137, 30952.84572406496, 30509.684567375945, 30118.82532482749, 29770.454315238527], "map_sums": [3967.975245856398, 4592.402349151958, 4780.482201427887, 4833.910088277302, 4835.807312307215, 4827.541404980095, 4807.422400858592, 4781.466999560025, 4751.041794007765, 4720.685082290502], "mrr_sums": [19457.0, 23866.5, 25687.83333333171, 26648.33333333157, 27249.53333333285, 27658.033333333544, 27965.89047619191, 28190.640476191915, 28374.307142857608, 28519.307142856844], "recall_sums": [19457, 28276, 33740, 37582, 40588, 43039, 45194, 46992, 48645, 50095]}, {"name": "pp", "num_cur": 360000, "num_top": 21061, "num_top_5": 44711, "num_top_10": 55787, "ndcg_sums": [30270.624345807846, 33674.03231283511, 34164.65382412938, 33933.48340777994, 33578.139798294265, 33195.196641427305, 32809.44552310726, 32455.3980029388, 32148.89113526817, 31880.84072579349], "map_sums": [4441.723500584155, 5139.713555601763, 5336.065661078833, 5402.267309442524, 5414.358792004589, 5402.220763137238, 5379.352853074051, 5350.975403148485, 5317.674118564838, 5290.186398435744], "mrr_sums": [21061.0, 25908.5, 27933.166666664274, 29015.166666664092, 29725.76666666577, 30211.766666667103, 30564.766666668682, 30823.641666668686, 31039.086111111825, 31206.986111110826], "recall_sums": [21061, 30756, 36830, 41158, 44711, 47627, 50098, 52169, 54108, 55787]}, {"name": "pp+bow", "num_cur": 360000, "num_top": 49268, "num_top_5": 103371, "num_top_10": 128138, "ndcg_sums": [74572.30652525854, 83831.10871770405, 85749.7974678911, 85916.1484193419, 85566.60293013841, 85012.59036301318, 84410.99868564092, 83840.33943870492, 83310.7896605961, 82851.96646115686], "map_sums": [10865.658617869693, 12442.41768204635, 12829.970202875991, 12876.52252958023, 12803.018839123883, 12674.080171786125, 12531.814390160363, 12387.27567940827, 12246.312611899593, 12098.666050072397], "mrr_sums": [49268.0, 60408.5, 65026.83333334754, 67537.3333333431, 69122.33333333083, 70191.49999999214, 70967.35714284432, 71569.73214284396, 72037.95436506066, 72426.75436505904], "recall_sums": [49268, 71549, 85404, 95446, 103371, 109786, 115217, 120036, 124250, 128138]}]}