{"data": "items_CSall_1s_5mindoc_5mincont_wPP_3.1_wNP_both.csv", "num_contexts": 1835797, "num_test_set_items": 490018, "models": [{"name": "bow", "num_cur": 400000, "num_top": 49043, "num_top_5": 105619, "num_top_10": 132795, "ndcg_sums": [76121.79742645276, 86004.82726127707, 88311.79741733131, 88752.59331705225, 88567.44483239925, 88172.54964458095, 87661.2300614684, 87195.64180767746, 86741.75552185849, 86348.60111369686], "map_sums": [125563.58953076972, 137075.53387436052, 140463.96225695085, 141091.80718969018, 140550.7392266576, 139533.15063367254, 138259.99903667785, 136994.04166915634, 135661.08327467585, 134379.37248891953], "mrr_sums": [49043.0, 60469.5, 65298.83333334843, 67975.08333334555, 69681.08333333133, 70843.08333332573, 71692.51190474855, 72361.13690474776, 72883.24801585195, 73304.24801585021], "recall_sums": [49043, 71896, 86384, 97089, 105619, 112591, 118537, 123886, 128585, 132795]}, {"name": "np", "num_cur": 400000, "num_top": 21056, "num_top_5": 44001, "num_top_10": 54359, "ndcg_sums": [32031.002548642722, 35413.54434621533, 35737.361283887614, 35335.808272198825, 34806.240169426565, 34239.93155728943, 33694.797470455735, 33209.10632096179, 32780.73815166311, 32398.689192258746], "map_sums": [51832.43502850745, 57050.925411677774, 59095.86813131341, 59762.755666883604, 59930.17323913956, 59844.86407206221, 59639.30416583817, 59405.43416653412, 59071.740367430946, 58732.07715881658], "mrr_sums": [21056.0, 25854.5, 27831.49999999781, 28869.74999999767, 29522.549999999137, 29967.38333333343, 30304.240476192113, 30548.740476192117, 30748.07380952425, 30906.173809523294], "recall_sums": [21056, 30653, 36584, 40737, 44001, 46670, 49028, 50984, 52778, 54359]}, {"name": "pp", "num_cur": 400000, "num_top": 23006, "num_top_5": 48571, "num_top_10": 60513, "ndcg_sums": [33038.66669424288, 36727.22533201819, 37238.74716129344, 36963.84240494699, 36561.01846004187, 36136.977411846325, 35701.84388077473, 35305.184912862234, 34955.43805786382, 34652.89030673205], "map_sums": [51996.3973099496, 58126.07016573429, 60602.75888709836, 61593.373542431, 62013.08469915391, 62081.2402084539, 61971.29383713656, 61767.173590580474, 61510.07996964696, 61223.54691183231], "mrr_sums": [23006.0, 28250.0, 30444.333333330324, 31610.83333333014, 32376.43333333202, 32904.43333333374, 33284.14761904973, 33563.397619049574, 33792.6198412702, 33974.51984126897], "recall_sums": [23006, 33494, 40077, 44743, 48571, 51739, 54397, 56631, 58694, 60513]}, {"name": "pp+bow", "num_cur": 400000, "num_top": 53646, "num_top_5": 112664, "num_top_10": 139795, "ndcg_sums": [81661.74850453057, 91843.87478782905, 93971.62563306135, 94155.94434001241, 93765.54333416476, 93147.07573849823, 92477.7120589913, 91839.50425934212, 91250.07136728281, 90740.67986845598], "map_sums": [133015.08271118492, 144245.85170548252, 147377.87704052925, 147694.5534179286, 146921.27045063916, 145730.69746012785, 144281.3769536556, 142866.6694957697, 141433.9798189965, 140060.17015115893], "mrr_sums": [53646.0, 65810.5, 70851.16666667534, 73581.91666667028, 75310.71666665592, 76479.04999998679, 77325.62142855223, 77984.74642855187, 78499.96865076789, 78928.46865076857], "recall_sums": [53646, 77975, 93097, 104020, 112664, 119674, 125600, 130873, 135510, 139795]}]}