{"data": "items_CSall_1s_5mindoc_5mincont_wPP_3.1_wNP_both.csv", "num_contexts": 1835797, "num_test_set_items": 490018, "models": [{"name": "bow", "num_cur": 130000, "num_top": 16683, "num_top_5": 34955, "num_top_10": 43682, "ndcg_sums": [25150.353642034985, 28330.35557509894, 29022.323777532907, 29147.923376054554, 29042.612532609168, 28898.123771685587, 28724.52630048488, 28583.449827945442, 28434.107119590313, 28311.795073316374], "map_sums": [37125.0, 43174.0, 44875.416666671095, 45358.41666667002, 45365.6361111098, 45126.568333330855, 44783.24353174469, 44416.85547618846, 44030.95132936061, 43644.632436691485], "mrr_sums": [16683.0, 20427.0, 21974.666666666166, 22852.166666666017, 23378.366666667163, 23749.200000000856, 24018.20000000162, 24237.325000001605, 24401.213888889877, 24540.31388888941], "recall_sums": [16683, 24171, 28814, 32324, 34955, 37180, 39063, 40816, 42291, 43682]}, {"name": "np", "num_cur": 130000, "num_top": 7140, "num_top_5": 14472, "num_top_10": 17898, "ndcg_sums": [10584.18577113314, 11584.609054221977, 11644.380581450354, 11521.047841622672, 11356.063784620486, 11186.17151550918, 11022.280387417377, 10880.588386590181, 10754.381157474021, 10636.613456958048], "map_sums": [15455.0, 18099.5, 18963.66666666702, 19302.888888888752, 19424.23194444565, 19443.276944445493, 19411.81753968362, 19356.59105442257, 19265.729132653672, 19177.072274660393], "mrr_sums": [7140.0, 8661.0, 9298.999999999945, 9631.249999999987, 9840.649999999994, 9987.48333333334, 10098.769047618996, 10181.519047619007, 10248.741269841335, 10298.641269841428], "recall_sums": [7140, 10182, 12096, 13425, 14472, 15353, 16132, 16794, 17399, 17898]}, {"name": "pp", "num_cur": 130000, "num_top": 7663, "num_top_5": 15850, "num_top_10": 19868, "ndcg_sums": [10890.966291574532, 11961.983815988124, 12132.303413963238, 12039.769144371581, 11920.770048119575, 11793.79416796837, 11673.473645527129, 11560.092666298871, 11463.34385029858, 11375.876843521177], "map_sums": [15456.0, 18429.5, 19503.250000000153, 19930.638888888658, 20151.776388890274, 20209.278611112364, 20212.486706350577, 20171.718304989852, 20107.645735544917, 20034.702014676808], "mrr_sums": [7663.0, 9305.5, 10026.166666666679, 10397.91666666672, 10648.516666666817, 10817.016666666806, 10947.873809523828, 11044.123809523846, 11123.234920635095, 11184.134920635242], "recall_sums": [7663, 10948, 13110, 14597, 15850, 16861, 17777, 18547, 19259, 19868]}, {"name": "pp+bow", "num_cur": 130000, "num_top": 18038, "num_top_5": 37084, "num_top_10": 45746, "ndcg_sums": [26878.974275295677, 30172.110092838568, 30809.16969109947, 30832.78222813827, 30668.032307135603, 30466.94181535294, 30240.564972124546, 30037.79027697463, 29866.113788624432, 29707.975583069216], "map_sums": [39382.0, 45467.0, 47083.66666667245, 47467.722222226184, 47376.90833333135, 47101.08638888499, 46710.333730156104, 46281.97039115265, 45850.730170062365, 45430.02627707856], "mrr_sums": [18038.0, 22029.5, 23657.166666665777, 24525.416666665573, 25066.816666666815, 25438.81666666737, 25709.388095239632, 25916.63809523964, 26085.97142857214, 26221.371428571627], "recall_sums": [18038, 26021, 30904, 34377, 37084, 39316, 41210, 42868, 44392, 45746]}]}