{"data": "items_CSall_1s_5mindoc_5mincont_wPP_3.1_wNP_both.csv", "num_contexts": 1835797, "num_test_set_items": 490018, "models": [{"name": "bow", "num_cur": 110000, "num_top": 14272, "num_top_5": 29894, "num_top_10": 37215, "ndcg_sums": [21530.264253467223, 24276.096995555632, 24878.805613471293, 24984.70250356666, 24897.79039792527, 24762.59857794663, 24602.026600241967, 24467.47694342298, 24323.528124413093, 24206.010394716144], "map_sums": [31795.0, 36954.0, 38395.583333332266, 38818.500000000764, 38819.21249999907, 38605.055, 38307.89234127186, 37993.9440022679, 37654.118521823715, 37307.251231730515], "mrr_sums": [14272.0, 17486.5, 18807.833333333656, 19553.833333333507, 20002.833333334373, 20315.00000000097, 20535.0000000012, 20719.250000001186, 20859.027777778698, 20976.627777778544], "recall_sums": [14272, 20701, 24665, 27649, 29894, 31767, 33307, 34781, 36039, 37215]}, {"name": "np", "num_cur": 110000, "num_top": 6090, "num_top_5": 12363, "num_top_10": 15320, "ndcg_sums": [9057.425960841432, 9927.00090788669, 9988.099226572964, 9888.947430720731, 9754.37664218295, 9608.19437573741, 9470.55430496602, 9347.941929165037, 9236.937566333685, 9131.587045136996], "map_sums": [13254.0, 15539.5, 16274.916666667938, 16570.250000000393, 16680.60138889051, 16699.49777777878, 16671.06849206409, 16623.186763039008, 16540.59031887821, 16464.180551777114], "mrr_sums": [6090.0, 7386.5, 7932.833333333161, 8216.583333333154, 8397.783333333058, 8523.949999999813, 8621.521428571208, 8691.396428571219, 8749.729761904642, 8793.02976190471], "recall_sums": [6090, 8683, 10322, 11457, 12363, 13120, 13803, 14362, 14887, 15320]}, {"name": "pp", "num_cur": 110000, "num_top": 6479, "num_top_5": 13390, "num_top_10": 16810, "ndcg_sums": [9254.645081462852, 10181.765056596372, 10321.32750807389, 10245.117613953958, 10142.660225051019, 10035.156082747506, 9932.070525741708, 9839.00477114275, 9750.46299363142, 9671.614286550417], "map_sums": [13180.0, 15726.0, 16633.83333333477, 17000.388888889363, 17183.85138889081, 17230.380000001147, 17236.337222222992, 17201.477760771613, 17148.313998016583, 17083.54749527677], "mrr_sums": [6479.0, 7879.0, 8482.9999999998, 8796.999999999842, 9005.599999999786, 9149.76666666653, 9259.480952380733, 9342.48095238075, 9408.592063491977, 9461.392063492094], "recall_sums": [6479, 9279, 11091, 12347, 13390, 14255, 15023, 15687, 16282, 16810]}, {"name": "pp+bow", "num_cur": 110000, "num_top": 15413, "num_top_5": 31662, "num_top_10": 38902, "ndcg_sums": [22995.59347280549, 25829.496797514475, 26396.5087466961, 26419.806203565946, 26274.512946421222, 26091.899559405305, 25889.6173868557, 25705.439781027086, 25536.510577575384, 25386.20952979347], "map_sums": [33719.0, 38899.5, 40270.33333333371, 40598.44444444589, 40519.47361110973, 40273.84666666557, 39932.319047620054, 39556.794138321, 39181.53502834224, 38810.61663690146], "mrr_sums": [15413.0, 18833.0, 20225.999999999964, 20963.74999999976, 21419.55000000069, 21729.550000000796, 21956.407142858294, 22130.9071428583, 22270.129365080127, 22384.429365079923], "recall_sums": [15413, 22253, 26432, 29383, 31662, 33522, 35110, 36506, 37759, 38902]}]}