{"data": "items_CSall_1s_5mindoc_5mincont_wPP_3.1_wNP_both.csv", "num_contexts": 1835797, "num_test_set_items": 490018, "models": [{"name": "bow", "num_cur": 160000, "num_top": 20381, "num_top_5": 42855, "num_top_10": 53639, "ndcg_sums": [30730.540069459414, 34585.33251130592, 35412.600776602216, 35539.520470908996, 35402.551781302696, 35221.379466917984, 35011.83138574795, 34845.26062308623, 34678.24670705707, 34541.23656945491], "map_sums": [4748.010124196195, 5477.704966248203, 5662.944923591988, 5699.587021187636, 5676.396446818479, 5624.996581060998, 5570.487631147885, 5517.2955890737885, 5457.19038560413, 5396.755744551134], "mrr_sums": [20381.0, 24979.5, 26886.499999998192, 27960.749999998043, 28612.549999999646, 29067.883333333953, 29402.311904764003, 29670.81190476399, 29877.923015873854, 30047.82301587294], "recall_sums": [20381, 29578, 35299, 39596, 42855, 45587, 47928, 50076, 51940, 53639]}, {"name": "np", "num_cur": 160000, "num_top": 8724, "num_top_5": 17724, "num_top_10": 21863, "ndcg_sums": [12942.3509192089, 14167.299825652604, 14242.412673820598, 14077.414870957315, 13872.804306225415, 13653.755808934822, 13450.90806374603, 13278.45190635927, 13128.068615543447, 12986.421785202027], "map_sums": [1870.2072496245914, 2156.966369466098, 2241.824138980852, 2264.7771392192685, 2265.334238504564, 2262.9942979015177, 2256.489687278185, 2246.9173859895895, 2234.2403040321747, 2221.3968761731676], "mrr_sums": [8724.0, 10603.5, 11379.500000000196, 11785.250000000238, 12043.250000000422, 12220.583333333658, 12356.29761904784, 12456.422619047851, 12537.089285714648, 12596.889285714777], "recall_sums": [8724, 12483, 14811, 16434, 17724, 18788, 19738, 20539, 21265, 21863]}, {"name": "pp", "num_cur": 160000, "num_top": 9322, "num_top_5": 19415, "num_top_10": 24257, "ndcg_sums": [13271.52631722888, 14616.458252514336, 14806.7177232859, 14693.366992871679, 14538.876799814307, 14376.446968879562, 14226.217860712271, 14086.191099469439, 13972.866509225618, 13869.616537376678], "map_sums": [2040.4573441900582, 2354.957987382966, 2449.323046330298, 2480.5643684874476, 2488.301477109543, 2485.1716585934155, 2474.3733824536116, 2461.8345012218, 2447.9485454587384, 2437.512558872896], "mrr_sums": [9322.0, 11370.5, 12253.833333333641, 12712.083333333683, 13014.68333333397, 13217.183333333835, 13374.89761904795, 13489.397619047968, 13586.175396825916, 13659.77539682611], "recall_sums": [9322, 13419, 16069, 17902, 19415, 20630, 21734, 22650, 23521, 24257]}, {"name": "pp+bow", "num_cur": 160000, "num_top": 22098, "num_top_5": 45501, "num_top_10": 56194, "ndcg_sums": [32881.63588282648, 36844.20757421174, 37602.05765179292, 37600.27449162357, 37392.505002821745, 37131.80061213483, 36864.336142959015, 36622.592526067405, 36421.402160117745, 36243.523841343005], "map_sums": [4979.20734410802, 5723.738269649111, 5905.915495330249, 5935.463824210514, 5903.000193362786, 5845.315651172444, 5784.562842825835, 5718.67487610733, 5657.193570391094, 5589.935245403849], "mrr_sums": [22098.0, 26990.0, 28997.999999997726, 30060.499999997523, 30729.49999999923, 31183.333333333714, 31522.333333335293, 31778.3333333353, 31986.77777777834, 32154.077777777366], "recall_sums": [22098, 31882, 37906, 42156, 45501, 48224, 50597, 52645, 54521, 56194]}]}