{"data": "items_CSall_1s_5mindoc_5mincont_wPP_3.1_wNP_both.csv", "num_contexts": 1835797, "num_test_set_items": 490018, "models": [{"name": "bow", "num_cur": 230000, "num_top": 29489, "num_top_5": 62319, "num_top_10": 77827, "ndcg_sums": [44464.477134010245, 50049.99860418143, 51313.34795044332, 51528.48557710087, 51436.84078894596, 51210.21898550128, 50932.59496530022, 50690.10884789447, 50454.80686556913, 50252.93002880392], "map_sums": [72495.40179595802, 78936.50930844985, 80839.6777621641, 81180.88015188946, 80892.16188105545, 80298.02668319862, 79576.29118152265, 78859.64296006026, 78123.4381850834, 77398.59476364152], "mrr_sums": [29489.0, 36161.0, 38933.33333333347, 40481.833333334456, 41476.833333333496, 42132.666666666315, 42622.95238095204, 43007.702380951894, 43305.257936504735, 43543.757936502705], "recall_sums": [29489, 42833, 51150, 57344, 62319, 66254, 69686, 72764, 75442, 77827]}, {"name": "np", "num_cur": 230000, "num_top": 12680, "num_top_5": 25977, "num_top_10": 31994, "ndcg_sums": [18809.946509561836, 20635.41277641349, 20796.93293787062, 20571.527843321397, 20259.78582139729, 19943.017991194018, 19633.56013555306, 19367.145594413476, 19133.52083348658, 18921.332072093428], "map_sums": [30167.095013288348, 32974.48264264166, 34124.72635862119, 34503.1765183837, 34602.308719189125, 34555.847960614476, 34438.93141412569, 34300.216608917064, 34112.1838976236, 33920.61715522147], "mrr_sums": [12680.0, 15422.5, 16577.833333334132, 17192.333333333994, 17569.93333333446, 17834.600000000773, 18028.742857143614, 18172.367857143618, 18289.145634921395, 18376.145634921475], "recall_sums": [12680, 18165, 21631, 24089, 25977, 27565, 28924, 30073, 31124, 31994]}, {"name": "pp", "num_cur": 230000, "num_top": 13892, "num_top_5": 28789, "num_top_10": 35871, "ndcg_sums": [19624.30148968371, 21685.6535072083, 21948.424106949566, 21783.04798958621, 21563.58616951855, 21326.62476591961, 21089.414084275624, 20873.714278389045, 20689.90394410541, 20524.454162464514], "map_sums": [30700.10994114066, 34066.65262168477, 35414.04841582892, 35941.81536198135, 36188.36707516268, 36207.649217379185, 36154.28563983977, 36021.80131226302, 35874.224513865185, 35701.86144193754], "mrr_sums": [13892.0, 16945.5, 18223.16666666699, 18896.16666666681, 19349.166666667552, 19655.833333334245, 19881.976190477297, 20050.1011904773, 20188.990079365998, 20295.390079365894], "recall_sums": [13892, 19999, 23832, 26524, 28789, 30629, 32212, 33557, 34807, 35871]}, {"name": "pp+bow", "num_cur": 230000, "num_top": 32316, "num_top_5": 66270, "num_top_10": 81815, "ndcg_sums": [47861.84920939087, 53515.77973529732, 54663.20576169175, 54694.6216362878, 54457.286242166454, 54107.750021109445, 53732.42270399323, 53393.71957873721, 53091.16296435711, 52828.89158069484], "map_sums": [77060.78601952616, 83251.72845010104, 84929.24501674747, 85066.98335887662, 84630.66677793449, 83946.26967776872, 83105.43790330499, 82298.74855859272, 81482.27559470134, 80693.43550388432], "mrr_sums": [32316.0, 39355.0, 42253.66666666836, 43804.41666666897, 44799.81666666715, 45469.48333333243, 45953.340476189376, 46336.9654761893, 46631.632142853225, 46873.53214285108], "recall_sums": [32316, 46394, 55090, 61293, 66270, 70288, 73675, 76744, 79396, 81815]}]}