{"data": "items_CSall_1s_5mindoc_5mincont_wPP_3.1_wNP_both.csv", "num_contexts": 1835797, "num_test_set_items": 490018, "models": [{"name": "bow", "num_cur": 420000, "num_top": 50632, "num_top_5": 108987, "num_top_10": 137208, "ndcg_sums": [78891.72029276876, 89114.47011403846, 91506.3447293851, 91976.32822199052, 91788.41318733961, 91379.04229872825, 90844.32679275065, 90366.7115912285, 89896.07673402778, 89485.10101803728], "map_sums": [11514.221507475744, 13262.92834901263, 13716.598427714816, 13787.074879786709, 13725.391381933554, 13595.971132051947, 13453.66455026325, 13307.42967314959, 13150.45188708269, 13002.990527559052], "mrr_sums": [50632.0, 62398.0, 67377.66666667996, 70145.1666666767, 71907.96666666165, 73112.13333332395, 73991.27619046062, 74687.02619045983, 75231.80396823035, 75669.10396822957], "recall_sums": [50632, 74164, 89103, 100173, 108987, 116212, 122366, 127932, 132835, 137208]}, {"name": "np", "num_cur": 420000, "num_top": 21571, "num_top_5": 44955, "num_top_10": 55558, "ndcg_sums": [32878.20182566556, 36341.6564043554, 36665.01114577965, 36247.73470167756, 35705.38783817012, 35122.71419676037, 34563.64002641372, 34066.799836200604, 33626.692424438996, 33235.543570666734], "map_sums": [4395.092054818372, 5090.920328103319, 5299.771808787475, 5359.818345243312, 5362.812490618782, 5354.166847077624, 5331.8120495337225, 5303.544261479713, 5269.522145918962, 5234.751450551888], "mrr_sums": [21571.0, 26463.0, 28476.666666664343, 29533.416666664205, 30199.81666666572, 30653.650000000078, 30997.507142858838, 31249.38214285884, 31452.937698413134, 31615.537698412114], "recall_sums": [21571, 31355, 37396, 41623, 44955, 47678, 50085, 52100, 53932, 55558]}, {"name": "pp", "num_cur": 420000, "num_top": 23580, "num_top_5": 49808, "num_top_10": 62099, "ndcg_sums": [33961.02030019579, 37769.23307605196, 38295.63594762532, 38016.80712589983, 37602.29741659708, 37165.73538049457, 36719.5118939929, 36313.14524661821, 35953.39678642549, 35642.630081124735], "map_sums": [4899.599074837438, 5674.6462389038315, 5896.344152034221, 5971.281942901935, 5983.7842777068745, 5972.302386318288, 5949.310622395832, 5918.349330681019, 5881.602610296872, 5850.623470572223], "mrr_sums": [23580.0, 28957.5, 31208.499999996784, 32405.249999996602, 33191.84999999864, 33732.516666667, 34122.80238095426, 34411.177380954105, 34648.177380952395, 34835.677380951085], "recall_sums": [23580, 34335, 41088, 45875, 49808, 53052, 55784, 58091, 60224, 62099]}, {"name": "pp+bow", "num_cur": 420000, "num_top": 55317, "num_top_5": 116179, "num_top_10": 144371, "ndcg_sums": [84545.56581514904, 95096.66040177975, 97309.43589776185, 97513.59605245333, 97122.21499369219, 96488.60957319711, 95794.64554535983, 95133.87386620921, 94525.20658651298, 93995.7112597942], "map_sums": [12110.929243551285, 13886.119140206796, 14324.943299863527, 14379.413586549503, 14299.417251823319, 14156.508973974986, 13997.096086161726, 13833.146519558482, 13675.27395310712, 13509.393379047495], "mrr_sums": [55317.0, 67835.5, 73027.16666667315, 75852.16666666808, 77642.16666665283, 78856.33333331837, 79733.19047616908, 80417.19047616872, 80956.74603171772, 81400.84603171931], "recall_sums": [55317, 80354, 95929, 107229, 116179, 123464, 129602, 135074, 139930, 144371]}]}