{"data": "items_CSall_1s_5mindoc_5mincont_wPP_3.1_wNP_both.csv", "num_contexts": 1835797, "num_test_set_items": 490018, "models": [{"name": "bow", "num_cur": 100000, "num_top": 12879, "num_top_5": 27174, "num_top_10": 33890, "ndcg_sums": [19615.769378439196, 22163.75801442842, 22750.23665443965, 22860.899391860476, 22784.963259753444, 22657.20604546332, 22507.215607629347, 22378.36184076023, 22238.57044781888, 22121.785798758683], "map_sums": [31709.775639173742, 34947.74377354437, 35840.6804078477, 36038.56342197428, 35927.580832659834, 35652.69427340099, 35324.765009720715, 35003.35341515244, 34658.193565392656, 34317.14994146439], "mrr_sums": [12879.0, 15806.5, 17030.500000000677, 17712.250000000528, 18120.450000001245, 18407.450000000994, 18610.16428571532, 18780.039285715306, 18906.817063493007, 19014.317063493], "recall_sums": [12879, 18734, 22406, 25133, 27174, 28896, 30315, 31674, 32815, 33890]}, {"name": "np", "num_cur": 100000, "num_top": 5529, "num_top_5": 11280, "num_top_10": 14016, "ndcg_sums": [8286.419684718152, 9113.303680317536, 9167.53248497368, 9080.773382918564, 8962.823493659449, 8826.65504176142, 8701.314899712774, 8585.649147919446, 8482.676778046005, 8382.44464576554], "map_sums": [13217.817766812588, 14672.183636589427, 15186.2306271352, 15393.575025562683, 15463.906129905214, 15449.850686879732, 15412.018335726521, 15355.13341102234, 15268.713413796584, 15190.443231293542], "mrr_sums": [5529.0, 6722.0, 7214.999999999876, 7476.249999999863, 7644.449999999739, 7759.9499999998, 7850.807142856888, 7915.307142856884, 7969.862698412515, 8009.8626984125685], "recall_sums": [5529, 7915, 9394, 10439, 11280, 11973, 12609, 13125, 13616, 14016]}, {"name": "pp", "num_cur": 100000, "num_top": 5889, "num_top_5": 12189, "num_top_10": 15319, "ndcg_sums": [8463.337290149411, 9325.164458218103, 9456.945783183224, 9384.019542465634, 9290.876973692435, 9190.763578114742, 9095.454933923187, 9008.439913077878, 8922.41854307465, 8846.162813435003], "map_sums": [13218.874367267734, 14837.654383263594, 15499.109587843226, 15754.04152918816, 15877.117275598595, 15891.506704604262, 15878.792240982675, 15833.012117610118, 15775.589611162617, 15704.957546639142], "mrr_sums": [5889.0, 7167.5, 7715.499999999799, 8001.74999999978, 8192.54999999962, 8323.216666666412, 8424.359523809202, 8501.35952380922, 8561.470634920435, 8609.570634920536], "recall_sums": [5889, 8446, 10090, 11235, 12189, 12973, 13681, 14297, 14838, 15319]}, {"name": "pp+bow", "num_cur": 100000, "num_top": 13937, "num_top_5": 28791, "num_top_10": 35438, "ndcg_sums": [20972.83157047269, 23601.444479634545, 24144.276255345372, 24181.811047128176, 24052.24098943288, 23879.819367247866, 23693.254530729595, 23519.71186052298, 23359.052322224707, 23212.70452150215], "map_sums": [33612.367410795385, 36797.4991550965, 37616.58920068452, 37707.721179027736, 37502.97637977819, 37203.17856529948, 36823.06074293605, 36443.27321586596, 36071.2829425446, 35707.032046238135], "mrr_sums": [13937.0, 17046.5, 18326.833333333707, 19008.083333333503, 19421.88333333428, 19705.71666666753, 19914.71666666769, 20074.966666667697, 20203.411111111902, 20307.711111111843], "recall_sums": [13937, 20156, 23997, 26722, 28791, 30494, 31957, 33239, 34395, 35438]}]}