{"data": "items_CSall_1s_5mindoc_5mincont_wPP_3.1_wNP_both.csv", "num_contexts": 1835797, "num_test_set_items": 490018, "models": [{"name": "bow", "num_cur": 320000, "num_top": 40709, "num_top_5": 86564, "num_top_10": 108592, "ndcg_sums": [61898.50899668042, 69769.53123588132, 71518.95308184047, 71820.44224985072, 71647.78572220608, 71309.26083946618, 70901.08872600344, 70543.32936348526, 70193.93402470654, 69896.39860858535], "map_sums": [91865.0, 106484.5, 110683.6666666109, 111837.86111110743, 111766.07777773883, 111194.37083329995, 110349.29753964992, 109421.1674036069, 108459.71833614113, 107501.443474411], "mrr_sums": [40709.0, 50032.0, 53913.0000000082, 56083.25000000919, 57460.25000000267, 58396.083333331415, 59088.08333332849, 59630.958333328344, 60055.62499999045, 60396.024999986934], "recall_sums": [40709, 59355, 70998, 79679, 86564, 92179, 97023, 101366, 105188, 108592]}, {"name": "np", "num_cur": 320000, "num_top": 17401, "num_top_5": 36372, "num_top_10": 44926, "ndcg_sums": [26249.8443329804, 28996.804482787804, 29245.083972920136, 28913.480559334745, 28465.62033725752, 28002.942454640433, 27561.640838538362, 27175.471298239154, 26835.602343280025, 26531.832183389484], "map_sums": [38764.0, 45193.5, 47370.58333333954, 48141.72222222573, 48394.77361110924, 48411.73555555067, 48290.15285713785, 48125.08989795462, 47890.22411705593, 47642.4199930623], "mrr_sums": [17401.0, 21356.0, 22991.99999999905, 23855.999999998912, 24395.399999999965, 24762.566666667026, 25039.423809525055, 25242.92380952506, 25409.25714285767, 25538.057142857142], "recall_sums": [17401, 25311, 30219, 33675, 36372, 38575, 40513, 42141, 43638, 44926]}, {"name": "pp", "num_cur": 320000, "num_top": 19137, "num_top_5": 40340, "num_top_10": 50317, "ndcg_sums": [27274.225432823285, 30283.242019690722, 30680.46927052358, 30462.720580569476, 30144.868233489527, 29796.91463148071, 29451.80408937746, 29139.75934146852, 28864.776247116835, 28629.242108725753], "map_sums": [38782.0, 46289.0, 48885.25000000899, 49936.3055555615, 50409.78888888721, 50528.97527777224, 50488.592658723865, 50348.061167794374, 50153.33105016029, 49934.92658083332], "mrr_sums": [19137.0, 23489.5, 25289.499999998425, 26261.249999998243, 26903.449999999673, 27337.616666667294, 27655.75952381135, 27892.009523811354, 28084.787301588156, 28236.78730158739], "recall_sums": [19137, 27842, 33242, 37129, 40340, 42945, 45172, 47062, 48797, 50317]}, {"name": "pp+bow", "num_cur": 320000, "num_top": 44529, "num_top_5": 92306, "num_top_10": 114395, "ndcg_sums": [66527.05387042362, 74603.6316116288, 76205.49711923786, 76260.05877999956, 75916.47412096498, 75403.74752847047, 74877.7606935857, 74378.20548346004, 73921.03965115167, 73528.94184381331], "map_sums": [97637.0, 112272.0, 116307.66666660356, 117240.83333332991, 116982.64999995923, 116282.50333329794, 115292.93857139428, 114279.91240927356, 113218.13518988075, 112183.00028988521], "mrr_sums": [44529.0, 54438.5, 58502.166666676836, 60692.91666667745, 62093.71666666973, 63040.21666666431, 63736.07380951817, 64276.5738095181, 64694.01825395801, 65039.818253954356], "recall_sums": [44529, 64348, 76539, 85302, 92306, 97985, 102856, 107180, 110937, 114395]}]}