{"data": "items_CSall_1s_5mindoc_5mincont_wPP_3.1_wNP_both.csv", "num_contexts": 1835797, "num_test_set_items": 490018, "models": [{"name": "bow", "num_cur": 10000, "num_top": 1186, "num_top_5": 2599, "num_top_10": 3214, "ndcg_sums": [1781.6391026925255, 2030.9699738036522, 2074.2244761331967, 2072.2107568091214, 2062.5916179804617, 2050.477412710704, 2042.6739290562027, 2034.5750997079772, 2024.6068523871268, 2017.9148573174184], "map_sums": [2946.7662166237255, 3215.1917008833475, 3276.438157367369, 3296.1913471540456, 3285.1600271252896, 3264.143471918957, 3232.453513566302, 3205.4366703003357, 3169.5826878862617, 3138.1731916032236], "mrr_sums": [1186.0, 1495.0, 1614.9999999999918, 1674.9999999999916, 1713.9999999999984, 1738.833333333335, 1757.6904761904755, 1773.9404761904755, 1786.1626984126951, 1795.5626984126914], "recall_sums": [1186, 1804, 2164, 2404, 2599, 2748, 2880, 3010, 3120, 3214]}, {"name": "np", "num_cur": 10000, "num_top": 502, "num_top_5": 1075, "num_top_10": 1350, "ndcg_sums": [772.4814562296372, 868.3556986154917, 873.0447104833619, 862.0465822265115, 851.9104918151811, 841.9804164979793, 836.0429806674582, 825.8161279082476, 816.1048699158878, 808.666498834998], "map_sums": [1286.1396388729368, 1421.0858860899743, 1469.2690392785257, 1480.4259508449325, 1488.2697036942861, 1493.9404593462698, 1494.3201052509523, 1487.8863276713564, 1482.0706625682324, 1470.8132314251802], "mrr_sums": [502.0, 628.5, 679.8333333333346, 703.083333333335, 717.6833333333357, 730.6833333333349, 740.6833333333338, 746.683333333334, 751.0166666666667, 755.0166666666672], "recall_sums": [502, 755, 909, 1002, 1075, 1153, 1223, 1271, 1310, 1350]}, {"name": "pp", "num_cur": 10000, "num_top": 487, "num_top_5": 1048, "num_top_10": 1322, "ndcg_sums": [713.1606050557151, 789.937051206928, 799.4243078857315, 804.3028235963124, 799.6990450062314, 792.758698527859, 788.132876362029, 784.6152041220543, 781.1142958316462, 777.7006544805979], "map_sums": [1178.373184005721, 1306.3706315903976, 1356.3414604634975, 1381.6230945858026, 1389.1804443829585, 1395.416473488813, 1391.9374656271784, 1389.2107670229593, 1385.93203972744, 1383.5815202987937], "mrr_sums": [487.0, 595.5, 641.1666666666671, 671.4166666666674, 688.6166666666679, 699.6166666666677, 708.3309523809534, 715.2059523809532, 720.7615079365079, 724.9615079365085], "recall_sums": [487, 704, 841, 962, 1048, 1114, 1175, 1230, 1280, 1322]}, {"name": "pp+bow", "num_cur": 10000, "num_top": 1286, "num_top_5": 2704, "num_top_10": 3329, "ndcg_sums": [1915.6046148071205, 2155.648434719185, 2187.5584248353834, 2179.437979042592, 2166.9858336696084, 2153.0877432554103, 2139.5068974762703, 2125.491919076379, 2120.339439045474, 2112.7471698545587], "map_sums": [3145.663857864435, 3396.257385655658, 3453.157191438065, 3447.674376911833, 3439.2454140743353, 3415.4898646842425, 3381.562421670124, 3344.602990490699, 3309.868407521774, 3270.571841650601], "mrr_sums": [1286.0, 1600.0, 1720.3333333333253, 1780.833333333325, 1818.233333333331, 1844.7333333333345, 1864.4476190476175, 1878.1976190476173, 1892.8642857142809, 1901.4642857142778], "recall_sums": [1286, 1914, 2275, 2517, 2704, 2863, 3001, 3111, 3243, 3329]}]}