{"data": "items_CSall_1s_5mindoc_5mincont_wPP_3.1_wNP_both.csv", "num_contexts": 1835797, "num_test_set_items": 490018, "models": [{"name": "bow", "num_cur": 390000, "num_top": 47929, "num_top_5": 103537, "num_top_10": 130245, "ndcg_sums": [74484.64569717983, 84215.26432710713, 86520.91687276734, 86980.01126205667, 86818.80174948512, 86447.46051880179, 85958.4282207592, 85516.82936090922, 85078.80429734249, 84698.5936667802], "map_sums": [112040.0, 129743.5, 134797.3333332564, 136190.36111110926, 136101.93055552134, 135381.15805552222, 134353.32115076022, 133231.88209181547, 132044.65000138918, 130867.89457654697], "mrr_sums": [47929.0, 59126.0, 63885.333333347924, 66522.08333334657, 68199.88333333276, 69343.04999999328, 70178.04999998774, 70836.67499998695, 71349.34166664683, 71761.44166664458], "recall_sums": [47929, 70323, 84601, 95148, 103537, 110396, 116241, 121510, 126124, 130245]}, {"name": "np", "num_cur": 390000, "num_top": 20630, "num_top_5": 43188, "num_top_10": 53372, "ndcg_sums": [31407.836892953015, 34750.23553612639, 35081.441699406554, 34693.913688323286, 34183.03174219851, 33632.0093913833, 33099.38108077928, 32627.9297081608, 32209.625391377114, 31836.28305784565], "map_sums": [46650.0, 54448.5, 57102.0833333476, 58052.83333334166, 58361.334722219515, 58380.23111110195, 58240.175793639915, 58047.924999990224, 57757.390700099844, 57444.41216504521], "mrr_sums": [20630.0, 25345.5, 27287.499999997937, 28308.9999999978, 28951.99999999923, 29388.33333333346, 29719.333333334936, 29960.83333333494, 30156.833333333787, 30312.133333332873], "recall_sums": [20630, 30061, 35887, 39973, 43188, 45806, 48123, 50055, 51819, 53372]}, {"name": "pp", "num_cur": 390000, "num_top": 22538, "num_top_5": 47617, "num_top_10": 59362, "ndcg_sums": [32386.7558725499, 36014.65899137025, 36521.0500826208, 36262.09019411037, 35872.936871367914, 35462.284501043345, 35041.556130998906, 34660.15718874615, 34320.19095007838, 34027.649535537224], "map_sums": [46315.0, 55351.0, 58505.333333351104, 59794.52777778898, 60363.820833331265, 60531.54888887921, 60484.12563490799, 60333.187579353245, 60108.35612810117, 59849.22635958029], "mrr_sums": [22538.0, 27676.5, 29826.833333330484, 30975.0833333303, 31726.68333333213, 32244.016666667023, 32616.87380952596, 32892.3738095259, 33118.48492063546, 33297.684920634274], "recall_sums": [22538, 32815, 39266, 43859, 47617, 50721, 53331, 55535, 57570, 59362]}, {"name": "pp+bow", "num_cur": 390000, "num_top": 52444, "num_top_5": 110472, "num_top_10": 137136, "ndcg_sums": [79930.79778538446, 89963.31553358749, 92080.6648179915, 92288.53420240938, 91922.91748331943, 91337.31424437277, 90697.75829239575, 90084.95015167572, 89512.43110256134, 89017.1059054354], "map_sums": [118803.0, 136560.0, 141431.7499999498, 142586.0277777877, 142299.97638887953, 141427.973888869, 140220.31134918844, 138978.5101360449, 137688.44745605288, 136420.2896460024], "mrr_sums": [52444.0, 64383.5, 69344.83333334317, 72035.3333333381, 73735.93333332415, 74885.43333332114, 75720.14761902961, 76368.27261902925, 76872.60595235653, 77292.60595235672], "recall_sums": [52444, 76323, 91207, 101969, 110472, 117369, 123212, 128397, 132936, 137136]}]}