{"data": "items_CSall_1s_5mindoc_5mincont_wPP_3.1_wNP_both.csv", "num_contexts": 1835797, "num_test_set_items": 490018, "models": [{"name": "bow", "num_cur": 270000, "num_top": 34248, "num_top_5": 73035, "num_top_10": 91445, "ndcg_sums": [51970.54147964607, 58668.423167242836, 60168.74793235079, 60441.406582387215, 60312.54794905969, 60043.82172601219, 59707.562675394955, 59424.505508958486, 59137.5787618802, 58899.18645565694], "map_sums": [7967.685515268832, 9178.867058250591, 9490.970356858737, 9544.076171485456, 9498.007562779214, 9409.438803634557, 9316.25660898757, 9214.12052341444, 9108.219855489004, 9003.783032607533], "mrr_sums": [34248.0, 42151.5, 45416.16666667038, 47258.41666667137, 48421.81666666796, 49201.983333332304, 49779.98333333104, 50236.85833333089, 50590.63611110514, 50875.03611110244], "recall_sums": [34248, 50055, 59849, 67218, 73035, 77716, 81762, 85417, 88601, 91445]}, {"name": "np", "num_cur": 270000, "num_top": 14633, "num_top_5": 30644, "num_top_10": 37804, "ndcg_sums": [22030.85422398661, 24335.37668599163, 24546.229404658403, 24271.710631422327, 23902.729918750025, 23518.61660614998, 23151.355158327944, 22830.399360131803, 22549.81886561686, 22298.44958228338], "map_sums": [3104.597818867213, 3588.3202437405976, 3732.2997201959265, 3769.642789118803, 3769.914247753887, 3762.4401742383316, 3748.2759474722743, 3727.9434697541565, 3704.7427976183394, 3680.977822485429], "mrr_sums": [14633.0, 17983.0, 19363.666666666646, 20089.916666666508, 20542.716666667246, 20852.716666667224, 21084.430952381903, 21253.180952381907, 21392.73650793713, 21499.936507936916], "recall_sums": [14633, 21333, 25475, 28380, 30644, 32504, 34126, 35476, 36732, 37804]}, {"name": "pp", "num_cur": 270000, "num_top": 16202, "num_top_5": 33903, "num_top_10": 42311, "ndcg_sums": [23045.636477531363, 25546.882261083654, 25863.262887070563, 25680.34108987119, 25411.7858361643, 25123.835489838155, 24844.216552195663, 24581.83101290488, 24360.53592748568, 24166.369972128025], "map_sums": [3477.931290033139, 4019.8872071600813, 4166.600756418671, 4217.224311684475, 4225.767134244942, 4215.539577576896, 4197.411691538517, 4174.00548331175, 4149.087087186259, 4127.2320638327], "mrr_sums": [16202.0, 19844.5, 21347.833333332837, 22154.833333332655, 22690.433333333698, 23055.43333333415, 23326.004761906257, 23522.12976190626, 23685.12976190572, 23813.92976190529], "recall_sums": [16202, 23487, 27997, 31225, 33903, 36093, 37987, 39556, 41023, 42311]}, {"name": "pp+bow", "num_cur": 270000, "num_top": 37509, "num_top_5": 77770, "num_top_10": 96287, "ndcg_sums": [55914.99385755362, 62758.37698429003, 64132.15502261557, 64182.24979981158, 63894.68368531556, 63481.86758640013, 63047.92662916667, 62648.57880759992, 62278.00614182137, 61965.29712883715], "map_sums": [8388.89110221495, 9617.367220438497, 9915.059548599134, 9955.948807239944, 9897.856480657656, 9796.713145005744, 9688.239933018438, 9573.493299432337, 9466.140092467373, 9351.183013716367], "mrr_sums": [37509.0, 45894.5, 49312.50000000547, 51157.75000000608, 52328.75000000171, 53121.416666665194, 53699.13095237792, 54154.88095237785, 54507.10317459649, 54797.20317459364], "recall_sums": [37509, 54280, 64534, 71915, 77770, 82526, 86570, 90216, 93386, 96287]}]}