{"data": "items_CSall_1s_5mindoc_5mincont_wPP_3.1_wNP_both.csv", "num_contexts": 1835797, "num_test_set_items": 490018, "models": [{"name": "bow", "num_cur": 260000, "num_top": 33129, "num_top_5": 70443, "num_top_10": 88109, "ndcg_sums": [50125.83931837436, 56540.8501765495, 57950.55162825716, 58179.15509761689, 58042.984543396444, 57768.117704207136, 57435.576689147114, 57153.33071948655, 56870.93476318837, 56634.08748999072], "map_sums": [81854.62443986462, 89172.69493443434, 91357.38539246438, 91755.09500698945, 91414.6600956525, 90745.4194420148, 89935.23280596333, 89108.39462988451, 88264.63583474891, 87437.30812448598], "mrr_sums": [33129.0, 40745.5, 43886.500000002816, 45650.000000003805, 46770.800000001014, 47520.966666665794, 48076.96666666485, 48514.7166666647, 48853.494444439166, 49125.694444436645], "recall_sums": [33129, 48362, 57785, 64839, 70443, 74944, 78836, 82338, 85387, 88109]}, {"name": "np", "num_cur": 260000, "num_top": 14193, "num_top_5": 29522, "num_top_10": 36332, "ndcg_sums": [21231.73106540893, 23396.472236315694, 23572.796489905657, 23295.021771832973, 22925.959170193248, 22548.80027630296, 22189.644072204937, 21875.933317580802, 21601.699242583287, 21357.7688895531], "map_sums": [34190.888723728, 37410.012522864025, 38702.74132235161, 39110.72229035227, 39216.63284940728, 39167.918898076205, 39035.469848909444, 38873.77353585726, 38662.11661343755, 38444.02046675457], "mrr_sums": [14193.0, 17411.0, 18731.666666666864, 19427.166666666726, 19856.96666666738, 20153.633333333928, 20373.91904761991, 20534.044047619915, 20666.044047619693, 20767.944047619556], "recall_sums": [14193, 20629, 24591, 27373, 29522, 31302, 32844, 34125, 35313, 36332]}, {"name": "pp", "num_cur": 260000, "num_top": 15630, "num_top_5": 32607, "num_top_10": 40616, "ndcg_sums": [22179.95906180867, 24578.36945626771, 24850.692122237124, 24656.889924421488, 24389.952368361803, 24105.99027173816, 23829.088648965924, 23573.916078429644, 23357.908035500273, 23168.40415758005], "map_sums": [34792.347238093265, 38613.73982906686, 40122.33226796445, 40720.8738907998, 40985.38445450816, 41003.00275680118, 40938.2375149459, 40784.838915896646, 40611.58264338751, 40414.58867384364], "mrr_sums": [15630.0, 19150.0, 20583.333333333092, 21354.83333333291, 21865.03333333386, 22212.366666667516, 22468.509523810895, 22656.6345238109, 22812.63452381046, 22934.934523810123], "recall_sums": [15630, 22670, 26970, 30056, 32607, 34691, 36484, 37989, 39393, 40616]}, {"name": "pp+bow", "num_cur": 260000, "num_top": 36246, "num_top_5": 74946, "num_top_10": 92679, "ndcg_sums": [53910.137367349496, 60449.42161928917, 61732.48314561633, 61751.01280011191, 61456.568198114604, 61037.17177501263, 60610.08314464746, 60216.43099628176, 59853.19535932611, 59546.32966983816], "map_sums": [86988.52202428727, 94054.09516330887, 95981.43947887771, 96160.71031963253, 95651.05627080829, 94879.08172393222, 93941.91787248776, 93013.34623395307, 92086.03644632592, 91194.46536019343], "mrr_sums": [36246.0, 44316.0, 47601.666666671175, 49372.66666667179, 50496.4666666681, 51255.9666666654, 51811.39523809274, 52248.770238092664, 52583.99246031155, 52861.19246030889], "recall_sums": [36246, 52386, 62243, 69327, 74946, 79503, 83391, 86890, 89907, 92679]}]}