{"data": "items_CSall_1s_5mindoc_5mincont_wPP_3.1_wNP_both.csv", "num_contexts": 1835797, "num_test_set_items": 490018, "models": [{"name": "bow", "num_cur": 320000, "num_top": 40709, "num_top_5": 86564, "num_top_10": 108592, "ndcg_sums": [61898.50899668042, 69769.53123588132, 71518.95308184047, 71820.44224985072, 71647.78572220608, 71309.26083946618, 70901.08872600344, 70543.32936348526, 70193.93402470654, 69896.39860858535], "map_sums": [9381.82598003717, 10798.631518455764, 11162.147737984315, 11220.790157950485, 11164.811822918877, 11063.71664656979, 10950.869632881237, 10830.528494382457, 10704.379316782153, 10583.728490147892], "mrr_sums": [40709.0, 50032.0, 53913.0000000082, 56083.25000000919, 57460.25000000267, 58396.083333331415, 59088.08333332849, 59630.958333328344, 60055.62499999045, 60396.024999986934], "recall_sums": [40709, 59355, 70998, 79679, 86564, 92179, 97023, 101366, 105188, 108592]}, {"name": "np", "num_cur": 320000, "num_top": 17401, "num_top_5": 36372, "num_top_10": 44926, "ndcg_sums": [26249.8443329804, 28996.804482787804, 29245.083972920136, 28913.480559334745, 28465.62033725752, 28002.942454640433, 27561.640838538362, 27175.471298239154, 26835.602343280025, 26531.832183389484], "map_sums": [3624.8697629641288, 4194.978304976915, 4364.40748186914, 4411.440892124362, 4413.017009820705, 4405.418166433584, 4387.268308531996, 4364.455645672571, 4337.198379229473, 4310.024439218344], "mrr_sums": [17401.0, 21356.0, 22991.99999999905, 23855.999999998912, 24395.399999999965, 24762.566666667026, 25039.423809525055, 25242.92380952506, 25409.25714285767, 25538.057142857142], "recall_sums": [17401, 25311, 30219, 33675, 36372, 38575, 40513, 42141, 43638, 44926]}, {"name": "pp", "num_cur": 320000, "num_top": 19137, "num_top_5": 40340, "num_top_10": 50317, "ndcg_sums": [27274.225432823285, 30283.242019690722, 30680.46927052358, 30462.720580569476, 30144.868233489527, 29796.91463148071, 29451.80408937746, 29139.75934146852, 28864.776247116835, 28629.242108725753], "map_sums": [4057.1909031192736, 4698.687344001017, 4876.1879826119475, 4936.528104639763, 4945.8155974912515, 4934.044775125641, 4912.31398086115, 4885.706959566587, 4855.199613321827, 4829.542715586099], "mrr_sums": [19137.0, 23489.5, 25289.499999998425, 26261.249999998243, 26903.449999999673, 27337.616666667294, 27655.75952381135, 27892.009523811354, 28084.787301588156, 28236.78730158739], "recall_sums": [19137, 27842, 33242, 37129, 40340, 42945, 45172, 47062, 48797, 50317]}, {"name": "pp+bow", "num_cur": 320000, "num_top": 44529, "num_top_5": 92306, "num_top_10": 114395, "ndcg_sums": [66527.05387042362, 74603.6316116288, 76205.49711923786, 76260.05877999956, 75916.47412096498, 75403.74752847047, 74877.7606935857, 74378.20548346004, 73921.03965115167, 73528.94184381331], "map_sums": [9879.089356730963, 11315.689405778045, 11666.888627714394, 11707.400268347512, 11636.286896834361, 11521.264737545196, 11393.058892946005, 11261.683760018639, 11133.2511052934, 10998.482732055563], "mrr_sums": [44529.0, 54438.5, 58502.166666676836, 60692.91666667745, 62093.71666666973, 63040.21666666431, 63736.07380951817, 64276.5738095181, 64694.01825395801, 65039.818253954356], "recall_sums": [44529, 64348, 76539, 85302, 92306, 97985, 102856, 107180, 110937, 114395]}]}