{"data": "items_CSall_1s_5mindoc_5mincont_wPP_3.1_wNP_both.csv", "num_contexts": 1835797, "num_test_set_items": 490018, "models": [{"name": "bow", "num_cur": 50000, "num_top": 6596, "num_top_5": 14111, "num_top_10": 17448, "ndcg_sums": [9616.859510388018, 10862.446710894486, 11064.563727334948, 11080.029676686288, 11009.293686883977, 10931.990652102253, 10846.795711578628, 10769.225842209293, 10693.323945341033, 10641.377407638365], "map_sums": [1463.0292218318475, 1706.152350016847, 1764.9719365189264, 1779.4592708449893, 1774.8531613384985, 1762.791908164793, 1746.4021453254775, 1730.8655819084156, 1711.8063301449488, 1696.0358784361697], "mrr_sums": [6596.0, 8216.0, 8839.666666666506, 9186.416666666555, 9389.816666666668, 9533.983333333379, 9636.983333333306, 9718.108333333312, 9780.330555555624, 9834.53055555575], "recall_sums": [6596, 9836, 11707, 13094, 14111, 14976, 15697, 16346, 16906, 17448]}, {"name": "np", "num_cur": 50000, "num_top": 2882, "num_top_5": 5719, "num_top_10": 7063, "ndcg_sums": [4209.14025384303, 4558.154655163831, 4549.606352789802, 4490.409538804663, 4426.4746874415205, 4352.103630190391, 4293.427647213433, 4228.614848034312, 4175.383921635346, 4125.732276176474], "map_sums": [605.8842453517776, 699.7760398238993, 728.8677007274663, 738.7579205501673, 740.1441478625953, 741.3847201210871, 740.2456571344557, 738.3759041018849, 735.3855817636369, 732.3117475283087], "mrr_sums": [2882.0, 3480.0, 3724.333333333389, 3850.0833333333903, 3931.083333333357, 3990.7499999999945, 4036.03571428574, 4063.660714285741, 4089.8829365079873, 4111.0829365079735], "recall_sums": [2882, 4078, 4811, 5314, 5719, 6077, 6394, 6615, 6851, 7063]}, {"name": "pp", "num_cur": 50000, "num_top": 3400, "num_top_5": 6549, "num_top_10": 8044, "ndcg_sums": [4633.52798874693, 4974.0294865444175, 4972.00435089922, 4914.772295604575, 4838.908028862629, 4767.108170433328, 4708.4498455728, 4653.2142080686, 4605.524988944054, 4560.245342950238], "map_sums": [645.3323965814683, 750.3264055331654, 782.2212113333387, 794.2110207168711, 796.4397468561203, 796.0318692580097, 793.5619503670857, 790.7734485080284, 785.5210175863833, 782.8169373417624], "mrr_sums": [3400.0, 4041.0, 4314.000000000049, 4468.25000000003, 4554.449999999964, 4616.116666666618, 4663.259523809489, 4699.7595238094855, 4729.537301587296, 4753.037301587297], "recall_sums": [3400, 4682, 5501, 6118, 6549, 6919, 7249, 7541, 7809, 8044]}, {"name": "pp+bow", "num_cur": 50000, "num_top": 7124, "num_top_5": 14948, "num_top_10": 18194, "ndcg_sums": [10332.912467705459, 11588.717760163841, 11775.734204893695, 11752.863982941431, 11657.831138295522, 11561.22812984014, 11453.860033719095, 11353.49526015672, 11271.659004440982, 11203.888988067718], "map_sums": [1541.7471393139856, 1787.175222130705, 1846.7293070049802, 1858.4833586654622, 1850.9873549135093, 1835.0106325562615, 1817.9442586111397, 1796.5342510028388, 1778.2546040478173, 1760.3797135922662], "mrr_sums": [7124.0, 8836.0, 9491.999999999975, 9841.750000000027, 10048.350000000146, 10190.350000000148, 10291.63571428577, 10367.885714285794, 10430.219047619239, 10481.619047619386], "recall_sums": [7124, 10548, 12516, 13915, 14948, 15800, 16509, 17119, 17680, 18194]}]}