{"data": "items_CSall_1s_5mindoc_5mincont_wPP_3.1_wNP_both.csv", "num_contexts": 1835797, "num_test_set_items": 490018, "models": [{"name": "bow", "num_cur": 390000, "num_top": 47929, "num_top_5": 103537, "num_top_10": 130245, "ndcg_sums": [74484.64569717983, 84215.26432710713, 86520.91687276734, 86980.01126205667, 86818.80174948512, 86447.46051880179, 85958.4282207592, 85516.82936090922, 85078.80429734249, 84698.5936667802], "map_sums": [10947.772678711273, 12611.551086316955, 13040.787128793012, 13111.694614760345, 13051.205456253621, 12929.582343782324, 12796.923433428994, 12657.748123860141, 12510.670041042198, 12371.853463444355], "mrr_sums": [47929.0, 59126.0, 63885.333333347924, 66522.08333334657, 68199.88333333276, 69343.04999999328, 70178.04999998774, 70836.67499998695, 71349.34166664683, 71761.44166664458], "recall_sums": [47929, 70323, 84601, 95148, 103537, 110396, 116241, 121510, 126124, 130245]}, {"name": "np", "num_cur": 390000, "num_top": 20630, "num_top_5": 43188, "num_top_10": 53372, "ndcg_sums": [31407.836892953015, 34750.23553612639, 35081.441699406554, 34693.913688323286, 34183.03174219851, 33632.0093913833, 33099.38108077928, 32627.9297081608, 32209.625391377114, 31836.28305784565], "map_sums": [4205.870827463991, 4867.277107585551, 5066.357831560939, 5124.607848526283, 5126.969097329519, 5118.60897998831, 5097.922205039995, 5070.753785176661, 5038.701689086923, 5006.049092099267], "mrr_sums": [20630.0, 25345.5, 27287.499999997937, 28308.9999999978, 28951.99999999923, 29388.33333333346, 29719.333333334936, 29960.83333333494, 30156.833333333787, 30312.133333332873], "recall_sums": [20630, 30061, 35887, 39973, 43188, 45806, 48123, 50055, 51819, 53372]}, {"name": "pp", "num_cur": 390000, "num_top": 22538, "num_top_5": 47617, "num_top_10": 59362, "ndcg_sums": [32386.7558725499, 36014.65899137025, 36521.0500826208, 36262.09019411037, 35872.936871367914, 35462.284501043345, 35041.556130998906, 34660.15718874615, 34320.19095007838, 34027.649535537224], "map_sums": [4684.199254881396, 5423.279093026607, 5632.755613146585, 5703.986010286544, 5716.988615933387, 5706.354989237575, 5682.597308298155, 5653.479156585732, 5618.719389887465, 5589.154807877607], "mrr_sums": [22538.0, 27676.5, 29826.833333330484, 30975.0833333303, 31726.68333333213, 32244.016666667023, 32616.87380952596, 32892.3738095259, 33118.48492063546, 33297.684920634274], "recall_sums": [22538, 32815, 39266, 43859, 47617, 50721, 53331, 55535, 57570, 59362]}, {"name": "pp+bow", "num_cur": 390000, "num_top": 52444, "num_top_5": 110472, "num_top_10": 137136, "ndcg_sums": [79930.79778538446, 89963.31553358749, 92080.6648179915, 92288.53420240938, 91922.91748331943, 91337.31424437277, 90697.75829239575, 90084.95015167572, 89512.43110256134, 89017.1059054354], "map_sums": [11526.273124179854, 13208.525529213111, 13623.728980868133, 13676.733632516625, 13602.08057913025, 13465.261789398259, 13314.518326303489, 13160.908299915436, 13011.22770537776, 12855.845641230893], "mrr_sums": [52444.0, 64383.5, 69344.83333334317, 72035.3333333381, 73735.93333332415, 74885.43333332114, 75720.14761902961, 76368.27261902925, 76872.60595235653, 77292.60595235672], "recall_sums": [52444, 76323, 91207, 101969, 110472, 117369, 123212, 128397, 132936, 137136]}]}