{"data": "items_CSall_1s_5mindoc_5mincont_wPP_3.1_wNP_both.csv", "num_contexts": 1835797, "num_test_set_items": 490018, "models": [{"name": "bow", "num_cur": 410000, "num_top": 49924, "num_top_5": 107408, "num_top_10": 135145, "ndcg_sums": [77603.40709188882, 87650.72733347245, 89986.86747524068, 90438.84972840716, 90254.22564291024, 89854.01449042052, 89327.80818357087, 88857.26938758037, 88394.18185994138, 87991.03738956145], "map_sums": [128092.14825612238, 139887.7657601714, 143362.20470175488, 144016.180823625, 143479.6894986938, 142448.10489237861, 141153.2625718922, 139873.2392326923, 138515.6527456673, 137205.94962772282], "mrr_sums": [49924.0, 61518.0, 66423.3333333477, 69148.58333334445, 70884.3833333298, 72069.21666665819, 72935.5023809379, 73619.75238093712, 74152.53015870781, 74582.03015870658], "recall_sums": [49924, 73112, 87828, 98729, 107408, 114517, 120581, 126055, 130850, 135145]}, {"name": "np", "num_cur": 410000, "num_top": 21378, "num_top_5": 44569, "num_top_10": 55073, "ndcg_sums": [32528.629099089016, 35951.18544455483, 36267.91292379057, 35854.876209299575, 35320.80116635563, 34744.03996450046, 34192.72094485832, 33701.33225932812, 33266.1412294175, 32879.53863204082], "map_sums": [52646.401527815884, 57959.54387474032, 60040.740125717406, 60725.233539764864, 60902.00964722603, 60820.520413830345, 60618.18357261747, 60382.420840387385, 60045.55075729475, 59703.453829856015], "mrr_sums": [21378.0, 26229.0, 28225.666666664405, 29273.416666664267, 29935.016666665764, 30384.18333333342, 30725.754761906443, 30975.129761906446, 31176.796428571877, 31337.596428570883], "recall_sums": [21378, 31080, 37070, 41261, 44569, 47264, 49655, 51650, 53465, 55073]}, {"name": "pp", "num_cur": 410000, "num_top": 23344, "num_top_5": 49288, "num_top_10": 61419, "ndcg_sums": [33567.20493293294, 37324.30816204408, 37841.788865821174, 37562.53164645398, 37152.214081660946, 36718.84954079919, 36277.07689288602, 35874.46637625144, 35519.66713268852, 35211.846167193995], "map_sums": [52875.45308810476, 59133.678646619606, 61658.00398631347, 62680.46673543943, 63111.51308115352, 63187.85864269544, 63083.81143931378, 62882.33243900391, 62625.53950217214, 62338.1593773274], "mrr_sums": [23344.0, 28669.0, 30897.3333333302, 32080.333333330018, 32855.73333333197, 33390.56666666708, 33776.70952381154, 34060.70952381139, 34293.93174603196, 34478.73174603069], "recall_sums": [23344, 33994, 40679, 45411, 49288, 52497, 55200, 57472, 59571, 61419]}, {"name": "pp+bow", "num_cur": 410000, "num_top": 54583, "num_top_5": 114547, "num_top_10": 142239, "ndcg_sums": [83216.34092602378, 93585.07594364454, 95743.70950332323, 95932.1024378859, 95541.15675792159, 94916.65414895063, 94232.26388194162, 93581.51275290265, 92979.6497713206, 92458.55376406146], "map_sums": [135649.21513949495, 147191.4701013687, 150411.65441621628, 150747.28048091728, 149974.40687025586, 148770.94743216867, 147294.00090946752, 145852.22894539745, 144396.66701407736, 142992.6331197227], "mrr_sums": [54583.0, 66925.0, 72044.00000000754, 74825.00000000247, 76584.79999998766, 77779.13333331929, 78642.41904759877, 79315.1690475984, 79840.83571425872, 80277.8357142599], "recall_sums": [54583, 79267, 94624, 105748, 114547, 121713, 127756, 133138, 137869, 142239]}]}