{"data": "items_CSall_1s_5mindoc_5mincont_wPP_3.1_wNP_both.csv", "num_contexts": 1835797, "num_test_set_items": 490018, "models": [{"name": "bow", "num_cur": 240000, "num_top": 30615, "num_top_5": 65141, "num_top_10": 81385, "ndcg_sums": [46304.16710197323, 52254.64381305603, 53575.24962198699, 53788.25888783519, 53671.36904736641, 53423.32756350746, 53118.0764759047, 52854.21527030647, 52600.372956353276, 52387.59697013244], "map_sums": [68492.0, 79475.5, 82660.24999999125, 83538.69444445075, 83516.84305553841, 83078.36972220162, 82469.37785712264, 81793.00328229816, 81098.54274941381, 80385.51416255631], "mrr_sums": [30615.0, 37681.5, 40583.50000000108, 42207.00000000207, 43245.60000000047, 43933.26666666616, 44445.98095238013, 44846.355952379985, 45158.68928571039, 45410.18928570817], "recall_sums": [30615, 44748, 53454, 59948, 65141, 69267, 72856, 76059, 78870, 81385]}, {"name": "np", "num_cur": 240000, "num_top": 13070, "num_top_5": 27176, "num_top_10": 33445, "ndcg_sums": [19586.407763256157, 21601.867667748098, 21777.550507634787, 21530.601906929845, 21191.463875397803, 20851.80812056913, 20521.942312978925, 20237.341948163714, 19991.775838913254, 19765.59602517158], "map_sums": [28802.0, 33561.0, 35178.74999999683, 35762.72222222044, 35968.44305555439, 35987.475277777616, 35905.774047620704, 35783.34583900338, 35606.89880243678, 35418.33187200598], "mrr_sums": [13070.0, 16033.0, 17253.666666667228, 17893.91666666709, 18285.316666667604, 18559.150000000653, 18760.578571429287, 18909.07857142929, 19032.745238095857, 19124.24523809587], "recall_sums": [13070, 18996, 22658, 25219, 27176, 28819, 30229, 31417, 32530, 33445]}, {"name": "pp", "num_cur": 240000, "num_top": 14453, "num_top_5": 30144, "num_top_10": 37523, "ndcg_sums": [20493.890593651842, 22705.834218357304, 22971.387015796656, 22795.30372665536, 22555.01047607816, 22299.47040703671, 22042.856432476383, 21811.42275382109, 21616.71689160046, 21440.93614492748], "map_sums": [29037.0, 34560.0, 36447.9999999977, 37214.41666666595, 37576.50833333246, 37661.80388888868, 37648.780436509376, 37540.31568594188, 37398.26582907978, 37239.14223040712], "mrr_sums": [14453.0, 17699.5, 19034.500000000116, 19743.749999999935, 20214.950000000743, 20535.616666667538, 20769.045238096383, 20943.920238096387, 21089.364682540545, 21200.66468254037], "recall_sums": [14453, 20946, 24951, 27788, 30144, 32068, 33702, 35101, 36410, 37523]}, {"name": "pp+bow", "num_cur": 240000, "num_top": 33540, "num_top_5": 69276, "num_top_10": 85544, "ndcg_sums": [49840.54632002846, 55875.460551369244, 57072.828266484015, 57095.52540047093, 56832.1210412951, 56450.64237118101, 56046.17669120632, 55682.305166223865, 55355.06697574371, 55076.9883083058], "map_sums": [72893.0, 83836.5, 86833.83333331805, 87547.27777778363, 87398.16666664775, 86869.22472220015, 86139.47853172434, 85381.48448411073, 84601.29261335816, 83823.32683057646], "mrr_sums": [33540.0, 41000.5, 44030.833333335984, 45659.333333336595, 46701.3333333341, 47402.33333333225, 47908.19047618888, 48307.94047618881, 48616.496031741415, 48871.096031739085], "recall_sums": [33540, 48461, 57552, 64066, 69276, 73482, 77023, 80221, 82998, 85544]}]}