{"data": "items_CSall_1s_5mindoc_5mincont_wPP_3.1_wNP_both.csv", "num_contexts": 1835797, "num_test_set_items": 490018, "models": [{"name": "bow", "num_cur": 200000, "num_top": 25753, "num_top_5": 54014, "num_top_10": 67426, "ndcg_sums": [38712.085512394566, 43487.930524886826, 44518.961112379846, 44663.51947171342, 44555.23225382933, 44354.56205476662, 44109.91984845172, 43910.301962874844, 43719.06780577682, 43556.20429567673], "map_sums": [57039.0, 66171.5, 68762.75000001644, 69472.66666667638, 69449.95138888231, 69075.40333332, 68559.97238093843, 67999.47501132601, 67421.01285145846, 66833.4341212999], "mrr_sums": [25753.0, 31521.5, 33914.83333333071, 35240.3333333317, 36088.73333333287, 36657.066666666964, 37079.35238095368, 37410.60238095353, 37668.269047618065, 37875.96904761648], "recall_sums": [25753, 37290, 44470, 49772, 54014, 57424, 60380, 63030, 65349, 67426]}, {"name": "np", "num_cur": 200000, "num_top": 10827, "num_top_5": 22348, "num_top_10": 27581, "ndcg_sums": [16166.212818991142, 17746.49241965857, 17870.238249200633, 17684.320795835014, 17429.553408470372, 17164.808008054904, 16907.906617241904, 16689.307389870002, 16494.676886702062, 16318.163269825463], "map_sums": [23717.0, 27681.0, 29021.16666666317, 29513.08333333102, 29695.059722221788, 29710.69111111215, 29657.13476190755, 29564.014280047468, 29427.006320862412, 29287.59151722703], "mrr_sums": [10827.0, 13209.0, 14196.666666667248, 14731.91666666729, 15062.516666667738, 15294.683333334107, 15463.111904762516, 15588.986904762527, 15688.76468254047, 15764.364682540656], "recall_sums": [10827, 15591, 18554, 20695, 22348, 23741, 24920, 25927, 26825, 27581]}, {"name": "pp", "num_cur": 200000, "num_top": 12048, "num_top_5": 24904, "num_top_10": 31014, "ndcg_sums": [17004.06527379608, 18735.14743732166, 18951.188402566273, 18813.900690035764, 18626.495751481176, 18423.95494832286, 18225.012260118267, 18047.69397235694, 17899.47472882148, 17762.58350008975], "map_sums": [24013.0, 28556.0, 30120.41666666254, 30753.361111108865, 31059.66249999982, 31141.635000001694, 31140.566746035656, 31061.27632086467, 30955.217314343132, 30830.916497228023], "mrr_sums": [12048.0, 14667.5, 15775.166666667383, 16362.166666667425, 16751.36666666794, 17012.366666667633, 17207.795238096063, 17355.045238096067, 17475.15634920726, 17566.85634920737], "recall_sums": [12048, 17287, 20610, 22958, 24904, 26470, 27838, 29016, 30097, 31014]}, {"name": "pp+bow", "num_cur": 200000, "num_top": 28062, "num_top_5": 57387, "num_top_10": 70796, "ndcg_sums": [41534.296116168174, 46408.90770052559, 47348.62397262961, 47342.44195406606, 47119.50645599944, 46818.9650321539, 46496.80874208634, 46212.79024785926, 45966.44347082124, 45752.03958231141], "map_sums": [60587.0, 69706.5, 72154.41666667692, 72708.36111112, 72576.88888887982, 72139.63111109601, 71536.07702379405, 70904.59340134719, 70257.24850763657, 69618.98978393522], "mrr_sums": [28062.0, 34163.5, 36673.8333333322, 38003.33333333281, 38857.93333333304, 39432.766666666364, 39855.480952381346, 40181.35595238127, 40438.355952379075, 40646.45595237742], "recall_sums": [28062, 40265, 47796, 53114, 57387, 60836, 63795, 66402, 68715, 70796]}]}