{"data": "items_CSall_1s_5mindoc_5mincont_wPP_3.1_wNP_both.csv", "num_contexts": 1835797, "num_test_set_items": 490018, "models": [{"name": "bow", "num_cur": 190000, "num_top": 24446, "num_top_5": 51169, "num_top_10": 63862, "ndcg_sums": [36650.80261531935, 41168.69590870016, 42137.55164275471, 42285.120733300784, 42160.374265777, 41958.97996636227, 41726.179900030205, 41536.59310538621, 41351.85457620707, 41198.359594901274], "map_sums": [53911.0, 62589.0, 65061.00000002148, 65752.00000001075, 65755.85555555158, 65417.334999988474, 64935.03253966978, 64409.315736950186, 63865.9630456203, 63314.23729527371], "mrr_sums": [24446.0, 29915.5, 32166.833333330273, 33428.333333330665, 34225.13333333259, 34762.80000000046, 35160.800000001815, 35474.92500000167, 35718.480555555296, 35916.08055555386], "recall_sums": [24446, 35385, 42139, 47185, 51169, 54395, 57181, 59694, 61886, 63862]}, {"name": "np", "num_cur": 190000, "num_top": 10367, "num_top_5": 21246, "num_top_10": 26167, "ndcg_sums": [15397.209501460635, 16873.495654186212, 16986.22886517431, 16801.45210285445, 16555.36133214915, 16297.620706989295, 16050.655387774314, 15842.097001261263, 15656.36309049789, 15489.924483251803], "map_sums": [22511.0, 26273.0, 27543.99999999708, 28012.138888886875, 28192.887499999782, 28208.48888888988, 28157.101468256453, 28072.491768709344, 27943.88516439976, 27813.725824042405], "mrr_sums": [10367.0, 12616.5, 13553.166666667155, 14054.916666667197, 14367.51666666758, 14584.183333334006, 14742.326190476719, 14861.32619047673, 14955.215079365773, 15026.915079365945], "recall_sums": [10367, 14866, 17676, 19683, 21246, 22546, 23653, 24605, 25450, 26167]}, {"name": "pp", "num_cur": 190000, "num_top": 11362, "num_top_5": 23500, "num_top_10": 29247, "ndcg_sums": [16035.571624257467, 17630.690507135107, 17838.733472943914, 17705.40233055897, 17524.842557231394, 17334.943524702518, 17151.673807827723, 16984.24518358632, 16848.937021946313, 16722.209498213666], "map_sums": [22645.0, 26931.0, 28412.749999996555, 29009.47222222021, 29301.701388888934, 29382.333888890556, 29381.439761908303, 29308.30874149936, 29209.538187359027, 29096.375027399517], "mrr_sums": [11362.0, 13818.5, 14875.16666666729, 15430.166666667332, 15797.166666667852, 16041.83333333423, 16226.40476190544, 16363.279761905458, 16477.613095238958, 16563.913095239146], "recall_sums": [11362, 16275, 19445, 21665, 23500, 24968, 26260, 27355, 28384, 29247]}, {"name": "pp+bow", "num_cur": 190000, "num_top": 26573, "num_top_5": 54330, "num_top_10": 67038, "ndcg_sums": [39266.574618913146, 43876.11275520457, 44756.44811435065, 44761.599235709946, 44544.075057398244, 44252.4181739373, 43946.26432309556, 43677.694258266514, 43450.033089965094, 43248.73895487846], "map_sums": [57218.0, 65912.0, 68238.25000001652, 68780.3055555652, 68675.87499999336, 68281.16333331987, 67719.2348412557, 67125.48222220922, 66517.06098496153, 65917.46603739943], "mrr_sums": [26573.0, 32354.0, 34722.99999999784, 35986.74999999845, 36793.34999999938, 37335.349999999846, 37737.06428571513, 38044.68928571506, 38290.244841268584, 38487.54484126709], "recall_sums": [26573, 38135, 45242, 50297, 54330, 57582, 60394, 62855, 65065, 67038]}]}