{"data": "items_CSall_1s_5mindoc_5mincont_wPP_3.1_wNP_both.csv", "num_contexts": 1835797, "num_test_set_items": 490018, "models": [{"name": "bow", "num_cur": 80000, "num_top": 10564, "num_top_5": 22296, "num_top_10": 27707, "ndcg_sums": [15954.989514288234, 18037.080136552, 18476.537065628923, 18538.8691525547, 18457.310423247294, 18331.88885241098, 18187.81631753408, 18059.8282832042, 17927.672394969835, 17820.233636371697], "map_sums": [2023.9605927275516, 2352.6140309039124, 2434.0766697338418, 2452.7973523045534, 2443.4684566279293, 2424.2175932077985, 2398.7257275411885, 2373.6196522609653, 2345.7578508214283, 2320.2714602881247], "mrr_sums": [10564.0, 12987.5, 13986.166666667188, 14543.916666667237, 14875.516666667816, 15111.35000000086, 15274.492857143536, 15409.367857143541, 15510.590079365924, 15596.990079366167], "recall_sums": [10564, 15411, 18407, 20638, 22296, 23711, 24853, 25932, 26843, 27707]}, {"name": "np", "num_cur": 80000, "num_top": 4633, "num_top_5": 9296, "num_top_10": 11520, "ndcg_sums": [6888.392847121671, 7541.1404174785175, 7553.483496042322, 7464.014979779543, 7356.873016297065, 7236.886209774857, 7132.216513367192, 7029.539972112593, 6938.849040198354, 6852.539738437653], "map_sums": [814.6879574982833, 942.6413267636068, 980.0555234803388, 993.2283802519866, 994.89224329132, 993.466478922971, 989.7639766679451, 985.7012456415265, 980.5263899069639, 975.1598240981959], "mrr_sums": [4633.0, 5612.0, 6011.666666666628, 6220.666666666614, 6354.666666666521, 6449.499999999878, 6525.07142857128, 6575.071428571276, 6618.293650793553, 6651.993650793584], "recall_sums": [4633, 6591, 7790, 8626, 9296, 9865, 10394, 10794, 11183, 11520]}, {"name": "pp", "num_cur": 80000, "num_top": 4897, "num_top_5": 10060, "num_top_10": 12622, "ndcg_sums": [6969.310452552931, 7660.206183657018, 7751.668605375239, 7677.046938796247, 7587.71302782566, 7496.067317698083, 7413.372434376213, 7337.629185753179, 7267.07654494331, 7200.994932906457], "map_sums": [854.2577758636975, 998.4128113534205, 1040.9446350468775, 1055.5278786639633, 1057.3030595109267, 1055.7892581225021, 1052.12916090726, 1047.707312400014, 1041.191743199648, 1036.906623237229], "mrr_sums": [4897.0, 5946.0, 6394.666666666556, 6629.916666666537, 6785.516666666408, 6891.683333333142, 6973.254761904523, 7035.379761904519, 7086.268650793479, 7126.16865079354], "recall_sums": [4897, 6995, 8341, 9282, 10060, 10697, 11268, 11765, 12223, 12622]}, {"name": "pp+bow", "num_cur": 80000, "num_top": 11397, "num_top_5": 23614, "num_top_10": 28944, "ndcg_sums": [17042.73085514778, 19215.509179913344, 19611.89122255918, 19624.159939665387, 19495.437350134467, 19332.948623786044, 19162.469271496564, 18997.670982339012, 18847.415586931686, 18715.066986888625], "map_sums": [2113.8820719049277, 2452.8257528905933, 2535.231508690419, 2551.2940691320523, 2537.3152796902127, 2513.0624411981094, 2485.370862058048, 2453.1519164426677, 2426.3939039454212, 2398.7986391946533], "mrr_sums": [11397.0, 13988.0, 15031.000000000678, 15593.250000000731, 15924.650000001304, 16155.150000000984, 16325.435714286481, 16450.935714286497, 16551.935714286657, 16636.13571428689], "recall_sums": [11397, 16579, 19708, 21957, 23614, 24997, 26189, 27193, 28102, 28944]}]}