{"data": "items_CSall_1s_5mindoc_5mincont_wPP_3.1_wNP_both.csv", "num_contexts": 1835797, "num_test_set_items": 490018, "models": [{"name": "bow", "num_cur": 130000, "num_top": 16683, "num_top_5": 34955, "num_top_10": 43682, "ndcg_sums": [25150.353642034985, 28330.35557509894, 29022.323777532907, 29147.923376054554, 29042.612532609168, 28898.123771685587, 28724.52630048488, 28583.449827945442, 28434.107119590313, 28311.795073316374], "map_sums": [3679.4863774523037, 4260.231458422679, 4403.696063147948, 4432.911129247266, 4415.131147692293, 4377.593027261697, 4333.566343108599, 4291.406091620643, 4244.437835881076, 4198.236956281333], "mrr_sums": [16683.0, 20427.0, 21974.666666666166, 22852.166666666017, 23378.366666667163, 23749.200000000856, 24018.20000000162, 24237.325000001605, 24401.213888889877, 24540.31388888941], "recall_sums": [16683, 24171, 28814, 32324, 34955, 37180, 39063, 40816, 42291, 43682]}, {"name": "np", "num_cur": 130000, "num_top": 7140, "num_top_5": 14472, "num_top_10": 17898, "ndcg_sums": [10584.18577113314, 11584.609054221977, 11644.380581450354, 11521.047841622672, 11356.063784620486, 11186.17151550918, 11022.280387417377, 10880.588386590181, 10754.381157474021, 10636.613456958048], "map_sums": [1445.7344545361384, 1671.4824819273404, 1735.5034478044934, 1753.9677162744856, 1755.0319167246487, 1753.7826817438245, 1748.9061036059354, 1741.5080665635253, 1732.2295629737287, 1722.6596356959656], "mrr_sums": [7140.0, 8661.0, 9298.999999999945, 9631.249999999987, 9840.649999999994, 9987.48333333334, 10098.769047618996, 10181.519047619007, 10248.741269841335, 10298.641269841428], "recall_sums": [7140, 10182, 12096, 13425, 14472, 15353, 16132, 16794, 17399, 17898]}, {"name": "pp", "num_cur": 130000, "num_top": 7663, "num_top_5": 15850, "num_top_10": 19868, "ndcg_sums": [10890.966291574532, 11961.983815988124, 12132.303413963238, 12039.769144371581, 11920.770048119575, 11793.79416796837, 11673.473645527129, 11560.092666298871, 11463.34385029858, 11375.876843521177], "map_sums": [1592.9800364879206, 1840.917375407422, 1918.1152953866863, 1942.9710612283584, 1949.198627850068, 1945.9186041165192, 1937.5684357274513, 1929.895307831621, 1919.5167991773385, 1912.2095766262523], "mrr_sums": [7663.0, 9305.5, 10026.166666666679, 10397.91666666672, 10648.516666666817, 10817.016666666806, 10947.873809523828, 11044.123809523846, 11123.234920635095, 11184.134920635242], "recall_sums": [7663, 10948, 13110, 14597, 15850, 16861, 17777, 18547, 19259, 19868]}, {"name": "pp+bow", "num_cur": 130000, "num_top": 18038, "num_top_5": 37084, "num_top_10": 45746, "ndcg_sums": [26878.974275295677, 30172.110092838568, 30809.16969109947, 30832.78222813827, 30668.032307135603, 30466.94181535294, 30240.564972124546, 30037.79027697463, 29866.113788624432, 29707.975583069216], "map_sums": [3859.725351351379, 4451.961455976185, 4594.20194899935, 4616.619581722349, 4590.008587897258, 4550.211252430507, 4502.024323768612, 4447.709843892805, 4400.966574626466, 4350.044413847809], "mrr_sums": [18038.0, 22029.5, 23657.166666665777, 24525.416666665573, 25066.816666666815, 25438.81666666737, 25709.388095239632, 25916.63809523964, 26085.97142857214, 26221.371428571627], "recall_sums": [18038, 26021, 30904, 34377, 37084, 39316, 41210, 42868, 44392, 45746]}]}