{"data": "items_CSall_1s_5mindoc_5mincont_wPP_3.1_wNP_both.csv", "num_contexts": 1835797, "num_test_set_items": 490018, "models": [{"name": "bow", "num_cur": 140000, "num_top": 17901, "num_top_5": 37536, "num_top_10": 46882, "ndcg_sums": [26951.56633785664, 30349.571258427226, 31078.850599482386, 31200.617586451666, 31077.552943739065, 30921.929588479605, 30739.2107168481, 30589.733873097644, 30434.025017291657, 30306.067519341377], "map_sums": [4042.7878095512187, 4678.16198615534, 4839.7673016004865, 4871.584365108465, 4853.029493836199, 4812.166085549079, 4765.446700595504, 4720.193613584035, 4668.893892256739, 4617.339674935841], "mrr_sums": [17901.0, 21939.0, 23601.99999999908, 24542.99999999893, 25104.200000000204, 25501.700000000757, 25792.128571430327, 26025.628571430312, 26202.295238096176, 26349.295238095594], "recall_sums": [17901, 25977, 30966, 34730, 37536, 39921, 41954, 43822, 45412, 46882]}, {"name": "np", "num_cur": 140000, "num_top": 7629, "num_top_5": 15488, "num_top_10": 19141, "ndcg_sums": [11310.944355935433, 12389.430527452476, 12457.206269853503, 12319.964502293862, 12143.622213432833, 11959.956297152745, 11785.530323641065, 11638.100281669213, 11504.688510472097, 11379.95839900638], "map_sums": [1585.3511725269873, 1834.7812229130666, 1906.585460297425, 1927.5731676659957, 1928.4369723533569, 1927.2198814510607, 1922.1208774750005, 1914.135029006285, 1903.8095097246858, 1892.6380446900273], "mrr_sums": [7629.0, 9261.5, 9946.166666666697, 10300.916666666739, 10525.1166666668, 10682.450000000108, 10800.450000000037, 10889.575000000048, 10960.908333333495, 11013.708333333598], "recall_sums": [7629, 10894, 12948, 14367, 15488, 16432, 17258, 17971, 18613, 19141]}, {"name": "pp", "num_cur": 140000, "num_top": 8202, "num_top_5": 16994, "num_top_10": 21286, "ndcg_sums": [11665.239595002586, 12816.918739681398, 12993.982109544972, 12891.38964160918, 12763.194290499721, 12628.847050140093, 12500.000083798523, 12378.19669443528, 12275.638983881387, 12183.06258773974], "map_sums": [1753.20601050496, 2023.4076803331106, 2108.7097381341755, 2135.708051568299, 2141.678780282327, 2138.821500616294, 2129.9478326275566, 2120.4909025295747, 2109.302242643521, 2101.372099753873], "mrr_sums": [8202.0, 9971.0, 10745.00000000011, 11143.500000000151, 11411.10000000031, 11593.600000000248, 11733.885714285823, 11835.385714285841, 11919.607936508211, 11984.107936508371], "recall_sums": [8202, 11740, 14062, 15656, 16994, 18089, 19071, 19883, 20641, 21286]}, {"name": "pp+bow", "num_cur": 140000, "num_top": 19389, "num_top_5": 39834, "num_top_10": 49132, "ndcg_sums": [28838.868211984478, 32344.388089733013, 33001.0662068598, 33014.545608836444, 32832.85293368276, 32613.90126964079, 32376.21909556645, 32161.680257287127, 31979.650169481927, 31814.64574367269], "map_sums": [4245.548600889625, 4895.343260591682, 5051.622479263244, 5075.632830629111, 5047.603359271935, 5002.554483357142, 4950.87162862329, 4893.672583612508, 4842.040116981663, 4785.642116165006], "mrr_sums": [19389.0, 23691.0, 25429.666666665373, 26359.16666666517, 26940.566666666557, 27339.56666666731, 27632.13809523981, 27854.388095239818, 28035.721428572142, 28180.321428571497], "recall_sums": [19389, 27993, 33209, 36927, 39834, 42228, 44276, 46054, 47686, 49132]}]}