{"data": "items_CSall_1s_5mindoc_5mincont_wPP_3.1_wNP_both.csv", "num_contexts": 1835797, "num_test_set_items": 490018, "models": [{"name": "bow", "num_cur": 430000, "num_top": 51263, "num_top_5": 110426, "num_top_10": 139029, "ndcg_sums": [80071.55326290861, 90477.75858337113, 92919.93813107105, 93396.31344965499, 93205.55453920465, 92788.60959072145, 92246.58012512873, 91761.40485980322, 91279.89990623812, 90863.19690174401], "map_sums": [11657.55249416348, 13433.658671941323, 13896.668930446362, 13970.050639708623, 13907.792270067046, 13776.640591720294, 13631.299706578468, 13482.894059841512, 13323.14613494462, 13172.721275541777], "mrr_sums": [51263.0, 63190.0, 68242.00000001224, 71043.50000000898, 72832.89999999355, 74054.89999998969, 74945.18571426906, 75650.31071426827, 76201.19960314981, 76645.19960314942], "recall_sums": [51263, 75117, 90273, 101479, 110426, 117758, 123990, 129631, 134589, 139029]}, {"name": "np", "num_cur": 430000, "num_top": 21782, "num_top_5": 45399, "num_top_10": 56112, "ndcg_sums": [33298.379674662254, 36819.18971715532, 37148.251336871275, 36730.708047568136, 36186.20525830347, 35594.95192078074, 35028.78227295983, 34523.350708375765, 34078.51723940451, 33680.921246907106], "map_sums": [4445.350230879608, 5152.777304577431, 5364.586629909016, 5425.587737116051, 5429.339442236528, 5420.6077593276095, 5398.028741748274, 5369.347710340644, 5334.714298368456, 5299.844165404317], "mrr_sums": [21782.0, 26720.0, 28749.333333330953, 29819.833333330815, 30494.033333332358, 30951.53333333341, 31298.53333333506, 31552.783333335065, 31759.89444444486, 31923.99444444382], "recall_sums": [21782, 31658, 37746, 42028, 45399, 48144, 50573, 52607, 54471, 56112]}, {"name": "pp", "num_cur": 430000, "num_top": 23801, "num_top_5": 50284, "num_top_10": 62694, "ndcg_sums": [34369.659043949265, 38232.129097793346, 38760.21668395838, 38480.968622005705, 38063.728403733585, 37622.52050444086, 37169.74681552632, 36757.38582534873, 36394.01108978867, 36078.69004974585], "map_sums": [4951.633291897839, 5736.367578352487, 5960.93052439601, 6037.605953401292, 6050.451473990451, 6039.540198812359, 6016.4943237917905, 5985.341890283398, 5947.34858891644, 5915.893468211163], "mrr_sums": [23801.0, 29237.5, 31506.49999999672, 32712.749999996537, 33508.34999999864, 34052.850000000275, 34447.13571428748, 34738.010714287324, 34978.12182539668, 35167.62182539534], "recall_sums": [23801, 34674, 41481, 46306, 50284, 53551, 56311, 58638, 60799, 62694]}, {"name": "pp+bow", "num_cur": 430000, "num_top": 55981, "num_top_5": 117668, "num_top_10": 146252, "ndcg_sums": [85785.73688040528, 96538.54354320951, 98789.30046791164, 98995.14407352399, 98599.46615770497, 97957.19692081053, 97252.4557764224, 96579.64469673148, 95963.59072548675, 95423.36315375235], "map_sums": [12260.323862120607, 14064.509402389802, 14511.34198970791, 14568.607332706542, 14488.206033772489, 14344.132947340086, 14180.843073028318, 14014.076437476308, 13853.263299633049, 13684.90236836517], "mrr_sums": [55981.0, 68677.5, 73935.50000000552, 76798.25000000045, 78612.04999998485, 79845.54999998429, 80733.8357142634, 81426.71071426304, 81974.15515870081, 82423.65515870272], "recall_sums": [55981, 81374, 97148, 108599, 117668, 125069, 131287, 136830, 141757, 146252]}]}