{"data": "items_CSall_1s_5mindoc_5mincont_wPP_3.1_wNP_both.csv", "num_contexts": 1835797, "num_test_set_items": 490018, "models": [{"name": "bow", "num_cur": 490000, "num_top": 55227, "num_top_5": 118641, "num_top_10": 149403, "ndcg_sums": [87292.9287173839, 98662.45097771514, 101362.82244439945, 101915.39635809694, 101739.83328608391, 101298.67401316517, 100716.10121282874, 100212.70799872906, 99699.36584911005, 99250.51007221805], "map_sums": [145319.78760192057, 159379.37815262284, 163654.84884765683, 164547.76633733755, 164044.75575454728, 162923.95861490176, 161502.97183032223, 160078.29475804162, 158554.18246602878, 157077.66636852175], "mrr_sums": [55227.0, 68000.0, 73422.33333334018, 76418.08333333692, 78341.68333331954, 79652.01666665159, 80605.87380950146, 81366.37380950067, 81960.92936504824, 82439.72936504988], "recall_sums": [55227, 80773, 97040, 109023, 118641, 126503, 133180, 139264, 144615, 149403]}, {"name": "np", "num_cur": 490000, "num_top": 23356, "num_top_5": 48738, "num_top_10": 60411, "ndcg_sums": [36128.68940932954, 39977.86230622778, 40367.58981955913, 39940.966363098574, 39390.08849105768, 38776.14676188787, 38179.641969019714, 37643.60802386001, 37173.17466558565, 36751.32296823501], "map_sums": [59022.88536046687, 65212.50957467491, 67678.91034673234, 68491.52729811726, 68763.19465217803, 68702.67336468372, 68498.60549155885, 68254.88980607377, 67891.45226428137, 67523.75406036513], "mrr_sums": [23356.0, 28626.0, 30805.66666666374, 31958.6666666636, 32696.866666665377, 33195.700000000084, 33574.27142857329, 33850.77142857325, 34076.438095238176, 34255.13809523658], "recall_sums": [23356, 33896, 40435, 45047, 48738, 51731, 54381, 56593, 58624, 60411]}, {"name": "pp", "num_cur": 490000, "num_top": 25651, "num_top_5": 54030, "num_top_10": 67442, "ndcg_sums": [37301.17065529654, 41471.270486965244, 42051.81268823911, 41759.26525414065, 41319.566113940935, 40847.90131708127, 40365.15718665674, 39922.28702010117, 39531.723536924444, 39189.75701553951], "map_sums": [59133.45867077577, 66294.61869136435, 69243.97107828742, 70469.8505504244, 71012.19167950335, 71146.93090736121, 71064.94780647618, 70877.8230435119, 70604.98336297479, 70305.8084720881], "mrr_sums": [25651.0, 31455.0, 33889.666666663616, 35189.91666666437, 36043.11666666567, 36632.94999999998, 37057.52142857246, 37372.896428572305, 37632.118650792494, 37836.61865079094], "recall_sums": [25651, 37259, 44563, 49764, 54030, 57569, 60541, 63064, 65397, 67442]}, {"name": "pp+bow", "num_cur": 490000, "num_top": 60350, "num_top_5": 126431, "num_top_10": 157215, "ndcg_sums": [93552.94494608627, 105290.41074603601, 107773.82018956139, 108034.05612350389, 107644.42967845807, 106962.15102756022, 106205.97378391771, 105489.88868120183, 104841.33844214736, 104255.91045856736], "map_sums": [153842.66886711575, 167706.19222268875, 171619.5568300391, 172157.27246522726, 171411.89713136829, 170104.785133186, 168462.00054656202, 166852.30341878664, 165225.1089360751, 163641.27213125472], "mrr_sums": [60350.0, 73915.5, 79552.16666666667, 82619.16666666161, 84573.56666664396, 85894.73333331262, 86851.44761901931, 87598.44761901895, 88194.11428567824, 88676.41428568205], "recall_sums": [60350, 87481, 104391, 116659, 126431, 134358, 141055, 147031, 152392, 157215]}]}