{"data": "items_CSall_1s_5mindoc_5mincont_wPP_3.1_wNP_both.csv", "num_contexts": 1835797, "num_test_set_items": 490018, "models": [{"name": "bow", "num_cur": 100000, "num_top": 12879, "num_top_5": 27174, "num_top_10": 33890, "ndcg_sums": [19615.769378439196, 22163.75801442842, 22750.23665443965, 22860.899391860476, 22784.963259753444, 22657.20604546332, 22507.215607629347, 22378.36184076023, 22238.57044781888, 22121.785798758683], "map_sums": [2566.775639175604, 2978.4024888924077, 3085.0077575528526, 3107.7692934609936, 3094.1442265873657, 3067.8119531360185, 3036.483126360884, 3004.7559585956415, 2969.8252473314196, 2935.8147596520703], "mrr_sums": [12879.0, 15806.5, 17030.500000000677, 17712.250000000528, 18120.450000001245, 18407.450000000994, 18610.16428571532, 18780.039285715306, 18906.817063493007, 19014.317063493], "recall_sums": [12879, 18734, 22406, 25133, 27174, 28896, 30315, 31674, 32815, 33890]}, {"name": "np", "num_cur": 100000, "num_top": 5529, "num_top_5": 11280, "num_top_10": 14016, "ndcg_sums": [8286.419684718152, 9113.303680317536, 9167.53248497368, 9080.773382918564, 8962.823493659449, 8826.65504176142, 8701.314899712774, 8585.649147919446, 8482.676778046005, 8382.44464576554], "map_sums": [1031.8177668123599, 1196.4259904630246, 1242.470294829297, 1258.0346710485323, 1259.2908047150345, 1257.3038251473874, 1253.8333078509263, 1248.2509905896857, 1240.990494493859, 1234.2444053123352], "mrr_sums": [5529.0, 6722.0, 7214.999999999876, 7476.249999999863, 7644.449999999739, 7759.9499999998, 7850.807142856888, 7915.307142856884, 7969.862698412515, 8009.8626984125685], "recall_sums": [5529, 7915, 9394, 10439, 11280, 11973, 12609, 13125, 13616, 14016]}, {"name": "pp", "num_cur": 100000, "num_top": 5889, "num_top_5": 12189, "num_top_10": 15319, "ndcg_sums": [8463.337290149411, 9325.164458218103, 9456.945783183224, 9384.019542465634, 9290.876973692435, 9190.763578114742, 9095.454933923187, 9008.439913077878, 8922.41854307465, 8846.162813435003], "map_sums": [1114.874367267591, 1294.4914446138414, 1347.6648551730036, 1365.4135210338848, 1368.0007039383581, 1366.6050857610308, 1360.3543976266856, 1354.8342634667968, 1347.3829261606886, 1342.503501894627], "mrr_sums": [5889.0, 7167.5, 7715.499999999799, 8001.74999999978, 8192.54999999962, 8323.216666666412, 8424.359523809202, 8501.35952380922, 8561.470634920435, 8609.570634920536], "recall_sums": [5889, 8446, 10090, 11235, 12189, 12973, 13681, 14297, 14838, 15319]}, {"name": "pp+bow", "num_cur": 100000, "num_top": 13937, "num_top_5": 28791, "num_top_10": 35438, "ndcg_sums": [20972.83157047269, 23601.444479634545, 24144.276255345372, 24181.811047128176, 24052.24098943288, 23879.819367247866, 23693.254530729595, 23519.71186052298, 23359.052322224707, 23212.70452150215], "map_sums": [2689.3674107979864, 3108.2100852967674, 3214.665739833147, 3234.030008617121, 3213.343260280241, 3182.465752450986, 3148.0059994418903, 3107.8313816071595, 3075.909849817419, 3039.6928927615063], "mrr_sums": [13937.0, 17046.5, 18326.833333333707, 19008.083333333503, 19421.88333333428, 19705.71666666753, 19914.71666666769, 20074.966666667697, 20203.411111111902, 20307.711111111843], "recall_sums": [13937, 20156, 23997, 26722, 28791, 30494, 31957, 33239, 34395, 35438]}]}