{"data": "items_CSall_1s_5mindoc_5mincont_wPP_3.1_wNP_both.csv", "num_contexts": 1835797, "num_test_set_items": 490018, "models": [{"name": "bow", "num_cur": 340000, "num_top": 43062, "num_top_5": 91781, "num_top_10": 115282, "ndcg_sums": [65707.4696684099, 74098.24487584035, 75995.15743907024, 76333.00748266731, 76145.76255808168, 75799.67476718214, 75371.67270448104, 74997.65644303792, 74632.47738402974, 74315.38758045652], "map_sums": [107666.8623658438, 117222.20536710268, 120079.09430257842, 120585.17183096742, 120089.86620255248, 119220.71074851435, 118120.94650203854, 117014.36391543006, 115877.55774004116, 114790.57063362675], "mrr_sums": [43062.0, 52961.5, 57099.50000001007, 59402.00000001106, 60861.200000003344, 61861.03333333116, 62596.89047618474, 63176.39047618459, 63629.501587290724, 63993.20158728687], "recall_sums": [43062, 62861, 75275, 84485, 91781, 97780, 102931, 107567, 111645, 115282]}, {"name": "np", "num_cur": 340000, "num_top": 18518, "num_top_5": 38705, "num_top_10": 47742, "ndcg_sums": [27879.226509636213, 30809.904539179923, 31083.971321692534, 30734.46189249083, 30261.541560076068, 29766.579964385695, 29293.51986143475, 28877.349423269905, 28512.820252597205, 28184.364919992873], "map_sums": [44940.79536853931, 49295.05376749982, 51011.07525992439, 51548.551934838935, 51669.76668095765, 51591.5697870639, 51405.20136659446, 51191.65520246322, 50907.11662232301, 50621.85406176746], "mrr_sums": [18518.0, 22739.5, 24476.833333332015, 25395.583333331877, 25966.983333333046, 26353.983333333585, 26647.69761904894, 26861.822619048944, 27037.711507936972, 27174.011507936335], "recall_sums": [18518, 26961, 32173, 35848, 38705, 41027, 43083, 44796, 46379, 47742]}, {"name": "pp", "num_cur": 340000, "num_top": 20284, "num_top_5": 42771, "num_top_10": 53381, "ndcg_sums": [28896.742602427872, 32080.326864959716, 32527.928689858934, 32300.65531048859, 31961.343185581954, 31594.852936477557, 31230.908537480656, 30896.202789718478, 30604.351471029953, 30353.737038996835], "map_sums": [45357.74306197485, 50529.119267897906, 52627.472752013986, 53451.39420989826, 53805.433937889204, 53840.72816800934, 53732.4739671559, 53534.91501983458, 53302.71774093063, 53044.67130843443], "mrr_sums": [20284.0, 24882.0, 26806.666666664638, 27836.916666664456, 28516.11666666602, 28979.61666666719, 29318.330952382898, 29567.7059523829, 29772.817063492857, 29934.51706349195], "recall_sums": [20284, 29480, 35254, 39375, 42771, 45552, 47923, 49918, 51764, 53381]}, {"name": "pp+bow", "num_cur": 340000, "num_top": 47172, "num_top_5": 97930, "num_top_10": 121464, "ndcg_sums": [70626.0145421531, 79224.15426996721, 80953.15004925556, 81046.17273082478, 80681.0579274042, 80148.3263163635, 79590.3606191654, 79062.50188014295, 78577.88099510968, 78158.61787548155], "map_sums": [114250.89348681622, 123529.39517754989, 126142.39158084981, 126358.62425138304, 125656.70784824269, 124631.8884054352, 123372.79448958448, 122154.28889555589, 120924.56898074226, 119752.08117349219], "mrr_sums": [47172.0, 57674.0, 61996.66666667872, 64338.91666667933, 65822.31666666994, 66832.64999999621, 67570.36428570609, 68146.11428570573, 68591.00317458944, 68960.8031745867], "recall_sums": [47172, 68176, 81144, 90513, 97930, 103992, 109156, 113762, 117766, 121464]}]}