{"data": "items_CSall_1s_5mindoc_5mincont_wPP_3.1_wNP_both.csv", "num_contexts": 1835797, "num_test_set_items": 490018, "models": [{"name": "bow", "num_cur": 160000, "num_top": 20381, "num_top_5": 42855, "num_top_10": 53639, "ndcg_sums": [30730.540069459414, 34585.33251130592, 35412.600776602216, 35539.520470908996, 35402.551781302696, 35221.379466917984, 35011.83138574795, 34845.26062308623, 34678.24670705707, 34541.23656945491], "map_sums": [45367.0, 52711.5, 54800.166666679375, 55396.13888889616, 55405.99722221986, 55112.770277770855, 54700.74301586594, 54270.97316892767, 53812.704651350985, 53345.99309758992], "mrr_sums": [20381.0, 24979.5, 26886.499999998192, 27960.749999998043, 28612.549999999646, 29067.883333333953, 29402.311904764003, 29670.81190476399, 29877.923015873854, 30047.82301587294], "recall_sums": [20381, 29578, 35299, 39596, 42855, 45587, 47928, 50076, 51940, 53639]}, {"name": "np", "num_cur": 160000, "num_top": 8724, "num_top_5": 17724, "num_top_10": 21863, "ndcg_sums": [12942.3509192089, 14167.299825652604, 14242.412673820598, 14077.414870957315, 13872.804306225415, 13653.755808934822, 13450.90806374603, 13278.45190635927, 13128.068615543447, 12986.421785202027], "map_sums": [18908.0, 22106.0, 23173.083333332066, 23574.30555555442, 23721.647222222662, 23738.4541666676, 23702.68000000165, 23636.65603741619, 23531.739287132004, 23422.14644179904], "mrr_sums": [8724.0, 10603.5, 11379.500000000196, 11785.250000000238, 12043.250000000422, 12220.583333333658, 12356.29761904784, 12456.422619047851, 12537.089285714648, 12596.889285714777], "recall_sums": [8724, 12483, 14811, 16434, 17724, 18788, 19738, 20539, 21265, 21863]}, {"name": "pp", "num_cur": 160000, "num_top": 9322, "num_top_5": 19415, "num_top_10": 24257, "ndcg_sums": [13271.52631722888, 14616.458252514336, 14806.7177232859, 14693.366992871679, 14538.876799814307, 14376.446968879562, 14226.217860712271, 14086.191099469439, 13972.866509225618, 13869.616537376678], "map_sums": [18857.0, 22455.5, 23729.66666666514, 24236.361111110098, 24499.554166667454, 24573.399166668143, 24581.213928573852, 24522.55359410643, 24442.87859127071, 24352.551245591025], "mrr_sums": [9322.0, 11370.5, 12253.833333333641, 12712.083333333683, 13014.68333333397, 13217.183333333835, 13374.89761904795, 13489.397619047968, 13586.175396825916, 13659.77539682611], "recall_sums": [9322, 13419, 16069, 17902, 19415, 20630, 21734, 22650, 23521, 24257]}, {"name": "pp+bow", "num_cur": 160000, "num_top": 22098, "num_top_5": 45501, "num_top_10": 56194, "ndcg_sums": [32881.63588282648, 36844.20757421174, 37602.05765179292, 37600.27449162357, 37392.505002821745, 37131.80061213483, 36864.336142959015, 36622.592526067405, 36421.402160117745, 36243.523841343005], "map_sums": [48132.0, 55503.0, 57480.08333334738, 57956.66666667445, 57870.198611107684, 57527.34972221376, 57054.912261896294, 56550.834971646844, 56031.36752266496, 55522.301103856415], "mrr_sums": [22098.0, 26990.0, 28997.999999997726, 30060.499999997523, 30729.49999999923, 31183.333333333714, 31522.333333335293, 31778.3333333353, 31986.77777777834, 32154.077777777366], "recall_sums": [22098, 31882, 37906, 42156, 45501, 48224, 50597, 52645, 54521, 56194]}]}