{"data": "items_CSall_1s_5mindoc_5mincont_wPP_3.1_wNP_both.csv", "num_contexts": 1835797, "num_test_set_items": 490018, "models": [{"name": "bow", "num_cur": 70000, "num_top": 9491, "num_top_5": 19734, "num_top_10": 24351, "ndcg_sums": [13948.766358261113, 15698.28769041597, 15989.383206508022, 15998.242222150833, 15891.278831243339, 15754.264935418067, 15609.790304350252, 15486.568494438918, 15364.917712888244, 15267.922494610359], "map_sums": [20253.0, 23647.0, 24571.1666666647, 24841.083333332517, 24834.09166666724, 24703.241944445876, 24496.111388891317, 24283.563021543403, 24052.543830782935, 23814.847464411687], "mrr_sums": [9491.0, 11655.5, 12508.500000000256, 12989.750000000306, 13275.750000000719, 13474.583333333898, 13613.726190476616, 13728.726190476622, 13816.392857143424, 13890.492857143623], "recall_sums": [9491, 13820, 16379, 18304, 19734, 20927, 21901, 22821, 23610, 24351]}, {"name": "np", "num_cur": 70000, "num_top": 4161, "num_top_5": 8110, "num_top_10": 10015, "ndcg_sums": [6030.345806989724, 6521.902472941376, 6493.072086534905, 6400.358234113519, 6294.254142823971, 6183.621084216318, 6090.102341004519, 5998.340087929459, 5918.770265207848, 5843.192850994973], "map_sums": [8674.0, 10139.5, 10602.166666666755, 10782.611111111099, 10855.544444444717, 10860.655000000153, 10838.60563492062, 10801.705731292483, 10749.101003401445, 10694.56217482381], "mrr_sums": [4161.0, 4999.5, 5334.166666666687, 5512.916666666673, 5623.516666666602, 5704.183333333266, 5769.469047618973, 5811.094047618968, 5848.982936507902, 5877.982936507916], "recall_sums": [4161, 5838, 6842, 7557, 8110, 8594, 9051, 9384, 9725, 10015]}, {"name": "pp", "num_cur": 70000, "num_top": 4584, "num_top_5": 9143, "num_top_10": 11321, "ndcg_sums": [6339.43707733733, 6894.645880939844, 6935.217391629255, 6848.950425250023, 6753.843493128956, 6658.392453921077, 6576.0689494133685, 6501.317921566352, 6433.651079238297, 6372.57145555033], "map_sums": [8822.0, 10449.0, 11012.83333333363, 11235.305555555697, 11329.619444445048, 11340.724444444824, 11331.247857142944, 11304.30618480733, 11253.72493905914, 11198.741346057268], "mrr_sums": [4584.0, 5523.0, 5917.999999999938, 6125.999999999919, 6258.799999999811, 6349.29999999985, 6418.871428571252, 6471.6214285712485, 6514.065873015748, 6548.46587301579], "recall_sums": [4584, 6462, 7647, 8479, 9143, 9686, 10173, 10595, 10977, 11321]}, {"name": "pp+bow", "num_cur": 70000, "num_top": 10238, "num_top_5": 20864, "num_top_10": 25395, "ndcg_sums": [14925.240671815887, 16720.775518152102, 16971.240848052457, 16936.20993904802, 16791.531684320424, 16624.457222778456, 16460.305862917077, 16301.856020397987, 16165.703781495988, 16045.880622789704], "map_sums": [21554.0, 24957.0, 25831.49999999729, 26027.02777777695, 25973.009722222396, 25803.210277779002, 25562.422738097834, 25309.920538550163, 25050.068860544932, 24799.976888385125], "mrr_sums": [10238.0, 12527.0, 13416.666666667066, 13903.666666667119, 14189.866666667527, 14385.033333334002, 14531.03333333383, 14637.533333333853, 14723.533333334008, 14794.733333334227], "recall_sums": [10238, 14816, 17485, 19433, 20864, 22035, 23057, 23909, 24683, 25395]}]}