{"data": "items_CSall_1s_5mindoc_5mincont_wPP_3.1_wNP_both.csv", "num_contexts": 1835797, "num_test_set_items": 490018, "models": [{"name": "bow", "num_cur": 400000, "num_top": 49043, "num_top_5": 105619, "num_top_10": 132795, "ndcg_sums": [76121.79742645276, 86004.82726127707, 88311.79741733131, 88752.59331705225, 88567.44483239925, 88172.54964458095, 87661.2300614684, 87195.64180767746, 86741.75552185849, 86348.60111369686], "map_sums": [114417.0, 132525.5, 137698.24999993286, 139126.9722222243, 139039.89999997694, 138305.5136110838, 137258.81087299122, 136121.01110542862, 134907.9152012296, 133705.56242362162], "mrr_sums": [49043.0, 60469.5, 65298.83333334843, 67975.08333334555, 69681.08333333133, 70843.08333332573, 71692.51190474855, 72361.13690474776, 72883.24801585195, 73304.24801585021], "recall_sums": [49043, 71896, 86384, 97089, 105619, 112591, 118537, 123886, 128585, 132795]}, {"name": "np", "num_cur": 400000, "num_top": 21056, "num_top_5": 44001, "num_top_10": 54359, "ndcg_sums": [32031.002548642722, 35413.54434621533, 35737.361283887614, 35335.808272198825, 34806.240169426565, 34239.93155728943, 33694.797470455735, 33209.10632096179, 32780.73815166311, 32398.689192258746], "map_sums": [47552.0, 55515.5, 58222.333333348426, 59197.50000000888, 59517.999999997206, 59537.34611110149, 59396.372460305916, 59204.349671191456, 58905.96316041663, 58586.98665326567], "mrr_sums": [21056.0, 25854.5, 27831.49999999781, 28869.74999999767, 29522.549999999137, 29967.38333333343, 30304.240476192113, 30548.740476192117, 30748.07380952425, 30906.173809523294], "recall_sums": [21056, 30653, 36584, 40737, 44001, 46670, 49028, 50984, 52778, 54359]}, {"name": "pp", "num_cur": 400000, "num_top": 23006, "num_top_5": 48571, "num_top_10": 60513, "ndcg_sums": [33038.66669424288, 36727.22533201819, 37238.74716129344, 36963.84240494699, 36561.01846004187, 36136.977411846325, 35701.84388077473, 35305.184912862234, 34955.43805786382, 34652.89030673205], "map_sums": [47227.0, 56436.5, 59656.916666685356, 60980.08333334517, 61561.719444442206, 61737.99222221187, 61698.49214284352, 61548.39526642716, 61317.36656177358, 61057.63753824503], "mrr_sums": [23006.0, 28250.0, 30444.333333330324, 31610.83333333014, 32376.43333333202, 32904.43333333374, 33284.14761904973, 33563.397619049574, 33792.6198412702, 33974.51984126897], "recall_sums": [23006, 33494, 40077, 44743, 48571, 51739, 54397, 56631, 58694, 60513]}, {"name": "pp+bow", "num_cur": 400000, "num_top": 53646, "num_top_5": 112664, "num_top_10": 139795, "ndcg_sums": [81661.74850453057, 91843.87478782905, 93971.62563306135, 94155.94434001241, 93765.54333416476, 93147.07573849823, 92477.7120589913, 91839.50425934212, 91250.07136728281, 90740.67986845598], "map_sums": [121282.0, 139457.5, 144448.91666662702, 145630.63888890366, 145341.084722225, 144457.4838888765, 143234.3831745949, 141970.08630385395, 140658.21001558812, 139360.98222821308], "mrr_sums": [53646.0, 65810.5, 70851.16666667534, 73581.91666667028, 75310.71666665592, 76479.04999998679, 77325.62142855223, 77984.74642855187, 78499.96865076789, 78928.46865076857], "recall_sums": [53646, 77975, 93097, 104020, 112664, 119674, 125600, 130873, 135510, 139795]}]}