{"data": "items_CSall_1s_5mindoc_5mincont_wPP_3.1_wNP_both.csv", "num_contexts": 1835797, "num_test_set_items": 490018, "models": [{"name": "bow", "num_cur": 250000, "num_top": 31811, "num_top_5": 67678, "num_top_10": 84641, "ndcg_sums": [48144.68340502048, 54323.824962956845, 55679.77950954182, 55895.6904601316, 55769.445212638864, 55507.172131987434, 55188.060549160386, 54916.14382156031, 54648.31787577452, 54422.56146702138], "map_sums": [7343.358130686011, 8468.971970802655, 8759.625291806999, 8811.194281858463, 8769.456211707526, 8685.942635747622, 8600.608071584558, 8507.506639550222, 8411.43962992742, 8315.852055566482], "mrr_sums": [31811.0, 39135.0, 42146.00000000187, 43839.50000000286, 44921.90000000063, 45641.23333333252, 46175.2333333319, 46594.48333333175, 46920.2611111064, 47182.56111110403], "recall_sums": [31811, 46459, 55492, 62266, 67678, 71994, 75732, 79086, 82018, 84641]}, {"name": "np", "num_cur": 250000, "num_top": 13617, "num_top_5": 28358, "num_top_10": 34882, "ndcg_sums": [20404.71764661069, 22483.59186014419, 22655.243820718188, 22393.0617966992, 22037.198281639216, 21675.217871864144, 21329.198717624844, 21029.252066022305, 20768.098105672605, 20532.04291269976], "map_sums": [2873.3004711722547, 3319.3994990874016, 3453.2626861549743, 3487.8585027547942, 3487.4490864237714, 3481.5794577445267, 3468.4885691448453, 3449.605734968027, 3428.031578676921, 3405.257412813384], "mrr_sums": [13617.0, 16702.5, 17975.50000000037, 18648.500000000233, 19060.30000000082, 19344.633333333946, 19554.347619048385, 19708.34761904839, 19836.236507937116, 19932.936507937055], "recall_sums": [13617, 19788, 23607, 26299, 28358, 30064, 31532, 32764, 33915, 34882]}, {"name": "pp", "num_cur": 250000, "num_top": 15043, "num_top_5": 31399, "num_top_10": 39117, "ndcg_sums": [21336.560866699576, 23639.539306258484, 23908.553351697512, 23722.947663797724, 23466.650199309643, 23197.70503027649, 22929.89231251835, 22685.492682424505, 22480.72803196474, 22297.323537151362], "map_sums": [3186.754619683423, 3689.432900138762, 3826.5617766692994, 3873.696538384936, 3883.1612647345696, 3874.043746090281, 3857.290266307502, 3837.0475812215122, 3814.392631541166, 3794.4939083235467], "mrr_sums": [15043.0, 18428.5, 19814.1666666666, 20557.166666666417, 21048.366666667298, 21384.86666666754, 21629.580952382224, 21811.205952382228, 21962.872619048518, 22079.672619048262], "recall_sums": [15043, 21814, 25971, 28943, 31399, 33418, 35131, 36584, 37949, 39117]}, {"name": "pp+bow", "num_cur": 250000, "num_top": 34829, "num_top_5": 72009, "num_top_10": 89019, "ndcg_sums": [51809.6849894395, 58095.77764136925, 59331.38681071246, 59343.2520874394, 59062.68233300853, 58662.24849951898, 58243.10601408146, 57864.00081461792, 57519.20442077946, 57225.76205362014], "map_sums": [7729.0044383573595, 8869.665000785233, 9145.728033119185, 9188.37389161036, 9135.635194894985, 9043.209661400662, 8942.150376422333, 8835.140200781281, 8736.828094363582, 8629.775824113176], "mrr_sums": [34829.0, 42584.0, 45735.00000000353, 47431.75000000414, 48517.750000001004, 49250.08333333203, 49778.94047618833, 50198.315476188254, 50520.98214285177, 50786.48214284928], "recall_sums": [34829, 50339, 59792, 66579, 72009, 76403, 80105, 83460, 86364, 89019]}]}