{"data": "items_CSall_1s_5mindoc_5mincont_wPP_3.1_wNP_both.csv", "num_contexts": 1835797, "num_test_set_items": 490018, "models": [{"name": "bow", "num_cur": 40000, "num_top": 5523, "num_top_5": 10794, "num_top_10": 13334, "ndcg_sums": [7672.768388716897, 8374.289073210317, 8436.041521509616, 8397.724647413419, 8325.272482194265, 8254.588825214974, 8188.010039025497, 8133.9471493143365, 8081.180980407627, 8047.575011980874], "map_sums": [10713.0, 12495.5, 12999.083333334105, 13169.750000000135, 13197.305555556533, 13142.918611111578, 13043.754007936735, 12934.543707483192, 12819.53806689371, 12699.930154006423], "mrr_sums": [5523.0, 6627.5, 7072.166666666455, 7319.666666666448, 7467.266666666365, 7569.933333333131, 7648.219047618776, 7712.719047618774, 7760.607936507721, 7803.507936507798], "recall_sums": [5523, 7732, 9066, 10056, 10794, 11410, 11958, 12474, 12905, 13334]}, {"name": "np", "num_cur": 40000, "num_top": 2438, "num_top_5": 4685, "num_top_10": 5710, "ndcg_sums": [3357.554108468055, 3587.0731134225102, 3557.794465444302, 3499.3560599167085, 3444.180953424596, 3381.6930201104324, 3332.523215359652, 3281.398041454277, 3239.3467259375066, 3201.460810018971], "map_sums": [4658.0, 5436.5, 5696.583333333229, 5796.055555555496, 5847.080555555398, 5861.816111111008, 5860.3269047617805, 5844.958894557718, 5826.004571995427, 5801.248438051137], "mrr_sums": [2438.0, 2917.5, 3111.1666666666993, 3208.9166666667006, 3272.1166666666836, 3317.7833333333338, 3350.9261904762056, 3372.0511904762066, 3391.940079365108, 3409.0400793650997], "recall_sums": [2438, 3397, 3978, 4369, 4685, 4959, 5191, 5360, 5539, 5710]}, {"name": "pp", "num_cur": 40000, "num_top": 2903, "num_top_5": 5128, "num_top_10": 6239, "ndcg_sums": [3766.6352775476635, 3935.8654429302887, 3894.4840373800025, 3830.5114639380845, 3761.068616669361, 3700.739255054816, 3651.10679053665, 3606.2224390705005, 3568.3615074118593, 3532.4744870647733], "map_sums": [4988.0, 5820.0, 6116.416666666483, 6240.69444444432, 6283.427777777569, 6291.533888888767, 6289.6955555554105, 6280.704557823007, 6249.687657312864, 6224.572836356745], "mrr_sums": [2903.0, 3359.5, 3551.500000000051, 3661.0000000000514, 3720.6000000000263, 3765.600000000004, 3801.4571428571744, 3829.3321428571744, 3850.5543650794143, 3868.1543650794047], "recall_sums": [2903, 3816, 4392, 4830, 5128, 5398, 5649, 5872, 6063, 6239]}, {"name": "pp+bow", "num_cur": 40000, "num_top": 5919, "num_top_5": 11375, "num_top_10": 13885, "ndcg_sums": [8222.855833919724, 8922.250293253139, 8964.38192113508, 8898.853516085665, 8808.846899167616, 8727.397180368544, 8644.995229952763, 8570.136830761736, 8517.019165233643, 8475.24269333766], "map_sums": [11481.0, 13245.5, 13733.083333334274, 13846.027777777956, 13853.134722223289, 13777.711666667237, 13661.136071428835, 13527.863310657795, 13394.540038265664, 13260.76342419413], "mrr_sums": [5919.0, 7078.5, 7543.166666666434, 7790.166666666439, 7941.166666666348, 8046.666666666439, 8125.0952380949475, 8182.7202380949475, 8232.60912698392, 8274.409126984032], "recall_sums": [5919, 8238, 9632, 10620, 11375, 12008, 12557, 13018, 13467, 13885]}]}