{"data": "items_CSall_1s_5mindoc_5mincont_wPP_3.1_wNP_both.csv", "num_contexts": 1835797, "num_test_set_items": 490018, "models": [{"name": "bow", "num_cur": 120000, "num_top": 15347, "num_top_5": 32307, "num_top_10": 40367, "ndcg_sums": [23274.219156700157, 26277.137935706625, 26945.253339997835, 27085.91806714201, 26997.409135111917, 26864.984086899494, 26704.008154801937, 26571.022800527957, 26426.583705488694, 26304.605343199324], "map_sums": [37808.39409321348, 41485.16397272285, 42515.69968301763, 42741.32867593241, 42601.537793406525, 42291.77418418308, 41904.98588415779, 41524.71453738496, 41123.669547416364, 40732.0294684463], "mrr_sums": [15347.0, 18820.5, 20246.833333333274, 21068.833333333125, 21558.033333334137, 21901.36666666763, 22148.223809525294, 22350.84880952528, 22503.404365080383, 22631.20436508008], "recall_sums": [15347, 22294, 26573, 29861, 32307, 34367, 36095, 37716, 39089, 40367]}, {"name": "np", "num_cur": 120000, "num_top": 6557, "num_top_5": 13377, "num_top_10": 16572, "ndcg_sums": [9790.765281447486, 10746.109075195434, 10812.116329150253, 10704.72327449896, 10557.63363812655, 10401.14279843558, 10250.915091088606, 10115.905902998267, 9995.831812792203, 9883.071724347521], "map_sums": [15664.12622965304, 17303.295582578023, 17896.527098701357, 18129.249421665885, 18197.64333006224, 18181.448784966367, 18129.483790615413, 18067.201935589386, 17967.28735784161, 17877.858435535738], "mrr_sums": [6557.0, 7970.0, 8562.333333333196, 8871.583333333238, 9067.583333333196, 9206.249999999905, 9311.107142857001, 9386.732142857012, 9449.065476190442, 9495.365476190522], "recall_sums": [6557, 9383, 11160, 12397, 13377, 14209, 14943, 15548, 16109, 16572]}, {"name": "pp", "num_cur": 120000, "num_top": 7038, "num_top_5": 14596, "num_top_10": 18318, "ndcg_sums": [10044.776249267172, 11054.752525751643, 11210.431161251232, 11129.193348325047, 11021.787819713269, 10903.907621200498, 10792.838740182051, 10690.86437454188, 10598.769897794864, 10514.441300337909], "map_sums": [15720.11761735048, 17555.58884282376, 18339.820745719535, 18641.426288731313, 18800.234249413716, 18819.594545262695, 18803.546215233284, 18747.932582908354, 18683.05445524285, 18602.929876344948], "mrr_sums": [7038.0, 8562.5, 9221.833333333234, 9565.333333333276, 9796.733333333303, 9951.900000000007, 10072.61428571419, 10162.614285714208, 10236.169841269892, 10292.569841270022], "recall_sums": [7038, 10087, 12065, 13439, 14596, 15527, 16372, 17092, 17754, 18318]}, {"name": "pp+bow", "num_cur": 120000, "num_top": 16596, "num_top_5": 34274, "num_top_10": 42261, "ndcg_sums": [24871.572762656077, 27976.176264878828, 28606.63333316398, 28646.47017688425, 28504.13800174517, 28319.021498364942, 28110.019222515908, 27920.775310816687, 27751.837286872076, 27596.290285626077], "map_sums": [40053.04510416006, 43673.1529394226, 44609.13570514152, 44712.493894809726, 44476.1179710841, 44132.80565877767, 43692.262540158816, 43246.60478843838, 42806.51480247538, 42382.15813653279], "mrr_sums": [16596.0, 20298.0, 21808.33333333287, 22617.083333332666, 23118.683333333764, 23461.350000000773, 23711.207142858522, 23902.08214285853, 24057.74880952456, 24183.148809524195], "recall_sums": [16596, 24000, 28531, 31766, 34274, 36330, 38079, 39606, 41007, 42261]}]}