{"data": "items_CSall_1s_5mindoc_5mincont_wPP_3.1_wNP_both.csv", "num_contexts": 1835797, "num_test_set_items": 490018, "models": [{"name": "bow", "num_cur": 90000, "num_top": 11623, "num_top_5": 24657, "num_top_10": 30724, "ndcg_sums": [17846.558774658635, 20218.254950233095, 20772.43310594067, 20875.43634911418, 20808.036290818494, 20685.54795013736, 20541.68790167665, 20415.91857607022, 20276.868930009347, 20159.16687495507], "map_sums": [28827.510852357293, 31892.73502995603, 32729.556797075627, 32911.85080775085, 32813.117457197746, 32565.07980491534, 32260.948748509887, 31960.39067093416, 31637.001653528092, 31323.592029419236], "mrr_sums": [11623.0, 14299.0, 15415.000000000735, 16035.250000000784, 16405.8500000015, 16667.183333334397, 16849.18333333421, 17004.058333334197, 17118.169444445415, 17214.069444445577], "recall_sums": [11623, 16975, 20323, 22804, 24657, 26225, 27499, 28738, 29765, 30724]}, {"name": "np", "num_cur": 90000, "num_top": 5048, "num_top_5": 10270, "num_top_10": 12792, "ndcg_sums": [7599.555544218605, 8360.370288355954, 8402.457739173436, 8321.390179976934, 8210.679187971138, 8081.460547272927, 7963.224503565816, 7852.6407417492865, 7754.13912440155, 7658.14025480549], "map_sums": [12077.91454002322, 13463.475495101038, 13956.24330895031, 14156.47663180704, 14221.751167539014, 14204.84887458002, 14164.673409533976, 14111.872284525043, 14029.328607314817, 13954.83559741826], "mrr_sums": [5048.0, 6130.5, 6577.499999999918, 6815.7499999999045, 6968.349999999795, 7075.016666666506, 7159.0166666664645, 7218.01666666646, 7268.127777777639, 7305.227777777682], "recall_sums": [5048, 7213, 8554, 9507, 10270, 10910, 11498, 11970, 12421, 12792]}, {"name": "pp", "num_cur": 90000, "num_top": 5288, "num_top_5": 11014, "num_top_10": 13894, "ndcg_sums": [7639.490393592558, 8445.588705671582, 8573.84937773649, 8509.93533788156, 8420.316692956652, 8327.808674881137, 8240.51217116985, 8159.7438952601815, 8079.257446898974, 8005.997018672752], "map_sums": [11882.025865027823, 13442.806045417627, 14068.190168576579, 14310.741509061181, 14423.138746481813, 14434.803368715126, 14424.17041288391, 14382.980600288047, 14327.492137558478, 14258.939512266279], "mrr_sums": [5288.0, 6449.5, 6947.4999999998445, 7210.999999999825, 7381.999999999683, 7501.999999999775, 7594.571428571136, 7665.696428571132, 7721.363095237878, 7765.563095237955], "recall_sums": [5288, 7611, 9105, 10159, 11014, 11734, 12382, 12951, 13452, 13894]}, {"name": "pp+bow", "num_cur": 90000, "num_top": 12564, "num_top_5": 26124, "num_top_10": 32127, "ndcg_sums": [19059.282871575488, 21531.860812122304, 22036.70518585453, 22082.030593768795, 21963.966354213455, 21800.30189105324, 21625.089168263163, 21457.72702301519, 21297.569589802355, 21154.322982479513], "map_sums": [30520.50203402163, 33578.87450639576, 34339.137234264024, 34435.43856713736, 34249.83682955152, 33975.17232607464, 33620.118787689826, 33265.386329803936, 32915.67375756157, 32580.757838024812], "mrr_sums": [12564.0, 15421.0, 16583.000000000804, 17207.7500000006, 17579.950000001227, 17836.61666666761, 18026.188095238987, 18170.688095238995, 18286.13253968339, 18380.23253968348], "recall_sums": [12564, 18278, 21764, 24263, 26124, 27664, 28991, 30147, 31186, 32127]}]}