{"data": "items_MAG_CS_en_wAbs_50mindoc_wPP_first3m_wNP_sorted.csv", "num_contexts": 3207046, "num_test_set_items": 53151, "models": [{"name": "bow", "num_cur": 40000, "num_top": 9961, "num_top_5": 18898, "num_top_10": 22333, "ndcg_sums": [9961.0, 12457.589034882987, 13611.089034883027, 14273.469581199637, 14712.547517410716, 15050.23193078896, 15297.89859745577, 15506.10541613413, 15679.79972363229, 15826.3555905756], "map_sums": [9961.0, 11939.5, 12708.500000000322, 13093.000000000362, 13320.000000000597, 13478.000000000484, 13584.142857143237, 13666.64285714324, 13730.753968254458, 13781.453968254582], "mrr_sums": [9961.0, 11939.5, 12708.500000000322, 13093.000000000362, 13320.000000000597, 13478.000000000484, 13584.142857143237, 13666.64285714324, 13730.753968254458, 13781.453968254582], "recall_sums": [9961, 13918, 16225, 17763, 18898, 19846, 20589, 21249, 21826, 22333]}, {"name": "np", "num_cur": 40000, "num_top": 5024, "num_top_5": 9166, "num_top_10": 10918, "ndcg_sums": [5024.0, 6172.923081253743, 6698.923081253779, 7008.5795265084635, 7221.34857048742, 7384.847669370059, 7518.181002703358, 7630.801963715908, 7715.9934524888395, 7789.126853547312], "map_sums": [5024.0, 5934.5, 6285.1666666666015, 6464.916666666595, 6574.916666666533, 6651.416666666563, 6708.559523809398, 6753.184523809394, 6784.628968253873, 6809.928968253895], "mrr_sums": [5024.0, 5934.5, 6285.1666666666015, 6464.916666666595, 6574.916666666533, 6651.416666666563, 6708.559523809398, 6753.184523809394, 6784.628968253873, 6809.928968253895], "recall_sums": [5024, 6845, 7897, 8616, 9166, 9625, 10025, 10382, 10665, 10918]}, {"name": "pp", "num_cur": 40000, "num_top": 3909, "num_top_5": 7426, "num_top_10": 9194, "ndcg_sums": [3909.0, 4838.990456764329, 5281.990456764359, 5553.747364908607, 5757.231941513946, 5921.443454770784, 6053.776788104101, 6162.612170595215, 6249.609839342125, 6329.3917314059], "map_sums": [3909.0, 4646.0, 4941.333333333332, 5099.083333333324, 5204.283333333278, 5281.116666666619, 5337.830952380901, 5380.955952380899, 5413.067063492045, 5440.667063492059], "mrr_sums": [3909.0, 4646.0, 4941.333333333332, 5099.083333333324, 5204.283333333278, 5281.116666666619, 5337.830952380901, 5380.955952380899, 5413.067063492045, 5440.667063492059], "recall_sums": [3909, 5383, 6269, 6900, 7426, 7887, 8284, 8629, 8918, 9194]}, {"name": "pp+bow", "num_cur": 40000, "num_top": 10614, "num_top_5": 19593, "num_top_10": 22975, "ndcg_sums": [10614.0, 13193.240832600897, 14326.74083260093, 14971.463640036538, 15407.446753789734, 15720.909078444627, 15977.575745111459, 16180.104196007653, 16354.400563497145, 16502.1126897456], "map_sums": [10614.0, 12658.0, 13413.666666667057, 13787.916666667088, 14013.316666667317, 14159.983333333847, 14269.983333333732, 14350.233333333741, 14414.566666667182, 14465.666666667317], "mrr_sums": [10614.0, 12658.0, 13413.666666667057, 13787.916666667088, 14013.316666667317, 14159.983333333847, 14269.983333333732, 14350.233333333741, 14414.566666667182, 14465.666666667317], "recall_sums": [10614, 14702, 16969, 18466, 19593, 20473, 21243, 21885, 22464, 22975]}]}