{"data": "items_MAG_CS_en_wAbs_50mindoc_wPP_first3m_wNP_sorted.csv", "num_contexts": 3207046, "num_test_set_items": 53151, "models": [{"name": "bow", "num_cur": 50000, "num_top": 12445, "num_top_5": 23289, "num_top_10": 27533, "ndcg_sums": [12445.0, 15460.213292318977, 16850.213292318775, 17656.43980903154, 18203.06282565349, 18612.70109082753, 18923.367757494078, 19183.31081596508, 19397.64417287761, 19578.598754152594], "map_sums": [12445.0, 14834.5, 15761.166666667275, 16229.166666667315, 16511.766666667718, 16703.433333334127, 16836.57619047689, 16939.576190476888, 17018.687301588063, 17081.287301588156], "mrr_sums": [12445.0, 14834.5, 15761.166666667275, 16229.166666667315, 16511.766666667718, 16703.433333334127, 16836.57619047689, 16939.576190476888, 17018.687301588063, 17081.287301588156], "recall_sums": [12445, 17224, 20004, 21876, 23289, 24439, 25371, 26195, 26907, 27533]}, {"name": "np", "num_cur": 50000, "num_top": 5881, "num_top_5": 10750, "num_top_10": 12853, "ndcg_sums": [5881.0, 7224.880375107417, 7838.380375107454, 8207.90086193431, 8460.902597865643, 8657.172757962213, 8817.839424628859, 8954.120251400294, 9054.664269952087, 9142.539977152788], "map_sums": [5881.0, 6946.0, 7354.999999999882, 7569.499999999875, 7700.299999999795, 7792.133333333186, 7860.990476190285, 7914.990476190281, 7952.101587301437, 7982.501587301477], "mrr_sums": [5881.0, 6946.0, 7354.999999999882, 7569.499999999875, 7700.299999999795, 7792.133333333186, 7860.990476190285, 7914.990476190281, 7952.101587301437, 7982.501587301477], "recall_sums": [5881, 8011, 9238, 10096, 10750, 11301, 11783, 12215, 12549, 12853]}, {"name": "pp", "num_cur": 50000, "num_top": 4600, "num_top_5": 8843, "num_top_10": 10976, "ndcg_sums": [4600.0, 5708.543577025138, 6260.043577025168, 6583.481672138197, 6827.972646310382, 7025.311427968295, 7188.6447613015835, 7316.723501276636, 7422.083999759055, 7518.342586922971], "map_sums": [4600.0, 5478.5, 5846.1666666666, 6033.9166666665915, 6160.3166666665265, 6252.649999999895, 6322.649999999868, 6373.399999999866, 6412.288888888802, 6445.588888888837], "mrr_sums": [4600.0, 5478.5, 5846.1666666666, 6033.9166666665915, 6160.3166666665265, 6252.649999999895, 6322.649999999868, 6373.399999999866, 6412.288888888802, 6445.588888888837], "recall_sums": [4600, 6357, 7460, 8211, 8843, 9397, 9887, 10293, 10643, 10976]}, {"name": "pp+bow", "num_cur": 50000, "num_top": 13172, "num_top_5": 24046, "num_top_10": 28230, "ndcg_sums": [13172.0, 16278.698106586891, 17644.19810658638, 18432.766884418077, 18969.718580859182, 19365.82097292326, 19683.154306256518, 19934.57981305431, 20143.494630044883, 20325.316405798654], "map_sums": [13172.0, 15634.0, 16544.33333333396, 17002.08333333384, 17279.683333334204, 17465.016666667383, 17601.01666666736, 17700.641666667376, 17777.752777778496, 17840.65277777858], "mrr_sums": [13172.0, 15634.0, 16544.33333333396, 17002.08333333384, 17279.683333334204, 17465.016666667383, 17601.01666666736, 17700.641666667376, 17777.752777778496, 17840.65277777858], "recall_sums": [13172, 18096, 20827, 22658, 24046, 25158, 26110, 26907, 27601, 28230]}]}