{"data": "items_MAG_CS_en_wAbs_50mindoc_wPP_first3m_wNP_sorted.csv", "num_contexts": 3207046, "num_test_set_items": 53151, "models": [{"name": "bow", "num_cur": 10000, "num_top": 2523, "num_top_5": 4837, "num_top_10": 5692, "ndcg_sums": [2523.0, 3162.7627701214196, 3451.7627701214137, 3634.3696307444875, 3749.651767300359, 3829.442177212543, 3895.4421772125506, 3944.6546979911313, 3988.3040473624155, 4026.4606044363713], "map_sums": [2523.0, 3030.0, 3222.6666666666893, 3328.6666666666906, 3388.2666666666723, 3425.5999999999954, 3453.8857142857237, 3473.385714285724, 3489.4968253968464, 3502.6968253968384], "mrr_sums": [2523.0, 3030.0, 3222.6666666666893, 3328.6666666666906, 3388.2666666666723, 3425.5999999999954, 3453.8857142857237, 3473.385714285724, 3489.4968253968464, 3502.6968253968384], "recall_sums": [2523, 3537, 4115, 4539, 4837, 5061, 5259, 5415, 5560, 5692]}, {"name": "np", "num_cur": 10000, "num_top": 1219, "num_top_5": 2338, "num_top_10": 2790, "ndcg_sums": [1219.0, 1517.4297734393112, 1659.9297734393126, 1744.3423788216996, 1808.173092015404, 1851.9865760296946, 1887.9865760296927, 1914.4856256796922, 1937.6649353458217, 1955.0088249248945], "map_sums": [1219.0, 1455.5, 1550.499999999994, 1599.4999999999939, 1632.499999999999, 1653.0000000000014, 1668.4285714285709, 1678.9285714285709, 1687.484126984125, 1693.4841269841231], "mrr_sums": [1219.0, 1455.5, 1550.499999999994, 1599.4999999999939, 1632.499999999999, 1653.0000000000014, 1668.4285714285709, 1678.9285714285709, 1687.484126984125, 1693.4841269841231], "recall_sums": [1219, 1692, 1977, 2173, 2338, 2461, 2569, 2653, 2730, 2790]}, {"name": "pp", "num_cur": 10000, "num_top": 986, "num_top_5": 1934, "num_top_10": 2352, "ndcg_sums": [986.0, 1240.895620442873, 1357.8956204428764, 1422.0664275958138, 1484.3497295605775, 1520.6828626455974, 1550.3495293122633, 1578.425903346191, 1598.594913055679, 1619.1185157242487], "map_sums": [986.0, 1188.0, 1265.999999999998, 1303.249999999998, 1335.4500000000019, 1352.4500000000019, 1365.1642857142867, 1376.2892857142865, 1383.7337301587295, 1390.833730158728], "mrr_sums": [986.0, 1188.0, 1265.999999999998, 1303.249999999998, 1335.4500000000019, 1352.4500000000019, 1365.1642857142867, 1376.2892857142865, 1383.7337301587295, 1390.833730158728], "recall_sums": [986, 1390, 1624, 1773, 1934, 2036, 2125, 2214, 2281, 2352]}, {"name": "pp+bow", "num_cur": 10000, "num_top": 2679, "num_top_5": 5003, "num_top_10": 5819, "ndcg_sums": [2679.0, 3356.6185553357036, 3633.6185553356972, 3805.889178565009, 3920.39760950641, 3998.050776295949, 4065.05077629596, 4111.7395780602565, 4151.174507492249, 4185.284156997761], "map_sums": [2679.0, 3216.0, 3400.666666666691, 3500.6666666666924, 3559.8666666666727, 3596.1999999999966, 3624.914285714298, 3643.414285714298, 3657.969841269863, 3669.7698412698564], "mrr_sums": [2679.0, 3216.0, 3400.666666666691, 3500.6666666666924, 3559.8666666666727, 3596.1999999999966, 3624.914285714298, 3643.414285714298, 3657.969841269863, 3669.7698412698564], "recall_sums": [2679, 3753, 4307, 4707, 5003, 5221, 5422, 5570, 5701, 5819]}]}