{"data": "items_MAG_CS_en_wAbs_50mindoc_wPP_first3m_wNP_sorted.csv", "num_contexts": 3207046, "num_test_set_items": 53151, "models": [{"name": "bow", "num_cur": 20000, "num_top": 5014, "num_top_5": 9493, "num_top_10": 11183, "ndcg_sums": [5014.0, 6243.682089710886, 6813.1820897109255, 7174.089045376316, 7388.0186477769785, 7559.710511963118, 7688.710511963079, 7782.403580368478, 7865.48785917176, 7937.175936098642], "map_sums": [5014.0, 5988.5, 6368.166666666583, 6577.666666666574, 6688.266666666506, 6768.599999999882, 6823.885714285573, 6861.010714285575, 6891.677380952277, 6916.477380952299], "mrr_sums": [5014.0, 5988.5, 6368.166666666583, 6577.666666666574, 6688.266666666506, 6768.599999999882, 6823.885714285573, 6861.010714285575, 6891.677380952277, 6916.477380952299], "recall_sums": [5014, 6963, 8102, 8940, 9493, 9975, 10362, 10659, 10935, 11183]}, {"name": "np", "num_cur": 20000, "num_top": 2471, "num_top_5": 4529, "num_top_10": 5400, "ndcg_sums": [2471.0, 3023.69446412858, 3289.694464128571, 3447.3220843833997, 3557.1882816379944, 3639.8283490470426, 3706.161682380383, 3761.0525709411063, 3805.0029503080555, 3839.6907294661964], "map_sums": [2471.0, 2909.0, 3086.3333333333458, 3177.833333333347, 3234.6333333333387, 3273.299999999996, 3301.7285714285777, 3323.478571428577, 3339.700793650806, 3351.7007936507985], "mrr_sums": [2471.0, 2909.0, 3086.3333333333458, 3177.833333333347, 3234.6333333333387, 3273.299999999996, 3301.7285714285777, 3323.478571428577, 3339.700793650806, 3351.7007936507985], "recall_sums": [2471, 3347, 3879, 4245, 4529, 4761, 4960, 5134, 5280, 5400]}, {"name": "pp", "num_cur": 20000, "num_top": 1968, "num_top_5": 3723, "num_top_10": 4569, "ndcg_sums": [1968.0, 2441.8282449321678, 2648.828244932165, 2777.6005357960935, 2890.174702701333, 2966.7592479295463, 3024.092581262879, 3084.0309078521705, 3124.368927271148, 3163.3926788240556], "map_sums": [1968.0, 2343.5, 2481.4999999999986, 2556.25, 2614.4500000000007, 2650.2833333333306, 2674.8547619047645, 2698.6047619047654, 2713.4936507936577, 2726.9936507936504], "mrr_sums": [1968.0, 2343.5, 2481.4999999999986, 2556.25, 2614.4500000000007, 2650.2833333333306, 2674.8547619047645, 2698.6047619047654, 2713.4936507936577, 2726.9936507936504], "recall_sums": [1968, 2719, 3133, 3432, 3723, 3938, 4110, 4300, 4434, 4569]}, {"name": "pp+bow", "num_cur": 20000, "num_top": 5339, "num_top_5": 9836, "num_top_10": 11458, "ndcg_sums": [5339.0, 6621.680189010924, 7174.6801890109555, 7512.330610540392, 7734.38412189297, 7893.964941717436, 8027.298275050728, 8114.3665810436205, 8195.04261988159, 8261.527529934743], "map_sums": [5339.0, 6355.5, 6724.16666666657, 6920.166666666565, 7034.966666666488, 7109.633333333199, 7166.776190476028, 7201.276190476027, 7231.05396825384, 7254.053968253868], "mrr_sums": [5339.0, 6355.5, 6724.16666666657, 6920.166666666565, 7034.966666666488, 7109.633333333199, 7166.776190476028, 7201.276190476027, 7231.05396825384, 7254.053968253868], "recall_sums": [5339, 7372, 8478, 9262, 9836, 10284, 10684, 10960, 11228, 11458]}]}