{"data": "items_MAG_CS_en_wAbs_50mindoc_wPP_first3m_wNP_sorted.csv", "num_contexts": 3207046, "num_test_set_items": 53151, "models": [{"name": "bow", "num_cur": 30000, "num_top": 7445, "num_top_5": 14062, "num_top_10": 16670, "ndcg_sums": [7445.0, 9250.720954721906, 10102.720954721946, 10613.934029154872, 10948.174854605431, 11199.657128703677, 11386.990462037045, 11547.24661944409, 11680.3018775276, 11793.037159791671], "map_sums": [7445.0, 8876.0, 9443.999999999956, 9740.749999999996, 9913.550000000034, 10031.216666666734, 10111.502380952392, 10175.002380952395, 10224.113492063585, 10263.113492063667], "mrr_sums": [7445.0, 8876.0, 9443.999999999956, 9740.749999999996, 9913.550000000034, 10031.216666666734, 10111.502380952392, 10175.002380952395, 10224.113492063585, 10263.113492063667], "recall_sums": [7445, 10307, 12011, 13198, 14062, 14768, 15330, 15838, 16280, 16670]}, {"name": "np", "num_cur": 30000, "num_top": 3714, "num_top_5": 6875, "num_top_10": 8189, "ndcg_sums": [3714.0, 4596.039795492887, 5002.039795492923, 5232.0210775040705, 5393.338698120853, 5513.380520176274, 5613.047186842938, 5698.8536333286875, 5763.876112392127, 5818.798429392547], "map_sums": [3714.0, 4413.0, 4683.666666666674, 4817.166666666668, 4900.56666666663, 4956.73333333329, 4999.44761904758, 5033.447619047575, 5057.447619047596, 5076.447619047595], "mrr_sums": [3714.0, 4413.0, 4683.666666666674, 4817.166666666668, 4900.56666666663, 4956.73333333329, 4999.44761904758, 5033.447619047575, 5057.447619047596, 5076.447619047595], "recall_sums": [3714, 5112, 5924, 6458, 6875, 7212, 7511, 7783, 7999, 8189]}, {"name": "pp", "num_cur": 30000, "num_top": 2923, "num_top_5": 5616, "num_top_10": 6921, "ndcg_sums": [2923.0, 3642.890848824978, 3979.3908488249754, 4182.239507677502, 4340.075453029183, 4460.117275084587, 4552.45060841794, 4640.780773917972, 4705.201192990077, 4762.146963774708], "map_sums": [2923.0, 3493.5, 3717.8333333333712, 3835.5833333333726, 3917.183333333352, 3973.3499999999967, 4012.921428571451, 4047.921428571452, 4071.6992063492494, 4091.3992063492365], "mrr_sums": [2923.0, 3493.5, 3717.8333333333712, 3835.5833333333726, 3917.183333333352, 3973.3499999999967, 4012.921428571451, 4047.921428571452, 4071.6992063492494, 4091.3992063492365], "recall_sums": [2923, 4064, 4737, 5208, 5616, 5953, 6230, 6510, 6724, 6921]}, {"name": "pp+bow", "num_cur": 30000, "num_top": 7930, "num_top_5": 14593, "num_top_10": 17132, "ndcg_sums": [7930.0, 9806.385087121953, 10641.385087121986, 11129.772303977032, 11472.137038379506, 11707.233781870764, 11903.233781870818, 12058.442501249267, 12187.58436938915, 12294.538355126862], "map_sums": [7930.0, 9417.0, 9973.666666666695, 10257.166666666726, 10434.166666666779, 10544.166666666775, 10628.166666666708, 10689.666666666717, 10737.333333333461, 10774.333333333545], "mrr_sums": [7930.0, 9417.0, 9973.666666666695, 10257.166666666726, 10434.166666666779, 10544.166666666775, 10628.166666666708, 10689.666666666717, 10737.333333333461, 10774.333333333545], "recall_sums": [7930, 10904, 12574, 13708, 14593, 15253, 15841, 16333, 16762, 17132]}]}