{"data": "items_CSall_1s_5mindoc_5mincont_wPP_3.1_wNP_both.csv", "num_contexts": 1835797, "num_test_set_items": 490018, "models": [{"name": "bow", "num_cur": 490018, "num_top": 55229, "num_top_5": 118646, "num_top_10": 149409, "ndcg_sums": [87294.9287173839, 98665.03700557776, 101365.79026022204, 101918.6609178433, 101743.08863698893, 101301.9222199345, 100719.3436466623, 100215.9681467941, 99702.7318066822, 99253.85168014097], "map_sums": [12679.350101897393, 14644.175227311083, 15162.355945874255, 15249.556732548102, 15185.427135380012, 15049.214080236712, 14892.331054048804, 14731.75373479291, 14559.657692299632, 14397.088845156792], "mrr_sums": [55229.0, 68003.0, 73425.33333334018, 76421.33333333692, 78344.93333331954, 79655.26666665159, 80609.12380950146, 81369.62380950067, 81964.29047615935, 82443.09047616099], "recall_sums": [55229, 80777, 97044, 109028, 118646, 126508, 133185, 139269, 144621, 149409], "num_applicable": 490018, "ndcg_results": [0.17814637159733704, 0.201349821854662, 0.2068613607259775, 0.2079896267440039, 0.2076313291287033, 0.20673102257454726, 0.2055421303843171, 0.2045148711818629, 0.2034674885548739, 0.2025514403147251], "map_results": [0.025875274177473876, 0.029884974077097337, 0.030942446901693926, 0.031120401153729257, 0.030989529232354755, 0.030711553616880834, 0.0303913959365754, 0.03006369915960824, 0.029712495647710148, 0.029380734677413464], "mrr_results": [0.11270810460023918, 0.13877653473954019, 0.14984211464342165, 0.15595617575953724, 0.15988174584060083, 0.1625557972700015, 0.16450237299344403, 0.166054356798119, 0.1672679176604928, 0.16824502462391377], "recall_results": [0.11270810460023918, 0.16484496487884118, 0.19804170459044362, 0.22249794905493267, 0.24212579946042798, 0.25817010803684765, 0.27179613810104936, 0.28421200853846185, 0.29513405629997264, 0.30490512593414937]}, {"name": "np", "num_cur": 490018, "num_top": 23358, "num_top_5": 48741, "num_top_10": 60415, "ndcg_sums": [36130.68940932954, 39979.86230622778, 40369.845185468504, 39943.0203588826, 39392.128415113744, 38778.17576922486, 38181.92642421064, 37645.89247905093, 37175.45912077657, 36753.60742342593], "map_sums": [4831.385360462761, 5602.204537565887, 5839.9879264505535, 5907.827774829749, 5915.444229322303, 5907.217102365811, 5882.420065152882, 5851.956594989919, 5815.282036362529, 5776.994270511246], "mrr_sums": [23358.0, 28628.0, 30807.99999999707, 31960.999999996933, 32699.19999999871, 33198.03333333342, 33576.74761904948, 33853.24761904944, 34078.91428571437, 34257.61428571277], "recall_sums": [23358, 33898, 40438, 45050, 48741, 51734, 54385, 56597, 58628, 60415], "num_applicable": 490018, "ndcg_results": [0.07373339226177313, 0.08158855859627152, 0.08238441278783332, 0.08151337371052206, 0.0803891457356949, 0.07913622717782787, 0.07791943647827353, 0.07682552983574263, 0.07586549702414314, 0.0750046068173535], "map_results": [0.009859607933714192, 0.01143265050991165, 0.011917904906453546, 0.012056348490932473, 0.012071891704635958, 0.012055102266377585, 0.01200449792691877, 0.0119423298633722, 0.011867486574702416, 0.011789351147327744], "mrr_results": [0.04766763669906003, 0.05842234366900808, 0.06287115983493886, 0.06522413462361981, 0.06673060989596037, 0.0677485997113033, 0.0685214576179844, 0.06908572260416851, 0.06954624990452263, 0.06991093038564455], "recall_results": [0.04766763669906003, 0.06917705063895611, 0.0825234991367664, 0.09193539829149133, 0.09946777465317601, 0.1055757135452167, 0.11098571889195907, 0.11549983878143252, 0.11964458448465158, 0.12329138929590341]}, {"name": "pp", "num_cur": 490018, "num_top": 25654, "num_top_5": 54034, "num_top_10": 67450, "ndcg_sums": [37304.17065529654, 41474.563500896555, 42055.005932126754, 41762.284353377385, 41322.57114144971, 40851.2599042917, 40368.61486049392, 39925.74469393835, 39535.30941469958, 39193.481023713386], "map_sums": [5357.708670772784, 6215.922879475317, 6465.879605711525, 6550.760708857003, 6567.766439062666, 6558.366164407784, 6533.665904321722, 6501.242222849924, 6461.345435411, 6427.335860619926], "mrr_sums": [25654.0, 31458.5, 33893.166666663616, 35193.41666666437, 36046.61666666567, 36636.78333333331, 37061.354761905786, 37376.72976190563, 37636.06309523693, 37840.66309523537], "recall_sums": [25654, 37263, 44567, 49768, 54034, 57575, 60547, 63070, 65404, 67450], "num_applicable": 490018, "ndcg_results": [0.07612816397621422, 0.08463885714585291, 0.08582339002266601, 0.08522602098979504, 0.0843286800514465, 0.08336685571609961, 0.0823819020127708, 0.08147811854653983, 0.08068134112359052, 0.0799837577879045], "map_results": [0.010933697682070422, 0.01268509091395687, 0.013195187943527635, 0.0133684083214433, 0.013403112618439865, 0.013383929089151385, 0.013333522246778123, 0.013267353898938251, 0.013185934874659706, 0.013116530128729815], "mrr_results": [0.05235317886281728, 0.06419866208996404, 0.06916718705570737, 0.07182066100972694, 0.07356182153852649, 0.07476619906479622, 0.07563263953957974, 0.07627623834615388, 0.07680547060564497, 0.07722300628800446], "recall_results": [0.05235317886281728, 0.0760441453171108, 0.09094972021435947, 0.10156361603043154, 0.11026941867441604, 0.1174956838320225, 0.12356076715549225, 0.12870955760808786, 0.13347264794354494, 0.13764800476717182]}, {"name": "pp+bow", "num_cur": 490018, "num_top": 60354, "num_top_5": 126437, "num_top_10": 157223, "ndcg_sums": [93557.35915964864, 105294.82495959838, 107778.59907325046, 108038.5974237189, 107648.99927498562, 106966.59160503409, 106210.46938965718, 105494.40251096411, 104845.87425077653, 104260.61763852168], "map_sums": [13335.124224227508, 15335.816798870417, 15834.729360646403, 15902.661688970376, 15821.726485859057, 15671.265499630988, 15493.442692185303, 15312.005285355192, 15139.004093733003, 14956.78172387369], "mrr_sums": [60354.0, 73920.0, 79557.0, 82623.99999999494, 84578.3999999773, 85899.56666664594, 86856.42380949549, 87603.42380949513, 88199.09047615442, 88681.49047615824], "recall_sums": [60354, 87486, 104397, 116665, 126437, 134364, 141062, 147038, 152399, 157223], "num_applicable": 490018, "ndcg_results": [0.19092637241825533, 0.21487950434391875, 0.21994824490784107, 0.22047883429530934, 0.21968376523920677, 0.2182911476823996, 0.21674809780387086, 0.2152867905076224, 0.21396331206359057, 0.21276895468844345], "map_results": [0.02721353955207259, 0.031296435638834524, 0.032314587138934495, 0.03245321945106175, 0.03228805163455028, 0.031980999676809806, 0.03161810931881136, 0.03124784249834739, 0.030894791811184492, 0.030522923084200355], "mrr_results": [0.1231669040729116, 0.1508516013697456, 0.16235526041900503, 0.16861421417171396, 0.17260263908668108, 0.17529879854749406, 0.1772514964950175, 0.1787759302913263, 0.17999153189506187, 0.1809759855273852], "recall_results": [0.1231669040729116, 0.1785362986665796, 0.21304727581435784, 0.238083090825235, 0.2580252154002506, 0.2742021721651041, 0.2878710577978768, 0.300066528168353, 0.3110069426021085, 0.32085147892526394]}, {"name": "npmarker", "num_cur": 100308, "num_top": 13680, "num_top_5": 24039, "num_top_10": 27591, "ndcg_sums": [18467.894567472595, 19712.280543376764, 19362.66695494284, 18825.219555135904, 18243.886310552127, 17731.74015404523, 17272.011754485116, 16828.486520095543, 16451.023658887272, 16120.162153243456], "map_sums": [2012.3402398413143, 2237.3893012247345, 2309.4647590318855, 2333.558904517317, 2346.714121343887, 2354.8899190252873, 2359.3888299727237, 2360.378107686752, 2361.2299314173783, 2364.64256508214], "mrr_sums": [13680.0, 16140.0, 17005.000000000688, 17424.500000000528, 17657.700000000863, 17819.20000000096, 17935.48571428668, 18017.610714286686, 18087.05515873112, 18135.755158731165], "recall_sums": [13680, 18600, 21195, 22873, 24039, 25008, 25822, 26479, 27104, 27591], "num_applicable": 100308,