{"data": "items_MAG_CS_en_wAbs_50mindoc_wPP_first3m_wNP_sorted.csv", "num_contexts": 3207046, "num_test_set_items": 53151, "models": [{"name": "bow", "num_cur": 53151, "num_top": 12869, "num_top_5": 24116, "num_top_10": 28559, "ndcg_sums": [12869.0, 15983.269263629743, 17432.269263629256, 18271.657875313656, 18838.01038510456, 19267.596252756717, 19593.929586089875, 19863.967520617996, 20088.234867387382, 20278.150458278174], "map_sums": [12869.0, 15337.0, 16303.00000000068, 16790.250000000575, 17083.050000000945, 17284.050000000756, 17423.90714285788, 17530.907142857875, 17613.684920635664, 17679.38492063571], "mrr_sums": [12869.0, 15337.0, 16303.00000000068, 16790.250000000575, 17083.050000000945, 17284.050000000756, 17423.90714285788, 17530.907142857875, 17613.684920635664, 17679.38492063571], "recall_sums": [12869, 17805, 20703, 22652, 24116, 25322, 26301, 27157, 27902, 28559], "num_applicable": 53151, "ndcg_results": [0.24212150288799836, 0.3007143659315863, 0.32797631772928554, 0.3437688449006351, 0.3544243830803665, 0.3625067496896901, 0.3686464899266218, 0.3737270704336324, 0.37794650838906857, 0.38151964136663796], "map_results": [0.24212150288799836, 0.2885552482549717, 0.3067298827867901, 0.3158971609189023, 0.3214059942428354, 0.32518767285659267, 0.327818990100993, 0.32983212249737304, 0.3313895302183527, 0.3326256311383739], "mrr_results": [0.24212150288799836, 0.2885552482549717, 0.3067298827867901, 0.3158971609189023, 0.3214059942428354, 0.32518767285659267, 0.327818990100993, 0.32983212249737304, 0.3313895302183527, 0.3326256311383739], "recall_results": [0.24212150288799836, 0.334988993621945, 0.3895128972173619, 0.4261820097458185, 0.4537261763654494, 0.47641624804801413, 0.49483546875881923, 0.5109405279298602, 0.5249571974186751, 0.5373182066188783]}, {"name": "np", "num_cur": 53151, "num_top": 6021, "num_top_5": 11035, "num_top_10": 13220, "ndcg_sums": [6021.0, 7392.641284264575, 8026.141284264611, 8413.319509972467, 8674.058302048488, 8878.165020261422, 9043.16502026141, 9187.332468952469, 9291.48884745223, 9382.255202916114], "map_sums": [6021.0, 7108.0, 7530.333333333203, 7755.083333333197, 7889.883333333112, 7985.383333333177, 8056.097619047416, 8113.222619047411, 8151.667063491903, 8183.067063491947], "mrr_sums": [6021.0, 7108.0, 7530.333333333203, 7755.083333333197, 7889.883333333112, 7985.383333333177, 8056.097619047416, 8113.222619047411, 8151.667063491903, 8183.067063491947], "recall_sums": [6021, 8195, 9462, 10361, 11035, 11608, 12103, 12560, 12906, 13220], "num_applicable": 53151, "ndcg_results": [0.11328102951967037, 0.13908752957168397, 0.1510064022175427, 0.15829089781890213, 0.1631965212705027, 0.1670366506794119, 0.1701410137205586, 0.17285342644451598, 0.1748130580318758, 0.17652076542146178], "map_results": [0.11328102951967037, 0.13373219694831706, 0.14167811204555328, 0.1459066307940245, 0.14844280132703264, 0.1502395690266068, 0.15157001032995457, 0.15264477844344249, 0.15336808457962978, 0.1539588542735216], "mrr_results": [0.11328102951967037, 0.13373219694831706, 0.14167811204555328, 0.1459066307940245, 0.14844280132703264, 0.1502395690266068, 0.15157001032995457, 0.15264477844344249, 0.15336808457962978, 0.1539588542735216], "recall_results": [0.11328102951967037, 0.15418336437696376, 0.1780211096686798, 0.19493518466256515, 0.20761603732761377, 0.21839664352505128, 0.22770973264849204, 0.23630787755639593, 0.24281763278207372, 0.2487253297209836]}, {"name": "pp", "num_cur": 53151, "num_top": 4758, "num_top_5": 9138, "num_top_10": 11351, "ndcg_sums": [4758.0, 5911.970519282305, 6476.970519282335, 6808.591468998754, 7060.432646508392, 7262.758328785822, 7433.0916621191045, 7566.533304999517, 7675.5061634299045, 7776.389787814914], "map_sums": [4758.0, 5672.5, 6049.1666666665915, 6241.666666666583, 6371.866666666515, 6466.533333333221, 6539.533333333188, 6592.408333333186, 6632.630555555458, 6667.530555555499], "mrr_sums": [4758.0, 5672.5, 6049.1666666665915, 6241.666666666583, 6371.866666666515, 6466.533333333221, 6539.533333333188, 6592.408333333186, 6632.630555555458, 6667.530555555499], "recall_sums": [4758, 6587, 7717, 8487, 9138, 9706, 10217, 10640, 11002, 11351], "num_applicable": 53151, "ndcg_results": [0.0895185415138003, 0.11122971382066763, 0.1218598054464137, 0.1280990285977452, 0.1328372494686533, 0.1366438698949375, 0.1398485759838781, 0.14235918994938038, 0.14440944033846784, 0.14630749727784828], "map_results": [0.0895185415138003, 0.10672423849033885, 0.11381096624083445, 0.11743272312217236, 0.11988234777645793, 0.12166343687481367, 0.12303688234150228, 0.12403168958877889, 0.12478844340756445, 0.12544506322657145], "mrr_results": [0.0895185415138003, 0.10672423849033885, 0.11381096624083445, 0.11743272312217236, 0.11988234777645793, 0.12166343687481367, 0.12303688234150228, 0.12403168958877889, 0.12478844340756445, 0.12544506322657145], "recall_results": [0.0895185415138003, 0.12392993546687739, 0.14519011871836843, 0.15967714624372073, 0.17192526951515494, 0.18261180410528494, 0.19222592237210964, 0.20018438035032265, 0.2069951647193844, 0.21356136290944666]}, {"name": "pp+bow", "num_cur": 53151, "num_top": 13610, "num_top_5": 24888, "num_top_10": 29270, "ndcg_sums": [13610.0, 16818.27779691175, 18241.27779691114, 19055.256491669155, 19618.901031809433, 20032.101368854754, 20366.43470218795, 20630.79426893393, 20849.944105777016, 21038.703437362383], "map_sums": [13610.0, 16152.5, 17101.166666667155, 17573.666666667035, 17865.066666667448, 18058.400000000685, 18201.685714286457, 18306.435714286472, 18387.324603175315, 18452.624603175365], "mrr_sums": [13610.0, 16152.5, 17101.166666667155, 17573.666666667035, 17865.066666667448, 18058.400000000685, 18201.685714286457, 18306.435714286472, 18387.324603175315, 18452.624603175365], "recall_sums": [13610, 18695, 21541, 23431, 24888, 26048, 27051, 27889, 28617, 29270], "num_applicable": 53151, "ndcg_results": [0.25606291509096724, 0.31642448489984665, 0.3431972643395447, 0.3585117211655313, 0.3691163107337479, 0.37689039470291724, 0.3831806495115417, 0.3881543953817224, 0.3922775508603228, 0.3958289296036271], "map_results": [0.25606291509096724, 0.3038983274068221, 0.32174684703330425, 0.3306366139238591, 0.33611910719774696, 0.33975654268030114, 0.3424523661697138, 0.34442316634280584, 0.34594503590102377, 0.3471736110924605], "mrr_results": [0.25606291509096724, 0.3038983274068221, 0.32174684703330425, 0.3306366139238591, 0.33611910719774696, 0.33975654268030114, 0.3424523661697138, 0.34442316634280584, 0.34594503590102377, 0.3471736110924605], "recall_results": [0.25606291509096724, 0.3517337397226769, 0.40527929860209594, 0.44083836616432426, 0.4682508325337247, 0.4900754454290606, 0.5089462098549415, 0.5247126112396756, 0.5384094372636451, 0.5506951891780023]}]}