{"data": "items_CSall_1s_5mindoc_5mincont_wPP_3.1_wNP_both.csv", "num_contexts": 1835797, "num_test_set_items": 490018, "models": [{"name": "bow", "num_cur": 490018, "num_top": 55229, "num_top_5": 118646, "num_top_10": 149409, "ndcg_sums": [87294.9287173839, 98665.03700557776, 101365.79026022204, 101918.6609178433, 101743.08863698893, 101301.9222199345, 100719.3436466623, 100215.9681467941, 99702.7318066822, 99253.85168014097], "map_sums": [145322.35010192057, 159382.75315262284, 163659.2205407786, 164552.22913495664, 164049.26408788067, 162928.5574244256, 161507.563837125, 160082.92134534326, 158558.88246602885, 157082.35049550593], "mrr_sums": [55229.0, 68003.0, 73425.33333334018, 76421.33333333692, 78344.93333331954, 79655.26666665159, 80609.12380950146, 81369.62380950067, 81964.29047615935, 82443.09047616099], "recall_sums": [55229, 80777, 97044, 109028, 118646, 126508, 133185, 139269, 144621, 149409], "num_applicable": 490018, "ndcg_results": [0.17814637159733704, 0.201349821854662, 0.2068613607259775, 0.2079896267440039, 0.2076313291287033, 0.20673102257454726, 0.2055421303843171, 0.2045148711818629, 0.2034674885548739, 0.2025514403147251], "map_results": [0.2965653304611679, 0.325258976512338, 0.33398614038826857, 0.33580853996170884, 0.3347821183872443, 0.33249504594611956, 0.32959516555947943, 0.3266878387025441, 0.3235776695264844, 0.3205644496641061], "mrr_results": [0.11270810460023918, 0.13877653473954019, 0.14984211464342165, 0.15595617575953724, 0.15988174584060083, 0.1625557972700015, 0.16450237299344403, 0.166054356798119, 0.1672679176604928, 0.16824502462391377], "recall_results": [0.11270810460023918, 0.16484496487884118, 0.19804170459044362, 0.22249794905493267, 0.24212579946042798, 0.25817010803684765, 0.27179613810104936, 0.28421200853846185, 0.29513405629997264, 0.30490512593414937]}, {"name": "npmarker", "num_cur": 100308, "num_top": 13680, "num_top_5": 24039, "num_top_10": 27591, "ndcg_sums": [18467.894567472595, 19712.280543376764, 19362.66695494284, 18825.219555135904, 18243.886310552127, 17731.74015404523, 17272.011754485116, 16828.486520095543, 16451.023658887272, 16120.162153243456], "map_sums": [27251.34023984141, 29303.018315165013, 30163.764286115205, 30519.09510885234, 30775.131018631735, 30974.135773868784, 31112.075924858047, 31141.944112861613, 31177.31238987632, 31218.874930079728], "mrr_sums": [13680.0, 16140.0, 17005.000000000688, 17424.500000000528, 17657.700000000863, 17819.20000000096, 17935.48571428668, 18017.610714286686, 18087.05515873112, 18135.755158731165], "recall_sums": [13680, 18600, 21195, 22873, 24039, 25008, 25822, 26479, 27104, 27591], "num_applicable": 100308, "ndcg_results": [0.18411188108099646, 0.19651753143694187, 0.19303213058721977, 0.18767415914120414, 0.18187867678103567, 0.1767729408825341, 0.17218977304387603, 0.16776813933181345, 0.16400510087816797, 0.16070664506563243], "map_results": [0.27167663835228906, 0.2921304214535731, 0.3007114515902541, 0.3042538492328861, 0.30680634663867024, 0.30879028366499967, 0.31016544966361653, 0.3104632144281773, 0.31081581120026636, 0.3112301604067445], "mrr_results": [0.13637994975475534, 0.1609044144036368, 0.169527854209043, 0.17370997328229582, 0.17603481277665653, 0.17764485385015114, 0.17880414039046416, 0.17962286870724853, 0.18031518083035372, 0.18080068547604541], "recall_results": [0.13637994975475534, 0.18542887905251823, 0.21129919846871636, 0.22802767476173386, 0.23965187223352075, 0.24931211867448258, 0.25742712445667343, 0.26397695099094787, 0.2702077600988954, 0.2750628065558081]}, {"name": "fos", "num_cur": 256795, "num_top": 513, "num_top_5": 2072, "num_top_10": 3590, "ndcg_sums": [1255.2707037726052, 1588.212438746467, 1920.6963667834777, 2113.878852605414, 2266.0863961631258, 2364.0729764949947, 2454.936209032479, 2546.0000250076405, 2639.243082042451, 2722.6904228523454], "map_sums": [2636.3829267534784, 3384.559418759935, 4219.653104796165, 4627.916078200843, 4974.895378016088, 5181.721744995722, 5366.064735825203, 5471.4049588569915, 5604.3254939032395, 5687.234367304696], "mrr_sums": [513.0, 730.5, 859.8333333333387, 952.5833333333397, 1025.583333333349, 1079.5833333333405, 1125.8690476190495, 1159.36904761905, 1193.4801587301552, 1222.9801587301536], "recall_sums": [513, 948, 1336, 1707, 2072, 2396, 2720, 2988, 3295, 3590], "num_applicable": 256795, "ndcg_results": [0.0048882209691489525, 0.006184748296292634, 0.00747949285143199, 0.00823177574565476, 0.00882449578910464, 0.00920607089894661, 0.009559906575410265, 0.009914523355235268, 0.010277626441490103, 0.010602583472623476], "map_results": [0.010266488548271883, 0.013180005135457992, 0.016431990906350065, 0.018021830947646346, 0.019373022753620937, 0.020178437060673772, 0.020896297575206692, 0.02130650892290345, 0.021824122330665472, 0.022146982485269168], "mrr_results": [0.00199770244747756, 0.002844681555326233, 0.00334832583708148, 0.0037095088819227, 0.003993782329614474, 0.0042040667977699744, 0.004384310627617553, 0.004514764881010339, 0.004647598896902802, 0.0047624765230248], "recall_results": [0.00199770244747756, 0.003691660663174906, 0.005202593508440585, 0.006647325687805448, 0.00806869292626414, 0.009330399735197337, 0.010592106544130533, 0.011635740571272805, 0.012831246714305185, 0.013980022975525225]}, {"name": "bow+fosboost", "num_cur": 490018, "num_top": 55269, "num_top_5": 118672, "num_top_10": 149427, "ndcg_sums": [87378.42114143271, 98736.08169676017, 101431.90919543503, 101966.98090631842, 101788.62259704924, 101344.7657407145, 100755.4833621177, 100253.76252420411, 99736.78796911315, 99286.68358564697], "map_sums": [145469.37976562863, 159519.5550064931, 163777.26941401715, 164652.25839548992, 164145.97992436937, 163018.02070376868, 161593.75127231312, 160158.3147479884, 158637.1520090386, 157150.33085790448], "mrr_sums": [55269.0, 68043.5, 73468.16666667342, 76459.66666667016, 78382.4666666528, 79694.1333333183, 80646.99047616815, 81407.86547616725, 82001.08769838154, 82479.98769838325], "recall_sums": [55269, 80818, 97092, 109058, 118672, 126542, 133212, 139299, 144638, 149427], "num_applicable": 490018, "ndcg_results": [0.17831675804038366, 0.20149480569440342, 0.20699629237178027, 0.208088235343025, 0.2077242521643067, 0.20681845511943336, 0.20561588219640442, 0.20459199973103867, 0.2035369883741274, 0.20261844174223595], "map_results": [0.2968653799771205, 0.325538153713727, 0.33422704760644945, 0.33601267381094146, 0.3349794903949842, 0.3326776173605228, 0.32977105182322514, 0.3268416971376325, 0.32373739742017354, 0.32070318000135606], "mrr_results": [0.11278973425466003, 0.1388591847646413, 0.1499295263983638, 0.15603440417835704, 0.15995834166633227, 0.16263511408421386, 0.16457964906629582, 0.16613239814898076, 0.16734301127383389, 0.1683203223113911], "recall_results": [0.11278973425466003, 0.16492863527462256, 0.19813966017574863, 0.22255917129574831, 0.24217885873580156, 0.25823949324310536, 0.27185123811778344, 0.2842732307792775, 0.2951687489031015, 0.30494185927863876]}]}