{"data": "items_acl-arc_DBLPonly_wPP_3.1_wNP_both.csv", "num_contexts": 29530, "num_test_set_items": 3968, "models": [{"name": "bow (tfidf)", "num_cur": 3968, "num_top": 556, "num_top_5": 1179, "num_top_10": 1481, "ndcg_sums": [556.0, 708.6850003642917, 789.6850003642908, 840.9355107750249, 879.6207914984782, 904.5552945960382, 926.2219612627056, 948.9354323912786, 963.6859021788125, 976.9828841894364], "map_sums": [556.0, 677.0, 731.0000000000008, 760.750000000001, 780.7500000000016, 792.4166666666675, 801.7023809523814, 810.7023809523815, 816.1468253968251, 820.7468253968259], "mrr_sums": [556.0, 677.0, 731.0000000000008, 760.750000000001, 780.7500000000016, 792.4166666666675, 801.7023809523814, 810.7023809523815, 816.1468253968251, 820.7468253968259], "recall_sums": [556, 798, 960, 1079, 1179, 1249, 1314, 1386, 1435, 1481], "num_applicable": 3968, "ndcg_results": [0.14012096774193547, 0.1786000504950332, 0.19901335694664585, 0.21192931219128652, 0.22167862688973744, 0.22796252383972734, 0.23342287330209313, 0.23914703437280208, 0.24286439067006363, 0.24621544460419265], "map_results": [0.14012096774193547, 0.17061491935483872, 0.18422379032258085, 0.1917212701612906, 0.1967615927419359, 0.19970178091397872, 0.20204193068356385, 0.20431007584485422, 0.20568216365847405, 0.20684143785202266], "mrr_results": [0.14012096774193547, 0.17061491935483872, 0.18422379032258085, 0.1917212701612906, 0.1967615927419359, 0.19970178091397872, 0.20204193068356385, 0.20431007584485422, 0.20568216365847405, 0.20684143785202266], "recall_results": [0.14012096774193547, 0.20110887096774194, 0.24193548387096775, 0.27192540322580644, 0.29712701612903225, 0.3147681451612903, 0.3311491935483871, 0.3492943548387097, 0.3616431451612903, 0.3732358870967742]}, {"name": "bow (bm25)", "num_cur": 3968, "num_top": 217, "num_top_5": 401, "num_top_10": 515, "ndcg_sums": [217.0, 263.05787201071604, 287.55787201071627, 303.9235812175054, 313.20804859113446, 321.757021081727, 328.757021081727, 337.2745727549417, 343.59620266388526, 349.6665640165608], "map_sums": [217.0, 253.5, 269.83333333333337, 279.33333333333337, 284.13333333333327, 288.1333333333332, 291.1333333333332, 294.5083333333332, 296.8416666666666, 298.9416666666666], "mrr_sums": [217.0, 253.5, 269.83333333333337, 279.33333333333337, 284.13333333333327, 288.1333333333332, 291.1333333333332, 294.5083333333332, 296.8416666666666, 298.9416666666666], "recall_sums": [217, 290, 339, 377, 401, 425, 446, 473, 494, 515], "num_applicable": 3968, "ndcg_results": [0.0546875, 0.06629482661560385, 0.07246922177689422, 0.0765936444600568, 0.0789334799876851, 0.08108795894196748, 0.08285207184519329, 0.08499863224670909, 0.0865917849455356, 0.08812161391546391], "map_results": [0.0546875, 0.06388608870967742, 0.06800235215053764, 0.07039650537634409, 0.07160618279569891, 0.07261424731182793, 0.0733702956989247, 0.07422085013440857, 0.07480888776881718, 0.07533812163978493], "mrr_results": [0.0546875, 0.06388608870967742, 0.06800235215053764, 0.07039650537634409, 0.07160618279569891, 0.07261424731182793, 0.0733702956989247, 0.07422085013440857, 0.07480888776881718, 0.07533812163978493], "recall_results": [0.0546875, 0.07308467741935484, 0.08543346774193548, 0.0950100806451613, 0.10105846774193548, 0.10710685483870967, 0.1123991935483871, 0.11920362903225806, 0.12449596774193548, 0.1297883064516129]}]}
