{"data": "items_CSall_1s_5mindoc_5mincont_wPP_3.1_wNP_both.csv", "num_contexts": 1835797, "num_test_set_items": 490018, "models": [{"name": "bow", "num_cur": 490018, "num_top": 55229, "num_top_5": 118646, "num_top_10": 149409, "ndcg_sums": [87294.9287173839, 98665.03700557776, 101365.79026022204, 101918.6609178433, 101743.08863698893, 101301.9222199345, 100719.3436466623, 100215.9681467941, 99702.7318066822, 99253.85168014097], "map_sums": [132643.0, 154175.0, 160482.2500000184, 162288.08333337202, 162300.97777784747, 161516.01388891667, 160350.7822222691, 159066.63702385634, 157684.8068623069, 156301.92550067196], "mrr_sums": [55229.0, 68003.0, 73425.33333334018, 76421.33333333692, 78344.93333331954, 79655.26666665159, 80609.12380950146, 81369.62380950067, 81964.29047615935, 82443.09047616099], "recall_sums": [55229, 80777, 97044, 109028, 118646, 126508, 133185, 139269, 144621, 149409], "num_applicable": 490018, "ndcg_results": [0.17814637159733704, 0.201349821854662, 0.2068613607259775, 0.2079896267440039, 0.2076313291287033, 0.20673102257454726, 0.2055421303843171, 0.2045148711818629, 0.2034674885548739, 0.2025514403147251], "map_results": [0.27069005628364673, 0.3146312992583946, 0.32750276520458105, 0.3311880039781641, 0.3312143182043261, 0.3296124099296693, 0.3272344734729522, 0.3246138652536363, 0.3217939072897463, 0.3189718040983637], "mrr_results": [0.11270810460023918, 0.13877653473954019, 0.14984211464342165, 0.15595617575953724, 0.15988174584060083, 0.1625557972700015, 0.16450237299344403, 0.166054356798119, 0.1672679176604928, 0.16824502462391377], "recall_results": [0.11270810460023918, 0.16484496487884118, 0.19804170459044362, 0.22249794905493267, 0.24212579946042798, 0.25817010803684765, 0.27179613810104936, 0.28421200853846185, 0.29513405629997264, 0.30490512593414937]}, {"name": "npmarker", "num_cur": 100308, "num_top": 13680, "num_top_5": 24039, "num_top_10": 27591, "ndcg_sums": [18467.894567472595, 19712.280543376764, 19362.66695494284, 18825.219555135904, 18243.886310552127, 17731.74015404523, 17272.011754485116, 16828.486520095543, 16451.023658887272, 16120.162153243456], "map_sums": [25239.0, 28637.5, 29811.583333329814, 30298.722222221586, 30620.459722221858, 30863.273055556998, 31026.14317460517, 31074.05134353899, 31112.980904194785, 31170.505015273833], "mrr_sums": [13680.0, 16140.0, 17005.000000000688, 17424.500000000528, 17657.700000000863, 17819.20000000096, 17935.48571428668, 18017.610714286686, 18087.05515873112, 18135.755158731165], "recall_sums": [13680, 18600, 21195, 22873, 24039, 25008, 25822, 26479, 27104, 27591], "num_applicable": 100308, "ndcg_results": [0.18411188108099646, 0.19651753143694187, 0.19303213058721977, 0.18767415914120414, 0.18187867678103567, 0.1767729408825341, 0.17218977304387603, 0.16776813933181345, 0.16400510087816797, 0.16070664506563243], "map_results": [0.25161502572078, 0.28549567332615544, 0.2972004559290367, 0.3020568870102244, 0.3052643829228163, 0.3076850605690174, 0.309308760762902, 0.30978637141144266, 0.3101744716692067, 0.31074794647758736], "mrr_results": [0.13637994975475534, 0.1609044144036368, 0.169527854209043, 0.17370997328229582, 0.17603481277665653, 0.17764485385015114, 0.17880414039046416, 0.17962286870724853, 0.18031518083035372, 0.18080068547604541], "recall_results": [0.13637994975475534, 0.18542887905251823, 0.21129919846871636, 0.22802767476173386, 0.23965187223352075, 0.24931211867448258, 0.25742712445667343, 0.26397695099094787, 0.2702077600988954, 0.2750628065558081]}, {"name": "fos", "num_cur": 256795, "num_top": 513, "num_top_5": 2072, "num_top_10": 3590, "ndcg_sums": [1255.2707037726052, 1588.212438746467, 1920.6963667834777, 2113.878852605414, 2266.0863961631258, 2364.0729764949947, 2454.936209032479, 2546.0000250076405, 2639.243082042451, 2722.6904228523454], "map_sums": [2305.0, 3231.5, 4121.833333333522, 4558.000000000087, 4913.623611110963, 5133.0324999999075, 5326.582539682322, 5438.013452380887, 5571.326227324377, 5658.554798752979], "mrr_sums": [513.0, 730.5, 859.8333333333387, 952.5833333333397, 1025.583333333349, 1079.5833333333405, 1125.8690476190495, 1159.36904761905, 1193.4801587301552, 1222.9801587301536], "recall_sums": [513, 948, 1336, 1707, 2072, 2396, 2720, 2988, 3295, 3590], "num_applicable": 256795, "ndcg_results": [0.0048882209691489525, 0.006184748296292634, 0.00747949285143199, 0.00823177574565476, 0.00882449578910464, 0.00920607089894661, 0.009559906575410265, 0.009914523355235268, 0.010277626441490103, 0.010602583472623476], "map_results": [0.008976031464787086, 0.012583967756381549, 0.016051065376403443, 0.017749566775054373, 0.019134420884795122, 0.019988833505324897, 0.020742547711919322, 0.02117647716030642, 0.021695618011738457, 0.02203529974786495], "mrr_results": [0.00199770244747756, 0.002844681555326233, 0.00334832583708148, 0.0037095088819227, 0.003993782329614474, 0.0042040667977699744, 0.004384310627617553, 0.004514764881010339, 0.004647598896902802, 0.0047624765230248], "recall_results": [0.00199770244747756, 0.003691660663174906, 0.005202593508440585, 0.006647325687805448, 0.00806869292626414, 0.009330399735197337, 0.010592106544130533, 0.011635740571272805, 0.012831246714305185, 0.013980022975525225]}, {"name": "bow+fosboost", "num_cur": 490018, "num_top": 55269, "num_top_5": 118672, "num_top_10": 149427, "ndcg_sums": [87378.42114143271, 98736.08169676017, 101431.90919543503, 101966.98090631842, 101788.62259704924, 101344.7657407145, 100755.4833621177, 100253.76252420411, 99736.78796911315, 99286.68358564697], "map_sums": [132788.0, 154308.0, 160596.25000001854, 162391.2777778163, 162394.35972229205, 161607.7380555831, 160437.88662703097, 159140.55521546621, 157762.71293940413, 156369.28352567818], "mrr_sums": [55269.0, 68043.5, 73468.16666667342, 76459.66666667016, 78382.4666666528, 79694.1333333183, 80646.99047616815, 81407.86547616725, 82001.08769838154, 82479.98769838325], "recall_sums": [55269, 80818, 97092, 109058, 118672, 126542, 133212, 139299, 144638, 149427], "num_applicable": 490018, "ndcg_results": [0.17831675804038366, 0.20149480569440342, 0.20699629237178027, 0.208088235343025, 0.2077242521643067, 0.20681845511943336, 0.20561588219640442, 0.20459199973103867, 0.2035369883741274, 0.20261844174223595], "map_results": [0.2709859637809223, 0.31490271785934393, 0.3277354097196808, 0.3313985971491176, 0.33140488660068007, 0.3297995952303448, 0.32741223103443334, 0.32476471316454947, 0.3219528934435146, 0.3191092644059569], "mrr_results": [0.11278973425466003, 0.1388591847646413, 0.1499295263983638, 0.15603440417835704, 0.15995834166633227, 0.16263511408421386, 0.16457964906629582, 0.16613239814898076, 0.16734301127383389, 0.1683203223113911], "recall_results": [0.11278973425466003, 0.16492863527462256, 0.19813966017574863, 0.22255917129574831, 0.24217885873580156, 0.25823949324310536, 0.27185123811778344, 0.2842732307792775, 0.2951687489031015, 0.30494185927863876]}]}