{"data": "items_CSall_1s_5mindoc_5mincont_wPP_3.1_wNP_both.csv", "num_contexts": 1835797, "num_test_set_items": 490018, "models": [{"name": "bow", "num_cur": 420000, "num_top": 50632, "num_top_5": 108987, "num_top_10": 137208, "ndcg_sums": [78891.72029276876, 89114.47011403846, 91506.3447293851, 91976.32822199052, 91788.41318733961, 91379.04229872825, 90844.32679275065, 90366.7115912285, 89896.07673402778, 89485.10101803728], "map_sums": [118857.0, 137742.0, 143145.3333332866, 144652.83333334298, 144594.82083333214, 143849.26111109674, 142772.0126190394, 141606.73225623614, 140352.7851162133, 139101.70960397428], "mrr_sums": [50632.0, 62398.0, 67377.66666667996, 70145.1666666767, 71907.96666666165, 73112.13333332395, 73991.27619046062, 74687.02619045983, 75231.80396823035, 75669.10396822957], "recall_sums": [50632, 74164, 89103, 100173, 108987, 116212, 122366, 127932, 132835, 137208]}, {"name": "npmarker", "num_cur": 86917, "num_top": 12545, "num_top_5": 22211, "num_top_10": 25370, "ndcg_sums": [16851.164194432407, 18021.48811364586, 17678.227067488107, 17166.78245435806, 16638.413783889915, 16144.786999141339, 15732.657329810729, 15327.029979083767, 14977.920706473993, 14679.49093550706], "map_sums": [22941.0, 25987.0, 27010.249999997493, 27408.388888888454, 27685.741666666596, 27892.6838888899, 28028.534246033138, 28061.098049887773, 28095.20578514708, 28142.445851599303], "mrr_sums": [12545.0, 14861.0, 15666.666666667312, 16053.416666667308, 16267.416666667657, 16390.250000000826, 16500.25000000076, 16576.750000000768, 16640.638888889727, 16687.138888889804], "recall_sums": [12545, 17177, 19594, 21141, 22211, 22948, 23718, 24330, 24905, 25370]}, {"name": "fos", "num_cur": 221976, "num_top": 490, "num_top_5": 1932, "num_top_10": 3287, "ndcg_sums": [1167.6533880424006, 1458.364889092343, 1765.5446909000677, 1941.2722462480413, 2069.0861850343576, 2155.3304022923503, 2238.5515150385127, 2323.786080240317, 2403.0853930916433, 2478.3883136305776], "map_sums": [2126.0, 2936.5, 3750.8333333334967, 4133.500000000155, 4431.945833333307, 4620.149166666624, 4789.648650793522, 4881.56646825399, 5007.5575765307585, 5080.218167989552], "mrr_sums": [490.0, 697.5, 814.8333333333374, 900.3333333333384, 966.9333333333467, 1017.6000000000067, 1059.3142857142884, 1090.3142857142889, 1119.4253968253952, 1144.3253968253978], "recall_sums": [490, 905, 1257, 1599, 1932, 2236, 2528, 2776, 3038, 3287]}, {"name": "bow+fosboost", "num_cur": 420000, "num_top": 50673, "num_top_5": 109012, "num_top_10": 137223, "ndcg_sums": [78967.51423200782, 89177.33409320688, 91566.87056084319, 92019.53666819139, 91829.77974403101, 91417.64720312378, 90876.8526989857, 90401.0284286441, 89927.25699471244, 89514.33069626981], "map_sums": [118982.0, 137857.0, 143243.4999999535, 144740.86111112067, 144673.72777777686, 143927.23111109674, 142847.04742062694, 141669.76676870807, 140419.74264314093, 139158.07551068923], "mrr_sums": [50673.0, 62437.5, 67420.50000001318, 70182.25000000992, 71945.0499999949, 73150.54999999063, 74028.69285712729, 74724.94285712639, 75268.05396823029, 75705.35396822958], "recall_sums": [50673, 74202, 89151, 100198, 109012, 116245, 122392, 127962, 132850, 137223]}]}