{"data": "items_CSall_1s_5mindoc_5mincont_wPP_3.1_wNP_both.csv", "num_contexts": 1835797, "num_test_set_items": 490018, "models": [{"name": "bow", "num_cur": 390000, "num_top": 47929, "num_top_5": 103537, "num_top_10": 130245, "ndcg_sums": [74484.64569717983, 84215.26432710713, 86520.91687276734, 86980.01126205667, 86818.80174948512, 86447.46051880179, 85958.4282207592, 85516.82936090922, 85078.80429734249, 84698.5936667802], "map_sums": [122987.77267871729, 134206.39565311748, 137504.92166752057, 138115.5478323882, 137583.83505824956, 136583.4548815604, 135334.74153879742, 134087.50146059153, 132781.95951999753, 131527.49937588166], "mrr_sums": [47929.0, 59126.0, 63885.333333347924, 66522.08333334657, 68199.88333333276, 69343.04999999328, 70178.04999998774, 70836.67499998695, 71349.34166664683, 71761.44166664458], "recall_sums": [47929, 70323, 84601, 95148, 103537, 110396, 116241, 121510, 126124, 130245]}, {"name": "npmarker", "num_cur": 81128, "num_top": 12001, "num_top_5": 21318, "num_top_10": 24311, "ndcg_sums": [16107.513257368462, 17245.382819950097, 16920.453473647103, 16434.43159250339, 15924.641023737107, 15449.76048136776, 15058.727485319017, 14672.080240489018, 14335.154389984964, 14044.105479033384], "map_sums": [23693.803488387715, 25380.022727289826, 26063.720016438278, 26312.69280637625, 26510.77384266911, 26668.518706919713, 26776.576630445044, 26790.650337355986, 26813.225554794142, 26843.62375613332], "mrr_sums": [12001.0, 14230.5, 15011.166666667266, 15388.666666667263, 15589.866666667565, 15702.200000000765, 15808.200000000694, 15881.825000000692, 15944.047222223006, 15986.847222223132], "recall_sums": [12001, 16460, 18802, 20312, 21318, 21992, 22734, 23323, 23883, 24311]}, {"name": "fos", "num_cur": 207086, "num_top": 454, "num_top_5": 1801, "num_top_10": 3062, "ndcg_sums": [1096.8594488030596, 1372.5651106910768, 1659.3680826726072, 1824.2915962109407, 1939.715018116312, 2019.7677024805541, 2093.324155150198, 2174.0965043010187, 2250.445251824496, 2319.00894843256], "map_sums": [2301.416120025906, 2915.470958503716, 3631.35065855546, 3960.7377753413384, 4220.419734101862, 4388.5796725534365, 4530.822136391567, 4604.269798917421, 4722.317789006705, 4782.201891011306], "mrr_sums": [454.0, 643.0, 751.6666666666697, 832.6666666666707, 896.4666666666784, 942.4666666666728, 981.3238095238127, 1010.0738095238123, 1037.8515873015858, 1061.1515873015899], "recall_sums": [454, 832, 1158, 1482, 1801, 2077, 2349, 2579, 2829, 3062]}, {"name": "bow+fosboost", "num_cur": 390000, "num_top": 47969, "num_top_5": 103561, "num_top_10": 130260, "ndcg_sums": [74555.29750079519, 84274.67315713807, 86579.23847245707, 87020.73121325302, 86857.9372040685, 86483.74381380905, 85989.11453205308, 85549.26181493246, 85108.32760268355, 84726.39051781152], "map_sums": [123102.05669795584, 134317.38159031887, 137599.91402817384, 138193.43024043695, 137659.53985363073, 136654.13042601434, 135402.31463003438, 134147.848249118, 132843.60534917735, 131579.21220083442], "mrr_sums": [47969.0, 59164.5, 63927.50000001463, 66558.00000001313, 68235.99999999933, 69380.33333332662, 70214.33333332106, 70873.58333332016, 71384.69444442453, 71796.79444442235], "recall_sums": [47969, 70360, 84649, 95171, 103561, 110427, 116265, 121539, 126139, 130260]}]}