{"data": "items_CSall_1s_5mindoc_5mincont_wPP_3.1_wNP_both.csv", "num_contexts": 1835797, "num_test_set_items": 490018, "models": [{"name": "bow", "num_cur": 30000, "num_top": 4496, "num_top_5": 8398, "num_top_10": 10254, "ndcg_sums": [6060.484625083376, 6520.773758354857, 6519.234747625662, 6454.374635174072, 6374.189856754186, 6300.130039492891, 6236.2421105061785, 6186.324853049551, 6139.995015412534, 6105.212397790757], "map_sums": [906.0451989358422, 1057.8115604485702, 1094.4357468009491, 1105.0436958740588, 1102.5666771104763, 1096.3012623027048, 1087.0820196551458, 1077.6942642082138, 1064.4487936738144, 1053.3736736646515], "mrr_sums": [4496.0, 5336.5, 5664.1666666665615, 5839.416666666554, 5946.816666666508, 6020.983333333222, 6077.840476190335, 6125.840476190333, 6161.1738095237015, 6192.2738095237355], "recall_sums": [4496, 6177, 7160, 7861, 8398, 8843, 9241, 9625, 9943, 10254]}, {"name": "npmarker", "num_cur": 6427, "num_top": 1452, "num_top_5": 2075, "num_top_10": 2392, "ndcg_sums": [1739.8784258493083, 1697.352302165819, 1619.6722578649417, 1531.1995490941, 1470.8346811691595, 1415.1542664323188, 1370.987184361004, 1331.3019143311253, 1303.8259934606128, 1274.2213227082893], "map_sums": [171.20826289651825, 190.38343056912547, 195.535699535542, 196.81714351284424, 198.1110594504093, 199.32768826848286, 199.5476263576713, 199.4703515478947, 199.56907845408855, 199.60272007738521], "mrr_sums": [1452.0, 1598.0, 1652.333333333329, 1672.833333333329, 1690.033333333331, 1701.1999999999996, 1709.3428571428558, 1713.4678571428558, 1728.1345238095194, 1730.9345238095177], "recall_sums": [1452, 1744, 1907, 1989, 2075, 2142, 2199, 2232, 2364, 2392]}, {"name": "fos", "num_cur": 16146, "num_top": 67, "num_top_5": 202, "num_top_10": 325, "ndcg_sums": [102.2081528017129, 113.50981477680018, 131.94113091311317, 145.60927878102447, 154.52343663532756, 161.03392620785846, 169.76890288141507, 174.53252711648454, 180.71969093597448, 185.85107140173542], "map_sums": [27.824484767936198, 38.88834342072359, 45.08441916029113, 49.0030225364441, 51.92989927564169, 53.12348370586895, 55.21530011127602, 55.663830552277936, 56.574175144539, 57.30522898764002], "mrr_sums": [67.0, 80.5, 92.49999999999996, 102.99999999999996, 109.0, 111.83333333333337, 115.54761904761905, 118.17261904761904, 121.9503968253969, 124.45039682539687], "recall_sums": [67, 94, 130, 172, 202, 219, 245, 266, 300, 325]}, {"name": "bow+fosboost", "num_cur": 30000, "num_top": 4501, "num_top_5": 8399, "num_top_10": 10255, "ndcg_sums": [6065.484625083373, 6524.318042038447, 6523.908091422367, 6456.26937100149, 6376.539579261215, 6302.745482084702, 6238.52360088436, 6188.1658014202085, 6141.729405881853, 6106.79217325592], "map_sums": [905.4051721893577, 1057.555336911888, 1094.9674833685062, 1104.9542795714979, 1102.3995547101094, 1096.504593256423, 1086.9874742725622, 1077.3181828763054, 1064.2856735886814, 1053.0344066954383], "mrr_sums": [4501.0, 5339.5, 5668.499999999894, 5842.249999999886, 5950.04999999984, 6024.8833333332195, 6081.311904761764, 6129.311904761762, 6164.423015872908, 6195.623015872941], "recall_sums": [4501, 6178, 7165, 7860, 8399, 8848, 9243, 9627, 9943, 10255]}]}