{"data": "items_CSall_1s_5mindoc_5mincont_wPP_3.1_wNP_both.csv", "num_contexts": 1835797, "num_test_set_items": 490018, "models": [{"name": "bow", "num_cur": 240000, "num_top": 30615, "num_top_5": 65141, "num_top_10": 81385, "ndcg_sums": [46304.16710197323, 52254.64381305603, 53575.24962198699, 53788.25888783519, 53671.36904736641, 53423.32756350746, 53118.0764759047, 52854.21527030647, 52600.372956353276, 52387.59697013244], "map_sums": [75583.90504906388, 82376.62989369404, 84397.10235049584, 84758.95538957106, 84455.77777007727, 83836.87752195683, 83088.26001031774, 82330.74665659045, 81558.89100077096, 80796.2824406377], "mrr_sums": [30615.0, 37681.5, 40583.50000000108, 42207.00000000207, 43245.60000000047, 43933.26666666616, 44445.98095238013, 44846.355952379985, 45158.68928571039, 45410.18928570817], "recall_sums": [30615, 44748, 53454, 59948, 65141, 69267, 72856, 76059, 78870, 81385]}, {"name": "npmarker", "num_cur": 49776, "num_top": 7960, "num_top_5": 13693, "num_top_10": 15661, "ndcg_sums": [10485.87430335182, 11138.21041226943, 10869.315846113539, 10548.08557430757, 10237.590888361918, 9934.617176634354, 9707.810731835387, 9470.984707945614, 9259.207728940515, 9078.0431033801], "map_sums": [15282.00181386518, 16160.55026876219, 16559.089560098582, 16681.80315200735, 16796.759867211083, 16886.589501260292, 16946.003519867594, 16943.480479140082, 16953.90732260282, 16970.976887690693], "mrr_sums": [7960.0, 9369.5, 9831.166666666686, 10056.916666666682, 10182.116666666709, 10251.950000000063, 10329.807142857186, 10377.557142857184, 10421.44603174613, 10444.146031746184], "recall_sums": [7960, 10779, 12164, 13067, 13693, 14112, 14657, 15039, 15434, 15661]}, {"name": "fos", "num_cur": 127331, "num_top": 342, "num_top_5": 1293, "num_top_10": 2141, "ndcg_sums": [677.9271990845878, 877.4358873298502, 1050.2548391959504, 1149.012165960743, 1231.3300198416682, 1275.9760795494306, 1330.0517510082357, 1368.4931877301083, 1422.3587345208227, 1470.086736846649], "map_sums": [1360.6606663601624, 1750.8944413523568, 2153.6165978979375, 2386.2385924482905, 2550.973802969592, 2649.8504781362058, 2739.0936620340412, 2792.19198276321, 2865.958001091807, 2911.0486595319135], "mrr_sums": [342.0, 478.0, 552.3333333333325, 612.8333333333335, 655.6333333333364, 682.9666666666684, 709.5380952380967, 729.0380952380964, 749.5936507936491, 765.2936507936516], "recall_sums": [342, 614, 837, 1079, 1293, 1457, 1643, 1799, 1984, 2141]}, {"name": "bow+fosboost", "num_cur": 240000, "num_top": 30646, "num_top_5": 65157, "num_top_10": 81398, "ndcg_sums": [46351.73564446802, 52290.67352304105, 53612.45443913645, 53812.92641691825, 53696.100232957106, 53446.35360693486, 53136.74032475616, 52874.67632715468, 52619.76546216626, 52405.68833332285], "map_sums": [75655.38438266727, 82445.02630922812, 84458.0769234746, 84805.51960792427, 84501.94053503667, 83880.13058383846, 83131.82294491309, 82369.509160795, 81597.65248965533, 80828.16986981413], "mrr_sums": [30646.0, 37706.0, 40612.333333334456, 42229.83333333542, 43270.23333333381, 43958.39999999951, 44470.25714285635, 44871.507142856186, 45183.06269840882, 45434.562698406604], "recall_sums": [30646, 44766, 53485, 59955, 65157, 69286, 72869, 76079, 78883, 81398]}]}