{"data": "items_CSall_1s_5mindoc_5mincont_wPP_3.1_wNP_both.csv", "num_contexts": 1835797, "num_test_set_items": 490018, "models": [{"name": "bow", "num_cur": 380000, "num_top": 47123, "num_top_5": 101274, "num_top_10": 127233, "ndcg_sums": [72889.98307442793, 82329.23472273671, 84532.54362623024, 84967.3205978332, 84787.09484557787, 84420.61822187479, 83937.24302101738, 83502.59336201604, 83075.3115604946, 82707.38462231893], "map_sums": [10752.079883047852, 12385.269045349925, 12807.181493217262, 12875.202458431426, 12814.61854075668, 12694.830066143553, 12564.479515185849, 12427.657580402902, 12282.877697468073, 12146.475344866665], "mrr_sums": [47123.0, 58065.0, 62690.33333334695, 65260.58333334794, 66882.58333333553, 67995.41666666183, 68806.55952379949, 69445.0595237987, 69943.05952379212, 70344.45952378925], "recall_sums": [47123, 69007, 82883, 93164, 101274, 107951, 113629, 118737, 123219, 127233]}, {"name": "npmarker", "num_cur": 79091, "num_top": 11791, "num_top_5": 20818, "num_top_10": 23739, "ndcg_sums": [15772.006547969342, 16856.219879479504, 16530.948732438086, 16058.817784171639, 15566.577546079523, 15099.26662506344, 14719.316303749816, 14345.674967540099, 14019.240411520672, 13734.75946969175], "map_sums": [1757.065193702756, 1944.1214326891288, 2002.1190907551845, 2020.6388765123404, 2029.8461015816376, 2036.3156125861697, 2039.4911686151872, 2040.0034999998702, 2040.5287904399042, 2043.0943061850885], "mrr_sums": [11791.0, 13947.5, 14699.500000000548, 15071.750000000544, 15265.55000000082, 15375.050000000696, 15479.4785714292, 15552.728571429197, 15613.728571429287, 15653.528571429402], "recall_sums": [11791, 16104, 18360, 19849, 20818, 21475, 22206, 22792, 23341, 23739]}, {"name": "fos", "num_cur": 201910, "num_top": 449, "num_top_5": 1781, "num_top_10": 3016, "ndcg_sums": [1084.4036046803437, 1355.2163778873191, 1638.6588423661708, 1793.9273779796763, 1909.7385046850457, 1984.8702019055054, 2056.6524812040575, 2136.365321572383, 2207.939076925586, 2274.8150805283035], "map_sums": [291.6122203617398, 397.5320055735902, 453.80190916825603, 492.4210511798178, 520.6981228347719, 536.280332773611, 551.6741658469223, 561.5539596466115, 571.3956915956753, 576.9376089615419], "mrr_sums": [449.0, 635.5, 742.5000000000028, 822.5000000000039, 886.1000000000115, 931.4333333333394, 969.4333333333366, 997.4333333333362, 1024.5444444444433, 1047.4444444444478], "recall_sums": [449, 822, 1143, 1463, 1781, 2053, 2319, 2543, 2787, 3016]}, {"name": "bow+fosboost", "num_cur": 380000, "num_top": 47163, "num_top_5": 101298, "num_top_10": 127249, "ndcg_sums": [72958.97802379381, 82388.03738389914, 84590.62662595292, 85007.27364540326, 84825.91961647912, 84456.55191995119, 83967.5482908931, 83534.73615512138, 83104.48646746614, 82734.94754068709], "map_sums": [10752.446823779965, 12388.714242605807, 12811.446820130199, 12877.783958494017, 12815.956624923772, 12696.932472397213, 12566.370490340798, 12428.01488762691, 12284.271766954389, 12145.355432336919], "mrr_sums": [47163.0, 58104.0, 62733.00000001366, 65296.75000001462, 66918.95000000209, 68032.94999999517, 68843.09285713281, 69482.21785713191, 69978.77341268094, 70380.17341267814], "recall_sums": [47163, 69045, 82932, 93187, 101298, 107982, 113653, 118766, 123235, 127249]}]}