{"data": "items_CSall_1s_5mindoc_5mincont_wPP_3.1_wNP_both.csv", "num_contexts": 1835797, "num_test_set_items": 490018, "models": [{"name": "bow", "num_cur": 450000, "num_top": 52130, "num_top_5": 112217, "num_top_10": 141343, "ndcg_sums": [82030.8344268775, 92689.22360541845, 95229.19002109568, 95739.34826759192, 95557.41314369242, 95136.22357185773, 94586.48127410482, 94103.59173241706, 93621.96814419622, 93200.54063255468], "map_sums": [136260.8571644888, 149180.16338032542, 153094.0810566237, 153886.25019928688, 153387.84559747684, 152321.57612017728, 150978.64449239313, 149642.3434271535, 148213.7744244667, 146829.87337560204], "mrr_sums": [52130.0, 64221.5, 69358.500000011, 72207.00000000774, 74026.79999999187, 75268.96666665527, 76174.25238093441, 76892.75238093363, 77454.97460314834, 77907.77460314846], "recall_sums": [52130, 76313, 91724, 103118, 112217, 119670, 126007, 131755, 136815, 141343]}, {"name": "npmarker", "num_cur": 92452, "num_top": 12739, "num_top_5": 22521, "num_top_10": 25760, "ndcg_sums": [17244.815131496354, 18443.63729795234, 18100.410145760394, 17588.681162944486, 17051.3716436307, 16552.573127253796, 16132.737152036014, 15721.275971244928, 15369.50479954697, 15067.32621646369], "map_sums": [25523.66912746222, 27414.792959130304, 28189.61179780978, 28476.894654320924, 28709.266619054117, 28892.447254550178, 29018.280468084133, 29036.84433813888, 29064.506498155723, 29103.737452840924], "mrr_sums": [12739.0, 15083.0, 15896.666666667326, 16287.666666667323, 16505.46666666766, 16634.300000000854, 16745.728571429376, 16823.978571429383, 16889.534126984985, 16936.534126985054], "recall_sums": [12739, 17427, 19868, 21432, 22521, 23294, 24074, 24700, 25290, 25760]}, {"name": "fos", "num_cur": 236672, "num_top": 500, "num_top_5": 2005, "num_top_10": 3459, "ndcg_sums": [1209.962045907503, 1514.5938800029755, 1829.7121939990607, 2013.4539946630316, 2149.105316638229, 2240.932011033684, 2323.923245938472, 2412.000500841253, 2497.9944107684905, 2580.182573822123], "map_sums": [2534.1694083789116, 3209.2135388227944, 3995.5054930308193, 4370.46678477406, 4674.134563733035, 4867.015223758684, 5033.252624280843, 5126.695556726919, 5255.853890618531, 5333.869268149687], "mrr_sums": [500.0, 713.5, 836.1666666666713, 926.4166666666723, 996.2166666666814, 1047.8833333333403, 1090.8833333333357, 1123.2583333333362, 1156.4805555555527, 1184.980555555552], "recall_sums": [500, 927, 1295, 1656, 2005, 2315, 2616, 2875, 3174, 3459]}, {"name": "bow+fosboost", "num_cur": 450000, "num_top": 52168, "num_top_5": 112241, "num_top_10": 141359, "ndcg_sums": [82111.0842102392, 92755.5491157384, 95292.20764227302, 95784.7785829789, 95600.14710581925, 95176.65644870275, 94620.66807167094, 94139.57831881772, 93654.21239065738, 93231.42041905892], "map_sums": [136402.20092671097, 149309.4140594657, 153205.1853079862, 153980.28386267283, 153478.3938817494, 152405.91682914383, 151059.55484514136, 149712.53113085232, 148287.43830285998, 146893.28083046607], "mrr_sums": [52168.0, 64260.0, 69400.0000000109, 72242.75000000764, 74062.34999999178, 75306.0166666553, 76210.30238093443, 76929.17738093353, 77489.84404759273, 77942.74404759293], "recall_sums": [52168, 76352, 91772, 103143, 112241, 119703, 126033, 131784, 136830, 141359]}]}