{"data": "items_CSall_1s_5mindoc_5mincont_wPP_3.1_wNP_both.csv", "num_contexts": 1835797, "num_test_set_items": 490018, "models": [{"name": "bow", "num_cur": 110000, "num_top": 14272, "num_top_5": 29894, "num_top_10": 37215, "ndcg_sums": [21530.264253467223, 24276.096995555632, 24878.805613471293, 24984.70250356666, 24897.79039792527, 24762.59857794663, 24602.026600241967, 24467.47694342298, 24323.528124413093, 24206.010394716144], "map_sums": [34810.859295891176, 38198.36730792969, 39132.926431563144, 39343.743407286674, 39222.056870748034, 38927.07012158943, 38572.349149962676, 38226.27470778301, 37853.28073040016, 37486.62972273282], "mrr_sums": [14272.0, 17486.5, 18807.833333333656, 19553.833333333507, 20002.833333334373, 20315.00000000097, 20535.0000000012, 20719.250000001186, 20859.027777778698, 20976.627777778544], "recall_sums": [14272, 20701, 24665, 27649, 29894, 31767, 33307, 34781, 36039, 37215]}, {"name": "npmarker", "num_cur": 23745, "num_top": 4082, "num_top_5": 6750, "num_top_10": 7859, "ndcg_sums": [5369.375751855552, 5660.537333314969, 5517.668954585482, 5374.0456195144025, 5236.2215595401285, 5089.695149483991, 4991.561664718893, 4864.7939120731135, 4752.014139772314, 4661.947761489429], "map_sums": [7714.480722331654, 8189.674085159176, 8367.412127955298, 8404.852494476916, 8486.358755525163, 8536.367471550166, 8563.076512086178, 8580.642489424918, 8593.772840081596, 8601.44879171013], "mrr_sums": [4082.0, 4745.5, 4941.833333333302, 5049.083333333291, 5113.6833333332515, 5147.349999999935, 5195.49285714282, 5222.367857142818, 5248.701190476167, 5260.5011904761795], "recall_sums": [4082, 5409, 5998, 6427, 6750, 6952, 7289, 7504, 7741, 7859]}, {"name": "fos", "num_cur": 57629, "num_top": 179, "num_top_5": 575, "num_top_10": 922, "ndcg_sums": [333.5016587651672, 424.084803500894, 516.2785846631355, 547.4061496341724, 586.5704324092037, 601.3967037109866, 617.858382096698, 634.5189825641988, 652.5606684122455, 673.0338226060433], "map_sums": [649.7884588921739, 846.4860364378344, 1068.6002430176934, 1154.0438200987041, 1241.1930232449613, 1285.5929635187633, 1325.5331693001533, 1350.921637999105, 1378.8802270753315, 1396.6220505592637], "mrr_sums": [179.0, 238.5, 269.8333333333336, 294.33333333333337, 311.33333333333275, 319.3333333333327, 329.47619047618997, 338.6011904761899, 347.3789682539674, 354.97896825396765], "recall_sums": [179, 298, 392, 490, 575, 623, 694, 767, 846, 922]}, {"name": "bow+fosboost", "num_cur": 110000, "num_top": 14289, "num_top_5": 29900, "num_top_10": 37221, "ndcg_sums": [21552.649029778073, 24293.3013068732, 24894.17700074087, 24994.07541823965, 24908.222963583743, 24772.69878125412, 24610.676557876686, 24476.087867896676, 24331.60106264533, 24213.281817126597], "map_sums": [34839.08251743394, 38230.42044313121, 39160.07698655794, 39365.10266273556, 39240.35996568391, 38945.21629611235, 38589.63429435979, 38242.028775556566, 37867.924148248894, 37498.58548791935], "mrr_sums": [14289.0, 17498.5, 18822.166666666988, 19565.166666666835, 20014.966666667708, 20327.80000000097, 20547.37142857263, 20731.871428572613, 20870.982539683464, 20988.882539683305], "recall_sums": [14289, 20708, 24679, 27651, 29900, 31777, 33314, 34790, 36042, 37221]}]}