{"data": "items_CSall_1s_5mindoc_5mincont_wPP_3.1_wNP_both.csv", "num_contexts": 1835797, "num_test_set_items": 490018, "models": [{"name": "bow", "num_cur": 130000, "num_top": 16683, "num_top_5": 34955, "num_top_10": 43682, "ndcg_sums": [25150.353642034985, 28330.35557509894, 29022.323777532907, 29147.923376054554, 29042.612532609168, 28898.123771685587, 28724.52630048488, 28583.449827945442, 28434.107119590313, 28311.795073316374], "map_sums": [37125.0, 43174.0, 44875.416666671095, 45358.41666667002, 45365.6361111098, 45126.568333330855, 44783.24353174469, 44416.85547618846, 44030.95132936061, 43644.632436691485], "mrr_sums": [16683.0, 20427.0, 21974.666666666166, 22852.166666666017, 23378.366666667163, 23749.200000000856, 24018.20000000162, 24237.325000001605, 24401.213888889877, 24540.31388888941], "recall_sums": [16683, 24171, 28814, 32324, 34955, 37180, 39063, 40816, 42291, 43682]}, {"name": "npmarker", "num_cur": 27677, "num_top": 4654, "num_top_5": 7734, "num_top_10": 8971, "ndcg_sums": [6104.161681868272, 6436.040590167339, 6280.755267347386, 6105.255383132285, 5936.568346639849, 5766.199170641068, 5646.724615643252, 5505.180167085477, 5379.982427186593, 5279.682849751564], "map_sums": [8155.0, 9121.0, 9427.66666666668, 9518.083333333312, 9623.995833333409, 9696.49083333329, 9733.04503968249, 9759.465725623566, 9780.065102040751, 9792.16684697032], "mrr_sums": [4654.0, 5410.5, 5647.833333333265, 5770.583333333254, 5843.383333333207, 5881.883333333232, 5934.311904761824, 5964.811904761822, 5994.256349206287, 6007.256349206305], "recall_sums": [4654, 6167, 6879, 7370, 7734, 7965, 8332, 8576, 8841, 8971]}, {"name": "fos", "num_cur": 68444, "num_top": 220, "num_top_5": 702, "num_top_10": 1127, "ndcg_sums": [395.2123368838225, 505.96143736219676, 609.020963267999, 643.7741137403923, 689.9284257859489, 709.3294335515887, 734.0486131192258, 753.7975355823537, 777.8999897752357, 801.0953887912111], "map_sums": [643.0, 937.5, 1205.3333333333446, 1313.2222222222308, 1414.3000000000195, 1473.1750000000243, 1525.5590873016035, 1556.618611111126, 1591.8071825396921, 1612.2528476946306], "mrr_sums": [220.0, 295.5, 334.83333333333314, 362.5833333333329, 382.9833333333321, 393.4833333333323, 407.1976190476188, 417.82261904761873, 428.2670634920625, 436.967063492063], "recall_sums": [220, 371, 489, 600, 702, 765, 861, 946, 1040, 1127]}, {"name": "bow+fosboost", "num_cur": 130000, "num_top": 16707, "num_top_5": 34964, "num_top_10": 43694, "ndcg_sums": [25178.909991221088, 28353.438445360458, 29042.787287794737, 29161.034836219947, 29056.174230005636, 28911.523514851753, 28735.076926573915, 28594.73289327289, 28444.685100626073, 28322.36123573618], "map_sums": [37160.0, 43209.5, 44909.50000000447, 45387.27777778111, 45388.14583333202, 45150.320555553, 44806.25325396688, 44437.14818593902, 44049.981204644035, 43659.46205451084], "mrr_sums": [16707.0, 20444.5, 21993.833333332834, 22867.83333333268, 23395.433333333836, 23766.933333334193, 24035.076190477812, 24254.701190477794, 24417.812301588296, 24557.712301587817], "recall_sums": [16707, 24182, 28830, 32326, 34964, 37193, 39070, 40827, 42295, 43694]}]}