{"data": "items_CSall_1s_5mindoc_5mincont_wPP_3.1_wNP_both.csv", "num_contexts": 1835797, "num_test_set_items": 490018, "models": [{"name": "bow", "num_cur": 200000, "num_top": 25753, "num_top_5": 54014, "num_top_10": 67426, "ndcg_sums": [38712.085512394566, 43487.930524886826, 44518.961112379846, 44663.51947171342, 44555.23225382933, 44354.56205476662, 44109.91984845172, 43910.301962874844, 43719.06780577682, 43556.20429567673], "map_sums": [6059.056597864845, 6982.222542727627, 7217.549040606588, 7262.278596536052, 7229.639017479089, 7162.446782542114, 7093.665656558075, 7020.760917287827, 6944.055288336354, 6866.9069645736145], "mrr_sums": [25753.0, 31521.5, 33914.83333333071, 35240.3333333317, 36088.73333333287, 36657.066666666964, 37079.35238095368, 37410.60238095353, 37668.269047618065, 37875.96904761648], "recall_sums": [25753, 37290, 44470, 49772, 54014, 57424, 60380, 63030, 65349, 67426]}, {"name": "npmarker", "num_cur": 41399, "num_top": 6744, "num_top_5": 11394, "num_top_10": 13032, "ndcg_sums": [8831.636354360833, 9332.082173494378, 9080.880863529675, 8806.169675283074, 8556.039589376081, 8313.717471439233, 8135.820021413132, 7934.157669584329, 7754.983712281564, 7606.465958013302], "map_sums": [1056.9282836294815, 1159.2473948919858, 1191.615811240502, 1200.6163848344243, 1205.8677332860314, 1209.081623885237, 1210.5004982637183, 1211.1072952547115, 1211.930181781237, 1213.231988312399], "mrr_sums": [6744.0, 7912.0, 8269.99999999983, 8449.249999999827, 8553.849999999778, 8612.183333333174, 8678.754761904604, 8716.629761904602, 8754.74087301576, 8772.340873015795], "recall_sums": [6744, 9080, 10154, 10871, 11394, 11744, 12210, 12513, 12856, 13032]}, {"name": "fos", "num_cur": 106262, "num_top": 319, "num_top_5": 1131, "num_top_10": 1849, "ndcg_sums": [599.4225817265915, 775.1741585062279, 917.7091319139896, 994.0271965670794, 1066.173906136809, 1101.838120619761, 1140.9694947792805, 1175.0808727536453, 1216.6521809728372, 1255.2196163626475], "map_sums": [187.8540374654986, 257.25919472156, 288.8979995340252, 312.14889174662267, 328.5696514066563, 336.34134760585937, 345.4194760218673, 351.31913491134446, 356.89140138569377, 361.1475383045462], "mrr_sums": [319.0, 440.5, 504.8333333333317, 555.5833333333323, 590.1833333333334, 612.8499999999998, 634.8500000000006, 652.4750000000003, 668.8083333333317, 682.8083333333338], "recall_sums": [319, 562, 755, 958, 1131, 1267, 1421, 1562, 1709, 1849]}, {"name": "bow+fosboost", "num_cur": 200000, "num_top": 25779, "num_top_5": 54024, "num_top_10": 67439, "ndcg_sums": [38750.926132828026, 43519.09574914858, 44548.537635670036, 44682.94448432283, 44574.8483695946, 44373.63764485039, 44125.2336719157, 43926.86200309823, 43735.0632272131, 43570.98407643061], "map_sums": [6059.045028744434, 6985.256909238876, 7220.162966380485, 7263.159031687376, 7229.9536660892645, 7163.606917396017, 7094.84738790073, 7021.180810255375, 6944.826701795093, 6866.146627707378], "mrr_sums": [25779.0, 31543.0, 33938.666666664074, 35259.166666665034, 36108.766666666204, 36677.93333333363, 37099.79047619179, 37431.66547619162, 37688.44325396728, 37896.54325396569], "recall_sums": [25779, 37307, 44494, 49776, 54024, 57439, 60392, 63047, 65358, 67439]}]}