{"data": "items_CSall_1s_5mindoc_5mincont_wPP_3.1_wNP_both.csv", "num_contexts": 1835797, "num_test_set_items": 490018, "models": [{"name": "bow", "num_cur": 450000, "num_top": 52130, "num_top_5": 112217, "num_top_10": 141343, "ndcg_sums": [82030.8344268775, 92689.22360541845, 95229.19002109568, 95739.34826759192, 95557.41314369242, 95136.22357185773, 94586.48127410482, 94103.59173241706, 93621.96814419622, 93200.54063255468], "map_sums": [11943.857164476658, 13773.56584804149, 14252.268760510418, 14329.689128206963, 14267.114942947866, 14133.539556096104, 13985.512890118456, 13833.602644298791, 13669.791188193445, 13516.167555400581], "mrr_sums": [52130.0, 64221.5, 69358.500000011, 72207.00000000774, 74026.79999999187, 75268.96666665527, 76174.25238093441, 76892.75238093363, 77454.97460314834, 77907.77460314846], "recall_sums": [52130, 76313, 91724, 103118, 112217, 119670, 126007, 131755, 136815, 141343]}, {"name": "npmarker", "num_cur": 92452, "num_top": 12739, "num_top_5": 22521, "num_top_10": 25760, "ndcg_sums": [17244.815131496354, 18443.63729795234, 18100.410145760394, 17588.681162944486, 17051.3716436307, 16552.573127253796, 16132.737152036014, 15721.275971244928, 15369.50479954697, 15067.32621646369], "map_sums": [1906.6691274614923, 2115.359327696661, 2180.9844806493625, 2201.7279672194863, 2213.2639564182455, 2220.7344018319413, 2224.7494319622933, 2225.1703457225353, 2225.886630505544, 2229.199276570518], "mrr_sums": [12739.0, 15083.0, 15896.666666667326, 16287.666666667323, 16505.46666666766, 16634.300000000854, 16745.728571429376, 16823.978571429383, 16889.534126984985, 16936.534126985054], "recall_sums": [12739, 17427, 19868, 21432, 22521, 23294, 24074, 24700, 25290, 25760]}, {"name": "fos", "num_cur": 236672, "num_top": 500, "num_top_5": 2005, "num_top_10": 3459, "ndcg_sums": [1209.962045907503, 1514.5938800029755, 1829.7121939990607, 2013.4539946630316, 2149.105316638229, 2240.932011033684, 2323.923245938472, 2412.000500841253, 2497.9944107684905, 2580.182573822123], "map_sums": [320.16940837892525, 439.69901300705544, 503.77105378271335, 547.1861904620912, 577.8148605281693, 595.7712569853479, 613.72719382165, 626.8210563014596, 637.6876972161099, 644.5116983599625], "mrr_sums": [500.0, 713.5, 836.1666666666713, 926.4166666666723, 996.2166666666814, 1047.8833333333403, 1090.8833333333357, 1123.2583333333362, 1156.4805555555527, 1184.980555555552], "recall_sums": [500, 927, 1295, 1656, 2005, 2315, 2616, 2875, 3174, 3459]}, {"name": "bow+fosboost", "num_cur": 450000, "num_top": 52168, "num_top_5": 112241, "num_top_10": 141359, "ndcg_sums": [82111.0842102392, 92755.5491157384, 95292.20764227302, 95784.7785829789, 95600.14710581925, 95176.65644870275, 94620.66807167094, 94139.57831881772, 93654.21239065738, 93231.42041905892], "map_sums": [11945.200926698992, 13777.73958731324, 14256.8605259774, 14332.711522083817, 14268.719072102129, 14135.867987755522, 13987.516048719386, 13833.989279470288, 13671.420462728174, 13515.261399671572], "mrr_sums": [52168.0, 64260.0, 69400.0000000109, 72242.75000000764, 74062.34999999178, 75306.0166666553, 76210.30238093443, 76929.17738093353, 77489.84404759273, 77942.74404759293], "recall_sums": [52168, 76352, 91772, 103143, 112241, 119703, 126033, 131784, 136830, 141359]}]}