{"data": "items_CSall_1s_5mindoc_5mincont_wPP_3.1_wNP_both.csv", "num_contexts": 1835797, "num_test_set_items": 490018, "models": [{"name": "bow", "num_cur": 60000, "num_top": 7518, "num_top_5": 16548, "num_top_10": 20595, "ndcg_sums": [11317.995221212259, 12863.448353513017, 13152.11638077779, 13203.398485684525, 13138.4746996822, 13051.35462166846, 12954.292627510966, 12864.723666385253, 12778.47878831738, 12714.330997629288], "map_sums": [1683.4801704156805, 1964.1852350037389, 2033.0447303849419, 2050.537750611091, 2045.5193316257205, 2031.65854196198, 2011.4401494491335, 1993.1467914339141, 1970.5903801402599, 1951.0033155030264], "mrr_sums": [7518.0, 9426.0, 10168.333333333389, 10597.833333333438, 10851.633333333733, 11026.800000000332, 11150.228571428794, 11249.2285714288, 11325.78412698447, 11390.884126984636], "recall_sums": [7518, 11334, 13561, 15279, 16548, 17599, 18463, 19255, 19944, 20595]}, {"name": "npmarker", "num_cur": 12644, "num_top": 2311, "num_top_5": 3653, "num_top_10": 4211, "ndcg_sums": [2929.420848622907, 2998.742448801332, 2882.7453640654317, 2767.3671209155254, 2676.4659470146844, 2587.2596040177355, 2519.037339358273, 2453.992469841939, 2405.6047615628727, 2357.79935298611], "map_sums": [307.91268551999013, 341.04549078875175, 351.34696275123343, 354.5221357655623, 356.9122749088839, 358.59782949796454, 358.8684383319715, 359.04318056686895, 359.2156165060736, 359.68677761386823], "mrr_sums": [2311.0, 2641.5, 2739.1666666666674, 2793.1666666666697, 2827.566666666663, 2844.73333333333, 2863.590476190483, 2873.590476190483, 2895.5904761904912, 2900.090476190488], "recall_sums": [2311, 2972, 3265, 3481, 3653, 3756, 3888, 3968, 4166, 4211]}, {"name": "fos", "num_cur": 31884, "num_top": 114, "num_top_5": 340, "num_top_10": 545, "ndcg_sums": [205.9554108468281, 249.64913896238437, 284.63896922015175, 304.6141137092172, 323.4146866689956, 331.01047018619937, 342.1155987611207, 352.5664010020706, 362.73837174659064, 374.58509776949404], "map_sums": [54.1120472531189, 76.35800544667084, 86.35001069512276, 92.4688561658823, 98.01522174340225, 99.71083556641148, 102.49791864113932, 103.71475297823812, 105.08593661967451, 106.71717556889064], "mrr_sums": [114.0, 144.0, 162.00000000000003, 178.75000000000009, 187.75, 192.9166666666666, 199.05952380952363, 203.9345238095236, 209.49007936507928, 213.69007936507916], "recall_sums": [114, 174, 228, 295, 340, 371, 414, 453, 503, 545]}, {"name": "bow+fosboost", "num_cur": 60000, "num_top": 7531, "num_top_5": 16550, "num_top_10": 20598, "ndcg_sums": [11331.823648337002, 12872.400072279266, 13161.672098372112, 13207.96825677256, 13143.793447242733, 13056.74871008219, 12958.898120813765, 12869.586470525892, 12782.942137733538, 12718.299180968774], "map_sums": [1682.3174658276916, 1964.051119516784, 2033.5073323225956, 2050.135450389114, 2044.7988477407537, 2031.4707110856955, 2010.7841925152127, 1992.1966450764048, 1969.805053916524, 1949.965940170276], "mrr_sums": [7531.0, 9433.0, 10178.333333333392, 10605.083333333436, 10859.483333333728, 11035.483333333665, 11158.340476190695, 11257.715476190699, 11333.826587301926, 11399.02658730209], "recall_sums": [7531, 11335, 13571, 15278, 16550, 17606, 18466, 19261, 19946, 20598]}]}