{"data": "items_CSall_1s_5mindoc_5mincont_wPP_3.1_wNP_both.csv", "num_contexts": 1835797, "num_test_set_items": 490018, "models": [{"name": "bow", "num_cur": 400000, "num_top": 49043, "num_top_5": 105619, "num_top_10": 132795, "ndcg_sums": [76121.79742645276, 86004.82726127707, 88311.79741733131, 88752.59331705225, 88567.44483239925, 88172.54964458095, 87661.2300614684, 87195.64180767746, 86741.75552185849, 86348.60111369686], "map_sums": [125563.58953076972, 137075.53387436052, 140463.96225695085, 141091.80718969018, 140550.7392266576, 139533.15063367254, 138259.99903667785, 136994.04166915634, 135661.08327467585, 134379.37248891953], "mrr_sums": [49043.0, 60469.5, 65298.83333334843, 67975.08333334555, 69681.08333333133, 70843.08333332573, 71692.51190474855, 72361.13690474776, 72883.24801585195, 73304.24801585021], "recall_sums": [49043, 71896, 86384, 97089, 105619, 112591, 118537, 123886, 128585, 132795]}, {"name": "npmarker", "num_cur": 83161, "num_top": 12217, "num_top_5": 21747, "num_top_10": 24824, "ndcg_sums": [16393.929562971927, 17560.50258684865, 17226.416996514818, 16725.48564266588, 16213.115175695964, 15732.074484755884, 15331.890528759037, 14938.977448701035, 14598.837907647829, 14304.760684199686], "map_sums": [24111.602941956087, 25855.743675053105, 26552.947916106714, 26805.60621901603, 27017.11705133175, 27180.2065474058, 27290.490567472396, 27304.704912445763, 27330.580175207473, 27363.443912966308], "mrr_sums": [12217.0, 14500.0, 15294.000000000624, 15675.00000000062, 15886.60000000096, 16005.26666666747, 16113.266666667396, 16189.266666667394, 16252.044444445264, 16295.644444445394], "recall_sums": [12217, 16783, 19165, 20689, 21747, 22459, 23215, 23823, 24388, 24824]}, {"name": "fos", "num_cur": 212184, "num_top": 457, "num_top_5": 1836, "num_top_10": 3116, "ndcg_sums": [1114.3569234861184, 1398.2055503256004, 1691.8212459345327, 1857.6842455943593, 1975.4546972075752, 2056.3500170789257, 2136.2315116947366, 2221.2547895941752, 2298.0685017831597, 2368.401809107949], "map_sums": [2343.492212091024, 2972.3414419415585, 3703.122405659431, 4036.8775279713745, 4301.624715424295, 4473.305529234849, 4630.191138422496, 4713.812851600737, 4833.295279164091, 4898.11167625604], "mrr_sums": [457.0, 653.0, 763.6666666666699, 845.916666666671, 911.116666666679, 957.6166666666733, 997.0452380952415, 1026.795238095241, 1054.6841269841254, 1078.2841269841292], "recall_sums": [457, 849, 1181, 1510, 1836, 2115, 2391, 2629, 2880, 3116]}, {"name": "bow+fosboost", "num_cur": 400000, "num_top": 49083, "num_top_5": 105643, "num_top_10": 132810, "ndcg_sums": [76192.86344363049, 86064.7716752147, 88370.2969871896, 88794.21164225898, 88607.05951969547, 88209.20171109858, 87692.26186197599, 87228.60103740604, 86771.54406137684, 86376.74919029944], "map_sums": [125678.90471531994, 137187.565126342, 140559.85242720193, 141170.37130919617, 140626.57419509641, 139603.93007751548, 138328.03028503372, 137053.7125162499, 135723.14483724599, 134431.34602632452], "mrr_sums": [49083.0, 60508.0, 65341.00000001514, 68011.5000000121, 69717.29999999791, 70880.46666665908, 71728.89523808188, 72398.27023808098, 72918.71468251855, 73339.71468251689], "recall_sums": [49083, 71933, 86432, 97114, 105643, 112622, 118561, 123916, 128600, 132810]}]}