{"data": "items_CSall_1s_5mindoc_5mincont_wPP_3.1_wNP_both.csv", "num_contexts": 1835797, "num_test_set_items": 490018, "models": [{"name": "bow", "num_cur": 190000, "num_top": 24446, "num_top_5": 51169, "num_top_10": 63862, "ndcg_sums": [36650.80261531935, 41168.69590870016, 42137.55164275471, 42285.120733300784, 42160.374265777, 41958.97996636227, 41726.179900030205, 41536.59310538621, 41351.85457620707, 41198.359594901274], "map_sums": [59683.86970732773, 64931.79620913489, 66453.45808478893, 66728.59827997192, 66500.68650095027, 66016.82851438218, 65423.81442296783, 64837.195302177526, 64230.73707953673, 63638.99113005273], "mrr_sums": [24446.0, 29915.5, 32166.833333330273, 33428.333333330665, 34225.13333333259, 34762.80000000046, 35160.800000001815, 35474.92500000167, 35718.480555555296, 35916.08055555386], "recall_sums": [24446, 35385, 42139, 47185, 51169, 54395, 57181, 59694, 61886, 63862]}, {"name": "npmarker", "num_cur": 39464, "num_top": 6423, "num_top_5": 10875, "num_top_10": 12467, "ndcg_sums": [8431.521563947526, 8904.861104490261, 8667.151886586444, 8405.371767773348, 8168.223591328703, 7936.871476581912, 7766.264346963167, 7574.0004310804425, 7404.085605506375, 7264.084698945069], "map_sums": [12275.859282320507, 12957.429886465992, 13242.73437302976, 13316.819576987118, 13397.959360955407, 13466.765690547845, 13504.731888123186, 13528.804597117001, 13548.252357912053, 13561.44526535436], "mrr_sums": [6423.0, 7533.0, 7880.999999999831, 8053.24999999982, 8153.049999999748, 8210.04999999981, 8274.049999999816, 8311.549999999814, 8349.216666666527, 8365.516666666557], "recall_sums": [6423, 8643, 9687, 10376, 10875, 11217, 11665, 11965, 12304, 12467]}, {"name": "fos", "num_cur": 101089, "num_top": 312, "num_top_5": 1089, "num_top_10": 1771, "ndcg_sums": [583.3098833543831, 748.6321455051657, 884.6579903182849, 957.5277997681721, 1026.2093568841653, 1060.1370121042935, 1098.9433050388532, 1131.1141166274726, 1169.5574700658467, 1206.5500672422181], "map_sums": [1148.958718972173, 1469.804705250334, 1787.1985862682204, 1963.1021475747696, 2101.1990659842327, 2180.2038309420186, 2254.435939169405, 2295.148193521537, 2343.683209500786, 2380.0070027572915], "mrr_sums": [312.0, 428.0, 488.9999999999986, 538.2499999999986, 571.2499999999993, 592.4166666666661, 613.9880952380955, 630.6130952380952, 646.0575396825379, 659.2575396825399], "recall_sums": [312, 544, 727, 924, 1089, 1216, 1367, 1500, 1639, 1771]}, {"name": "bow+fosboost", "num_cur": 190000, "num_top": 24472, "num_top_5": 51179, "num_top_10": 63875, "ndcg_sums": [36687.57216794096, 41198.461914806154, 42165.6879946196, 42304.53354479959, 42179.03393608683, 41976.872894088, 41740.970630450705, 41552.60118755926, 41367.22038711127, 41212.587475852546], "map_sums": [59735.415090078975, 64986.39947091338, 66501.41213479122, 66766.22231147536, 66536.1889272892, 66050.2789451887, 65458.24457594912, 64868.32499637484, 64261.133128740694, 63664.00540821159], "mrr_sums": [24472.0, 29936.0, 32189.999999996937, 33447.49999999734, 34244.89999999927, 34783.066666667146, 35180.92380952565, 35495.673809525484, 35738.340476190235, 35936.340476188794], "recall_sums": [24472, 35400, 42162, 47192, 51179, 54408, 57193, 59711, 61895, 63875]}]}