{"data": "items_CSall_1s_5mindoc_5mincont_wPP_3.1_wNP_both.csv", "num_contexts": 1835797, "num_test_set_items": 490018, "models": [{"name": "bow", "num_cur": 210000, "num_top": 27025, "num_top_5": 56831, "num_top_10": 70902, "ndcg_sums": [40689.07699554779, 45752.57022687211, 46869.79074116374, 47049.08152190687, 46958.54430695199, 46756.25383794732, 46508.86937470701, 46298.978842750286, 46096.712039962236, 45922.48222754057], "map_sums": [66309.28189103567, 72200.53048612054, 73915.19312703912, 74214.79015913374, 73941.25606116433, 73406.39139334846, 72748.73950006241, 72094.73689885794, 71424.60634501261, 70761.92432456544], "mrr_sums": [27025.0, 33116.5, 35632.833333331604, 37029.08333333259, 37926.88333333305, 38524.050000000054, 38967.33571428646, 39315.58571428632, 39585.80793650622, 39802.50793650451], "recall_sums": [27025, 39208, 46757, 52342, 56831, 60414, 63517, 66303, 68735, 70902]}, {"name": "npmarker", "num_cur": 43385, "num_top": 7036, "num_top_5": 11934, "num_top_10": 13661, "ndcg_sums": [9235.888229764007, 9749.564462879316, 9495.318785322048, 9211.82598344137, 8949.795984739418, 8696.449646161107, 8508.12067324147, 8294.425061752403, 8105.411630736536, 7949.080405114021], "map_sums": [13434.44997261392, 14164.65132966742, 14492.232767672536, 14583.901809239647, 14683.592388429764, 14764.001374405427, 14809.834830290576, 14835.140743112674, 14857.24552057192, 14873.052863864386], "mrr_sums": [7036.0, 8250.0, 8630.333333333205, 8825.083333333201, 8935.083333333172, 8994.58333333323, 9065.72619047608, 9105.101190476078, 9145.434523809463, 9164.834523809504], "recall_sums": [7036, 9464, 10605, 11384, 11934, 12291, 12789, 13104, 13467, 13661]}, {"name": "fos", "num_cur": 111574, "num_top": 324, "num_top_5": 1164, "num_top_10": 1894, "ndcg_sums": [613.5352800987998, 794.4673881390536, 955.5861700136484, 1037.283376481671, 1111.3449506518432, 1147.921778580404, 1192.7504482629038, 1226.9517011136131, 1268.5234971809468, 1311.818610768216], "map_sums": [1214.9019157044052, 1565.7899841838012, 1940.8246982316948, 2135.66769270076, 2286.911009141631, 2372.3172291006804, 2448.203148941024, 2493.477585555676, 2548.6421531323936, 2587.3411769650475], "mrr_sums": [324.0, 448.5, 515.1666666666649, 567.916666666666, 603.9166666666673, 627.2500000000002, 649.5357142857152, 667.2857142857149, 683.9523809523796, 698.1523809523818], "recall_sums": [324, 573, 773, 984, 1164, 1304, 1460, 1602, 1752, 1894]}, {"name": "bow+fosboost", "num_cur": 210000, "num_top": 27054, "num_top_5": 56845, "num_top_10": 70915, "ndcg_sums": [40733.40289735547, 45786.962442851145, 46902.76169959154, 47071.0999751484, 46980.915317387036, 46777.07192961396, 46526.008666588845, 46317.603903381205, 46114.329893157934, 45938.943541881075], "map_sums": [66375.70059855, 72265.04564965857, 73970.04787271406, 74257.54656831946, 73982.49135571772, 73444.96836074801, 72787.91053049799, 72130.02569495726, 71458.99122961228, 70791.18451475052], "mrr_sums": [27054.0, 33140.5, 35659.499999998305, 37050.749999999265, 37949.94999999971, 38547.2833333334, 38990.14047619125, 39339.26547619108, 39608.487698411, 39825.487698409284], "recall_sums": [27054, 39227, 46784, 52349, 56845, 60429, 63529, 66322, 68745, 70915]}]}