{"data": "items_CSall_1s_5mindoc_5mincont_wPP_3.1_wNP_both.csv", "num_contexts": 1835797, "num_test_set_items": 490018, "models": [{"name": "bow", "num_cur": 340000, "num_top": 43062, "num_top_5": 91781, "num_top_10": 115282, "ndcg_sums": [65707.4696684099, 74098.24487584035, 75995.15743907024, 76333.00748266731, 76145.76255808168, 75799.67476718214, 75371.67270448104, 74997.65644303792, 74632.47738402974, 74315.38758045652], "map_sums": [97733.0, 113197.0, 117650.41666659941, 118859.9166666612, 118769.68055551167, 118154.58805551931, 117250.96591266278, 116257.37545349244, 115226.9681476477, 114209.8634603966], "mrr_sums": [43062.0, 52961.5, 57099.50000001007, 59402.00000001106, 60861.200000003344, 61861.03333333116, 62596.89047618474, 63176.39047618459, 63629.501587290724, 63993.20158728687], "recall_sums": [43062, 62861, 75275, 84485, 91781, 97780, 102931, 107567, 111645, 115282]}, {"name": "npmarker", "num_cur": 70962, "num_top": 10700, "num_top_5": 19070, "num_top_10": 21783, "ndcg_sums": [14308.628555395715, 15350.147886647987, 15047.71473744952, 14629.31385626331, 14186.348984385488, 13757.56197651489, 13420.853595341121, 13087.577737149015, 12798.26105984475, 12542.2787175483], "map_sums": [19412.0, 21976.0, 22828.999999998887, 23139.86111111102, 23364.500000000524, 23526.905833334105, 23637.625555556493, 23657.232845805887, 23677.519151076962, 23713.97222442659], "mrr_sums": [10700.0, 12708.0, 13398.666666667103, 13742.666666667099, 13923.866666667329, 14026.200000000565, 14122.628571429083, 14192.25357142908, 14249.586904762496, 14284.686904762595], "recall_sums": [10700, 14716, 16788, 18164, 19070, 19684, 20359, 20916, 21432, 21783]}, {"name": "fos", "num_cur": 181541, "num_top": 420, "num_top_5": 1633, "num_top_10": 2747, "ndcg_sums": [1021.438092565749, 1268.16200391926, 1460.3622788500008, 1613.523308427192, 1716.3961083356235, 1788.4685837589525, 1855.9534815158265, 1904.0117685399623, 1973.4210903466583, 2040.637243904119], "map_sums": [1872.0, 2581.0, 3119.00000000003, 3415.388888888933, 3651.1138888888677, 3811.713055555486, 3940.728174603198, 4022.6078174603344, 4124.965473356125, 4177.920740740775], "mrr_sums": [420.0, 592.5, 689.8333333333351, 766.5833333333361, 820.3833333333415, 860.050000000004, 893.907142857145, 918.4071428571447, 944.1849206349184, 965.2849206349222], "recall_sums": [420, 765, 1057, 1364, 1633, 1871, 2108, 2304, 2536, 2747]}, {"name": "bow+fosboost", "num_cur": 340000, "num_top": 43095, "num_top_5": 91806, "num_top_10": 115298, "ndcg_sums": [65768.63619065104, 74152.74463039385, 76047.59614750058, 76369.19350439202, 76181.84353757421, 75832.98308536442, 75398.67068679834, 75026.81916687558, 74659.12200426363, 74340.79891458475], "map_sums": [97834.0, 113290.5, 117732.49999993258, 118930.58333332777, 118834.68472217827, 118220.08916663023, 117314.5654761549, 116311.04458047672, 115282.62351754599, 114255.21543192616], "mrr_sums": [43095.0, 52999.0, 57138.00000001009, 59434.25000001105, 60894.45000000334, 61895.28333333115, 62629.71190475619, 63209.96190475602, 63661.85079363995, 64025.550793636095], "recall_sums": [43095, 62903, 75320, 84505, 91806, 97811, 102952, 107594, 111661, 115298]}]}