{"data": "items_CSall_1s_5mindoc_5mincont_wPP_3.1_wNP_both.csv", "num_contexts": 1835797, "num_test_set_items": 490018, "models": [{"name": "bow", "num_cur": 310000, "num_top": 39489, "num_top_5": 83954, "num_top_10": 105298, "ndcg_sums": [59983.45863902407, 67611.7714829864, 69295.18444756807, 69573.52169383813, 69397.98060565308, 69064.87262410148, 68666.09017316504, 68318.48728310279, 67973.69265975789, 67684.25106837103], "map_sums": [9076.415728099728, 10451.025831551287, 10805.935996677186, 10865.39824944015, 10811.855207012217, 10714.337074202285, 10604.952492599015, 10489.014527075775, 10366.479835382326, 10248.680219018692], "mrr_sums": [39489.0, 48539.5, 52294.83333334062, 54401.58333334161, 55735.78333333571, 56642.116666664886, 57312.259523805136, 57838.50952380499, 58249.398412689516, 58580.098412686144], "recall_sums": [39489, 57590, 68856, 77283, 83954, 89392, 94083, 98293, 101991, 105298]}, {"name": "npmarker", "num_cur": 64805, "num_top": 9941, "num_top_5": 17617, "num_top_10": 20192, "ndcg_sums": [13241.867878552328, 14207.671049727314, 13899.075863277274, 13500.284066747137, 13090.504637296794, 12699.621246517901, 12391.727078756, 12090.146054097111, 11825.05924328093, 11591.004763847262], "map_sums": [1529.7640918814209, 1687.2678001090658, 1735.8554217380233, 1750.2868829283962, 1758.5024494144607, 1763.539336892696, 1765.3836252197696, 1765.4765110672206, 1766.225343955665, 1768.4832218850322], "mrr_sums": [9941.0, 11817.5, 12430.16666666696, 12744.416666666957, 12910.01666666713, 13006.516666667054, 13098.230952381295, 13164.855952381293, 13219.967063492482, 13252.467063492571], "recall_sums": [9941, 13694, 15532, 16789, 17617, 18196, 18838, 19371, 19867, 20192]}, {"name": "fos", "num_cur": 165357, "num_top": 392, "num_top_5": 1522, "num_top_10": 2560, "ndcg_sums": [937.1050480830065, 1167.7096446805401, 1350.170454414562, 1488.6420005173538, 1583.2571411917406, 1644.002089845781, 1705.0705313548954, 1748.1933469508954, 1813.0597441618681, 1874.0233358233775], "map_sums": [256.9355607706106, 350.01244257571517, 395.60300496935355, 430.2055057916708, 453.9925229556391, 466.7657098936854, 480.41309719698796, 488.77517143758524, 497.53329355499864, 502.07223256098194], "mrr_sums": [392.0, 555.0, 643.6666666666674, 713.9166666666684, 765.3166666666733, 801.4833333333366, 833.197619047621, 856.1976190476206, 880.6420634920613, 900.1420634920647], "recall_sums": [392, 718, 984, 1265, 1522, 1739, 1961, 2145, 2365, 2560]}, {"name": "bow+fosboost", "num_cur": 310000, "num_top": 39518, "num_top_5": 83978, "num_top_10": 105314, "ndcg_sums": [60036.897239203885, 67660.26585051563, 69342.10577082432, 69604.98501447625, 69430.06513764989, 69094.01640636828, 68689.66750446621, 68344.3700723362, 67997.11439517804, 67706.98743406116], "map_sums": [9076.503281763926, 10454.467887836452, 10809.588593635346, 10867.07697610544, 10812.7089998739, 10716.09909956608, 10606.460478313824, 10489.255588797758, 10367.278442425912, 10247.122760252685], "mrr_sums": [39518.0, 48572.5, 52329.16666667398, 54429.41666667494, 55765.41666666903, 56672.083333331546, 57340.79761904325, 57868.422619043085, 58277.9781745943, 58608.77817459092], "recall_sums": [39518, 57627, 68897, 77298, 83978, 89418, 94099, 98320, 102006, 105314]}]}