{"data": "items_CSall_1s_5mindoc_5mincont_wPP_3.1_wNP_both.csv", "num_contexts": 1835797, "num_test_set_items": 490018, "models": [{"name": "bow", "num_cur": 100000, "num_top": 12879, "num_top_5": 27174, "num_top_10": 33890, "ndcg_sums": [19615.769378439196, 22163.75801442842, 22750.23665443965, 22860.899391860476, 22784.963259753444, 22657.20604546332, 22507.215607629347, 22378.36184076023, 22238.57044781888, 22121.785798758683], "map_sums": [31709.775639173742, 34947.74377354437, 35840.6804078477, 36038.56342197428, 35927.580832659834, 35652.69427340099, 35324.765009720715, 35003.35341515244, 34658.193565392656, 34317.14994146439], "mrr_sums": [12879.0, 15806.5, 17030.500000000677, 17712.250000000528, 18120.450000001245, 18407.450000000994, 18610.16428571532, 18780.039285715306, 18906.817063493007, 19014.317063493], "recall_sums": [12879, 18734, 22406, 25133, 27174, 28896, 30315, 31674, 32815, 33890]}, {"name": "npmarker", "num_cur": 21836, "num_top": 3829, "num_top_5": 6316, "num_top_10": 7369, "ndcg_sums": [5048.444727626325, 5321.401803890473, 5184.67848704569, 5050.477329652379, 4922.833925862187, 4782.202896765314, 4691.903318902685, 4569.678182133993, 4462.855172430513, 4378.3870212388065], "map_sums": [7233.672478436613, 7681.434208955102, 7851.216643907493, 7877.264796231891, 7956.891882734929, 8003.146440509348, 8029.554569921706, 8046.0331959194045, 8060.0884385024, 8067.984263232985], "mrr_sums": [3829.0, 4450.5, 4628.166666666652, 4729.1666666666415, 4790.566666666605, 4821.233333333283, 4867.947619047599, 4891.697619047597, 4917.919841269834, 4929.519841269846], "recall_sums": [3829, 5072, 5605, 6009, 6316, 6500, 6827, 7017, 7253, 7369]}, {"name": "fos", "num_cur": 52187, "num_top": 161, "num_top_5": 506, "num_top_10": 802, "ndcg_sums": [291.8914857099001, 372.7720822519627, 461.23026638138157, 491.7532871357143, 528.5830425457987, 539.5237325216511, 554.6594642069076, 568.7880742102747, 585.1118568884641, 602.1887410943551], "map_sums": [559.8299785722571, 747.4549383692363, 962.8410408926592, 1045.0567171288453, 1127.91956936551, 1169.3483584625726, 1207.2257118676325, 1230.6109455349597, 1256.124675466449, 1272.8209510954516], "mrr_sums": [161.0, 210.5, 237.50000000000028, 260.0000000000003, 274.9999999999998, 281.8333333333329, 291.40476190476153, 298.4047619047615, 306.1825396825392, 312.3825396825391], "recall_sums": [161, 260, 341, 431, 506, 547, 614, 670, 740, 802]}, {"name": "bow+fosboost", "num_cur": 100000, "num_top": 12893, "num_top_5": 27180, "num_top_10": 33895, "ndcg_sums": [19635.982581874792, 22177.487973461044, 22764.4989274841, 22869.300177325575, 22794.248681934456, 22666.212797156695, 22514.535458803166, 22386.017754961544, 22245.666474116813, 22127.895707137934], "map_sums": [31736.8896726823, 34975.08959000056, 35867.114036959254, 36057.516175372606, 35944.218927771, 35669.57440008291, 35340.17496007968, 35017.47988530318, 34671.13222201497, 34327.7976910651], "mrr_sums": [12893.0, 15814.5, 17042.50000000067, 17721.250000000517, 18130.25000000124, 18417.916666667654, 18619.916666667694, 18790.291666667676, 18916.402777778716, 19024.102777778706], "recall_sums": [12893, 18736, 22420, 25135, 27180, 28906, 30320, 31683, 32818, 33895]}]}