{"data": "items_CSall_1s_5mindoc_5mincont_wPP_3.1_wNP_both.csv", "num_contexts": 1835797, "num_test_set_items": 490018, "models": [{"name": "bow", "num_cur": 220000, "num_top": 28154, "num_top_5": 59497, "num_top_10": 74324, "ndcg_sums": [42533.83803132262, 47864.5298408697, 49073.001632064406, 49274.9875024874, 49193.04502499991, 48984.953420615835, 48729.47495519147, 48506.95213184356, 48293.63388715777, 48109.686008926226], "map_sums": [62870.0, 72947.0, 75835.00000000311, 76625.33333334175, 76602.87777776612, 76205.78277776057, 75638.04726188746, 75026.83522674374, 74393.81009351938, 73744.33737479492], "mrr_sums": [28154.0, 34525.0, 37177.33333333259, 38647.58333333358, 39600.18333333324, 40228.016666666466, 40697.73095238106, 41064.480952380916, 41349.369841267275, 41576.769841265406], "recall_sums": [28154, 40896, 48853, 54734, 59497, 63264, 66552, 69486, 72050, 74324]}, {"name": "npmarker", "num_cur": 45531, "num_top": 7286, "num_top_5": 12537, "num_top_10": 14338, "ndcg_sums": [9609.738084913633, 10179.092925051165, 9946.399726361286, 9659.377749665256, 9388.04524170209, 9118.64227147469, 8920.087079174731, 8696.325287565267, 8500.133597770691, 8334.177743719029], "map_sums": [12896.0, 14461.5, 14993.916666667497, 15157.250000000053, 15290.036111112062, 15399.089166667072, 15459.963571428778, 15493.176689342587, 15520.269257369837, 15541.745890023036], "mrr_sums": [7286.0, 8561.5, 8988.499999999956, 9196.499999999953, 9313.89999999995, 9376.399999999998, 9449.828571428558, 9491.078571428556, 9533.411904761944, 9553.511904761988], "recall_sums": [7286, 9837, 11118, 11950, 12537, 12912, 13426, 13756, 14137, 14338]}, {"name": "fos", "num_cur": 116837, "num_top": 330, "num_top_5": 1226, "num_top_10": 2011, "ndcg_sums": [635.689609031351, 824.6010024128826, 990.3158354153952, 1080.7084526991612, 1157.8644956215467, 1198.625318657385, 1246.3830970925026, 1281.1308159369562, 1326.4969271462098, 1371.3965193265615], "map_sums": [1068.0, 1543.0, 1965.083333333305, 2188.666666666657, 2349.318055555578, 2450.2638888889105, 2531.0200396825608, 2580.3820238095395, 2641.6494812925553, 2683.9990910808747], "mrr_sums": [330.0, 459.5, 529.4999999999986, 586.4999999999997, 626.3000000000019, 652.1333333333342, 676.4190476190488, 694.9190476190485, 713.0301587301573, 727.9301587301596], "recall_sums": [330, 589, 799, 1027, 1226, 1381, 1551, 1699, 1862, 2011]}, {"name": "bow+fosboost", "num_cur": 220000, "num_top": 28184, "num_top_5": 59511, "num_top_10": 74337, "ndcg_sums": [42580.40657381741, 47899.361712057056, 49107.10174842024, 49298.109577068826, 49215.988946613616, 49006.23464547882, 48747.40628654588, 48526.23800067233, 48311.7020799501, 48126.68235886132], "map_sums": [62940.0, 73010.5, 75891.08333333633, 76671.2500000084, 76643.9597222106, 76247.8794444272, 75679.69349204616, 75062.92706347848, 74429.19042940382, 73774.06188789652], "mrr_sums": [28184.0, 34549.0, 37204.666666665966, 38669.416666666926, 39623.616666666574, 40251.783333333144, 40720.926190476326, 41088.55119047616, 41372.44007936253, 41600.14007936066], "recall_sums": [28184, 40914, 48881, 54740, 59511, 63280, 66564, 69505, 72060, 74337]}]}