{"data": "items_CSall_1s_5mindoc_5mincont_wPP_3.1_wNP_both.csv", "num_contexts": 1835797, "num_test_set_items": 490018, "models": [{"name": "bow", "num_cur": 320000, "num_top": 40709, "num_top_5": 86564, "num_top_10": 108592, "ndcg_sums": [61898.50899668042, 69769.53123588132, 71518.95308184047, 71820.44224985072, 71647.78572220608, 71309.26083946618, 70901.08872600344, 70543.32936348526, 70193.93402470654, 69896.39860858535], "map_sums": [91865.0, 106484.5, 110683.6666666109, 111837.86111110743, 111766.07777773883, 111194.37083329995, 110349.29753964992, 109421.1674036069, 108459.71833614113, 107501.443474411], "mrr_sums": [40709.0, 50032.0, 53913.0000000082, 56083.25000000919, 57460.25000000267, 58396.083333331415, 59088.08333332849, 59630.958333328344, 60055.62499999045, 60396.024999986934], "recall_sums": [40709, 59355, 70998, 79679, 86564, 92179, 97023, 101366, 105188, 108592]}, {"name": "npmarker", "num_cur": 67026, "num_top": 10192, "num_top_5": 18121, "num_top_10": 20760, "ndcg_sums": [13602.220259018888, 14606.212075846483, 14300.446523457811, 13898.211530818904, 13483.090418889562, 13078.947015941754, 12764.784659324592, 12451.7804339841, 12175.80899601499, 11934.081457096723], "map_sums": [18425.0, 20856.0, 21666.583333332575, 21956.305555555533, 22172.8625000006, 22328.326666667363, 22440.18825396903, 22459.550096372695, 22482.49721655323, 22516.31562405507], "mrr_sums": [10192.0, 12112.0, 12748.666666667004, 13078.666666667, 13250.466666667196, 13350.133333333775, 13443.99047619087, 13511.865476190867, 13567.643253968725, 13601.543253968819], "recall_sums": [10192, 14032, 15942, 17262, 18121, 18719, 19376, 19919, 20421, 20760]}, {"name": "fos", "num_cur": 170724, "num_top": 411, "num_top_5": 1558, "num_top_10": 2625, "ndcg_sums": [987.1710652609895, 1218.6503787523573, 1403.4277904126357, 1548.720040418843, 1642.9129598546695, 1706.915724703115, 1771.0875640903407, 1816.0901028013914, 1881.5440923779483, 1943.0431880631647], "map_sums": [1802.0, 2472.5, 2991.75000000002, 3276.472222222258, 3491.7916666666583, 3637.051944444384, 3758.5169444444628, 3835.6433730158856, 3931.849064625966, 3981.3305083144737], "mrr_sums": [411.0, 576.0, 667.3333333333344, 738.5833333333354, 790.1833333333403, 828.01666666667, 860.5880952380969, 884.3380952380966, 909.3380952380927, 929.0380952380962], "recall_sums": [411, 741, 1015, 1300, 1558, 1785, 2013, 2203, 2428, 2625]}, {"name": "bow+fosboost", "num_cur": 320000, "num_top": 40740, "num_top_5": 86589, "num_top_10": 108608, "ndcg_sums": [61957.67551892156, 69820.40900188315, 71568.26214966866, 71854.42309170144, 71682.07294487391, 71340.27463291262, 70926.42514595661, 70571.16296968667, 70218.96970466913, 69920.67799684958], "map_sums": [91964.0, 106573.5, 110761.99999994405, 111904.72222221844, 111828.20416662765, 111257.01972218866, 110409.42726187219, 109472.46212582928, 108512.07154900985, 107544.37054467441], "mrr_sums": [40740.0, 50066.5, 53949.16666667489, 56112.666666675854, 57491.46666666932, 58427.96666666474, 59118.25238094756, 59662.50238094739, 60085.72460316507, 60426.22460316156], "recall_sums": [40740, 59393, 71041, 79695, 86589, 92208, 97040, 101394, 105203, 108608]}]}