{"data": "items_CSall_1s_5mindoc_5mincont_wPP_3.1_wNP_both.csv", "num_contexts": 1835797, "num_test_set_items": 490018, "models": [{"name": "bow", "num_cur": 150000, "num_top": 19080, "num_top_5": 40246, "num_top_10": 50304, "ndcg_sums": [28827.273549768586, 32477.040392429564, 33266.31893136644, 33391.264106026334, 33262.575420451954, 33091.6167346197, 32892.65030238668, 32728.946871021446, 32563.645048365895, 32429.12644800153], "map_sums": [46998.96636032875, 51324.19186518291, 52551.97096149554, 52791.78949408341, 52610.15055924315, 52225.34398526407, 51755.71289194903, 51306.8357891486, 50821.36463709516, 50351.46241299342], "mrr_sums": [19080.0, 23419.0, 25220.999999998574, 26229.999999998425, 26839.199999999873, 27267.20000000065, 27578.771428573305, 27828.52142857329, 28020.632539683374, 28178.83253968263], "recall_sums": [19080, 27758, 33164, 37200, 40246, 42814, 44995, 46993, 48722, 50304]}, {"name": "npmarker", "num_cur": 31490, "num_top": 5256, "num_top_5": 8720, "num_top_10": 10068, "ndcg_sums": [6868.533398318619, 7221.44239837688, 7034.812920775607, 6827.179597521935, 6629.982686323446, 6435.613814096225, 6296.585661771035, 6137.72645089979, 5999.35643245059, 5886.518671397372], "map_sums": [9907.938496328814, 10473.387936341716, 10701.944929952579, 10763.908740391225, 10848.260295324153, 10910.237452241823, 10941.092121884763, 10963.012425862822, 10983.77126674548, 10993.150955893581], "mrr_sums": [5256.0, 6106.5, 6378.833333333233, 6514.583333333222, 6595.183333333168, 6637.1833333332, 6693.754761904641, 6727.004761904639, 6759.44920634911, 6773.649206349131], "recall_sums": [5256, 6957, 7774, 8317, 8720, 8972, 9368, 9634, 9926, 10068]}, {"name": "fos", "num_cur": 79191, "num_top": 258, "num_top_5": 848, "num_top_10": 1348, "ndcg_sums": [461.37885912519374, 593.8382984501305, 707.792269345482, 754.4691266182222, 805.7898098642202, 826.0123252966982, 855.3637132724912, 878.4751239726626, 907.2466172051364, 934.4388002051886], "map_sums": [890.6512728733566, 1152.4587751498088, 1415.8260552007878, 1538.007708473596, 1649.6971378824226, 1706.1427858766103, 1767.1857358146617, 1797.7345561771447, 1837.6189191282463, 1860.6763660434483], "mrr_sums": [258.0, 348.5, 398.1666666666659, 435.16666666666566, 457.56666666666473, 470.7333333333319, 486.73333333333306, 498.608333333333, 510.4972222222209, 521.1972222222221], "recall_sums": [258, 439, 588, 736, 848, 927, 1039, 1134, 1241, 1348]}, {"name": "bow+fosboost", "num_cur": 150000, "num_top": 19102, "num_top_5": 40255, "num_top_10": 50316, "ndcg_sums": [28855.07253964181, 32501.316454412, 33288.0129521432, 33405.504584621085, 33276.73829064488, 33105.534958183285, 32903.80601094998, 32741.226401548563, 32574.49740650035, 32440.20467298119], "map_sums": [47032.588704370806, 51366.15365990642, 52588.7656320092, 52820.74680624895, 52635.980425472786, 52250.8650885432, 51780.368242093085, 51329.11506726458, 50841.85605042825, 50368.291468924355], "mrr_sums": [19102.0, 23436.5, 25240.16666666524, 26245.66666666509, 26855.866666666545, 27284.700000000652, 27595.557142859023, 27845.807142859005, 28036.9182539691, 28195.918253968342], "recall_sums": [19102, 27771, 33182, 37204, 40255, 42828, 45004, 47006, 48726, 50316]}]}