{"data": "items_CSall_1s_5mindoc_5mincont_wPP_3.1_wNP_both.csv", "num_contexts": 1835797, "num_test_set_items": 490018, "models": [{"name": "bow", "num_cur": 30000, "num_top": 4496, "num_top_5": 8398, "num_top_10": 10254, "ndcg_sums": [6060.484625083376, 6520.773758354857, 6519.234747625662, 6454.374635174072, 6374.189856754186, 6300.130039492891, 6236.2421105061785, 6186.324853049551, 6139.995015412534, 6105.212397790757], "map_sums": [9179.045198935439, 9985.661804797634, 10192.588237407781, 10260.250478017913, 10241.89115334312, 10177.731784076168, 10083.736175120966, 9990.683242621517, 9884.906220225328, 9780.914245485665], "mrr_sums": [4496.0, 5336.5, 5664.1666666665615, 5839.416666666554, 5946.816666666508, 6020.983333333222, 6077.840476190335, 6125.840476190333, 6161.1738095237015, 6192.2738095237355], "recall_sums": [4496, 6177, 7160, 7861, 8398, 8843, 9241, 9625, 9943, 10254]}, {"name": "npmarker", "num_cur": 6427, "num_top": 1452, "num_top_5": 2075, "num_top_10": 2392, "ndcg_sums": [1739.8784258493083, 1697.352302165819, 1619.6722578649417, 1531.1995490941, 1470.8346811691595, 1415.1542664323188, 1370.987184361004, 1331.3019143311253, 1303.8259934606128, 1274.2213227082893], "map_sums": [2318.2082628965586, 2387.425356908487, 2419.204101159299, 2428.305500639114, 2448.0999136477335, 2456.927576834161, 2465.273136577095, 2468.2323794250656, 2471.6220408642344, 2474.801994781036], "mrr_sums": [1452.0, 1598.0, 1652.333333333329, 1672.833333333329, 1690.033333333331, 1701.1999999999996, 1709.3428571428558, 1713.4678571428558, 1728.1345238095194, 1730.9345238095177], "recall_sums": [1452, 1744, 1907, 1989, 2075, 2142, 2199, 2232, 2364, 2392]}, {"name": "fos", "num_cur": 16146, "num_top": 67, "num_top_5": 202, "num_top_10": 325, "ndcg_sums": [102.2081528017129, 113.50981477680018, 131.94113091311317, 145.60927878102447, 154.52343663532756, 161.03392620785846, 169.76890288141507, 174.53252711648454, 180.71969093597448, 185.85107140173542], "map_sums": [179.82448476793633, 210.61475673131716, 252.49401907433025, 277.6672221165109, 292.1696720397633, 306.13703395712696, 320.8863684049677, 321.6635161951189, 327.533456138963, 329.99303696896465], "mrr_sums": [67.0, 80.5, 92.49999999999996, 102.99999999999996, 109.0, 111.83333333333337, 115.54761904761905, 118.17261904761904, 121.9503968253969, 124.45039682539687], "recall_sums": [67, 94, 130, 172, 202, 219, 245, 266, 300, 325]}, {"name": "bow+fosboost", "num_cur": 30000, "num_top": 4501, "num_top_5": 8399, "num_top_10": 10255, "ndcg_sums": [6065.484625083373, 6524.318042038447, 6523.908091422367, 6456.26937100149, 6376.539579261215, 6302.745482084702, 6238.52360088436, 6188.1658014202085, 6141.729405881853, 6106.79217325592], "map_sums": [9183.40517218895, 9989.517869172769, 10200.458018829257, 10264.720001119333, 10246.267687814287, 10183.102322110595, 10087.990685886429, 9993.794412882062, 9888.384597435495, 9783.583994748446], "mrr_sums": [4501.0, 5339.5, 5668.499999999894, 5842.249999999886, 5950.04999999984, 6024.8833333332195, 6081.311904761764, 6129.311904761762, 6164.423015872908, 6195.623015872941], "recall_sums": [4501, 6178, 7165, 7860, 8399, 8848, 9243, 9627, 9943, 10255]}]}