{"data": "items_CSall_1s_5mindoc_5mincont_wPP_3.1_wNP_both.csv", "num_contexts": 1835797, "num_test_set_items": 490018, "models": [{"name": "bow", "num_cur": 470000, "num_top": 53183, "num_top_5": 114364, "num_top_10": 144088, "ndcg_sums": [84219.19380133283, 95193.81009866513, 97834.1708024338, 98384.43759864247, 98210.77166027765, 97789.20148604465, 97224.5057386375, 96736.85842163804, 96243.45014942122, 95809.15976220602], "map_sums": [128111.0, 148775.0, 154810.83333333177, 156552.8611111404, 156551.0333333799, 155779.17555556944, 154652.9151190761, 153410.54771545067, 152070.19456636917, 150734.3116856178], "mrr_sums": [53183.0, 65468.0, 70704.33333334289, 73605.33333333963, 75464.93333332318, 76733.93333332069, 77653.93333331391, 78388.30833331312, 78962.30833330544, 79425.20833330615], "recall_sums": [53183, 77753, 93462, 105066, 114364, 121978, 128418, 134293, 139459, 144088]}, {"name": "npmarker", "num_cur": 96271, "num_top": 13033, "num_top_5": 23050, "num_top_10": 26507, "ndcg_sums": [17677.990888453794, 18895.57980429659, 18564.094333617526, 18061.268594353332, 17514.623995911308, 17029.800264205627, 16595.814307020195, 16174.198192625025, 15815.68420309993, 15502.380779106945], "map_sums": [24247.0, 27509.5, 28630.91666666349, 29101.333333332772, 29408.587499999714, 29644.744166668053, 29801.4968253987, 29842.180379820078, 29877.941802720896, 29933.62407549062], "mrr_sums": [13033.0, 15410.5, 16253.16666666738, 16653.666666667275, 16880.066666667586, 17037.23333333432, 17150.519047620004, 17229.76904762001, 17297.88015873113, 17345.280158731195], "recall_sums": [13033, 17788, 20316, 21918, 23050, 23993, 24786, 25420, 26033, 26507]}, {"name": "fos", "num_cur": 246499, "num_top": 501, "num_top_5": 2021, "num_top_10": 3491, "ndcg_sums": [1224.2168799034423, 1533.8543474994751, 1860.1281801965715, 2048.2297011564415, 2187.9992360828046, 2282.957009346686, 2371.797178831172, 2460.576869058958, 2547.8074252086935, 2630.3389763048567], "map_sums": [2247.0, 3112.0, 3979.8333333335218, 4395.416666666774, 4717.840277777681, 4925.826944444378, 5114.057539682352, 5218.205119047584, 5352.607378118031, 5436.5012273244], "mrr_sums": [501.0, 715.0, 839.6666666666715, 930.1666666666725, 1001.3666666666819, 1053.8666666666738, 1098.1523809523833, 1130.6523809523837, 1163.8746031746002, 1192.4746031745995], "recall_sums": [501, 929, 1303, 1665, 2021, 2336, 2646, 2906, 3205, 3491]}, {"name": "bow+fosboost", "num_cur": 470000, "num_top": 53222, "num_top_5": 114389, "num_top_10": 144106, "ndcg_sums": [84300.85779825691, 95261.66183955158, 97898.36914457552, 98430.43226743508, 98254.82477357799, 97830.30004358721, 97259.2527516276, 96773.37355661558, 96276.3302632765, 95840.97218566749], "map_sums": [128253.0, 148904.0, 154920.2499999986, 156652.22222225144, 156640.3888889357, 155867.8261111249, 154736.4659524096, 153480.57797055293, 152145.1087387048, 150798.48067623278], "mrr_sums": [53222.0, 65507.0, 70746.33333334279, 73641.83333333953, 75501.23333332309, 76771.56666665405, 77690.56666664725, 78425.31666664635, 78997.87222219427, 79460.97222219507], "recall_sums": [53222, 77792, 93510, 105092, 114389, 122011, 128444, 134322, 139475, 144106]}]}