{"data": "items_CSall_1s_5mindoc_5mincont_wPP_3.1_wNP_both.csv", "num_contexts": 1835797, "num_test_set_items": 490018, "models": [{"name": "bow", "num_cur": 120000, "num_top": 15347, "num_top_5": 32307, "num_top_10": 40367, "ndcg_sums": [23274.219156700157, 26277.137935706625, 26945.253339997835, 27085.91806714201, 26997.409135111917, 26864.984086899494, 26704.008154801937, 26571.022800527957, 26426.583705488694, 26304.605343199324], "map_sums": [37808.39409321348, 41485.16397272285, 42515.69968301763, 42741.32867593241, 42601.537793406525, 42291.77418418308, 41904.98588415779, 41524.71453738496, 41123.669547416364, 40732.0294684463], "mrr_sums": [15347.0, 18820.5, 20246.833333333274, 21068.833333333125, 21558.033333334137, 21901.36666666763, 22148.223809525294, 22350.84880952528, 22503.404365080383, 22631.20436508008], "recall_sums": [15347, 22294, 26573, 29861, 32307, 34367, 36095, 37716, 39089, 40367]}, {"name": "npmarker", "num_cur": 25608, "num_top": 4344, "num_top_5": 7202, "num_top_10": 8371, "ndcg_sums": [5716.703745704459, 6025.567099932306, 5874.781785342859, 5717.093382902099, 5564.085886630855, 5405.834193246123, 5297.9006359817295, 5162.515041656548, 5043.312955596698, 4947.172900967944], "map_sums": [8227.07648919418, 8731.693437244527, 8922.72735306828, 8966.40213524219, 9049.022707893168, 9102.146611845148, 9130.400954724406, 9150.278524745372, 9166.037901031093, 9174.842341282516], "mrr_sums": [4344.0, 5055.5, 5266.166666666622, 5380.9166666666115, 5449.716666666568, 5485.216666666588, 5536.216666666611, 5564.341666666609, 5592.230555555516, 5604.530555555531], "recall_sums": [4344, 5767, 6399, 6858, 7202, 7415, 7772, 7997, 8248, 8371]}, {"name": "fos", "num_cur": 63012, "num_top": 204, "num_top_5": 639, "num_top_10": 1029, "ndcg_sums": [369.27121138686795, 463.62944430948846, 563.4478593623832, 595.4974064779453, 639.1638682147441, 655.9603449713306, 677.082619527447, 695.5387515152885, 717.0533962651061, 738.9289459668537], "map_sums": [713.4968766424963, 916.859016654969, 1152.3613155285327, 1241.8678448369124, 1339.239548150242, 1388.3264248092523, 1434.7808584234222, 1463.0185729473271, 1495.9438266978766, 1514.7125014027833], "mrr_sums": [204.0, 268.0, 305.33333333333326, 330.83333333333303, 349.4333333333323, 358.76666666666574, 371.33809523809487, 380.8380952380948, 390.61587301587207, 398.81587301587246], "recall_sums": [204, 332, 444, 546, 639, 695, 783, 859, 947, 1029]}, {"name": "bow+fosboost", "num_cur": 120000, "num_top": 15367, "num_top_5": 32313, "num_top_10": 40376, "ndcg_sums": [23300.01814657338, 26296.255842379203, 26963.614661049505, 27096.85848105243, 27008.810698371086, 26876.905538814044, 26713.687564789907, 26580.723585523538, 26435.698151620614, 26313.517259853405], "map_sums": [37840.72657654709, 41520.21990744072, 42547.51280635024, 42765.08689309668, 42622.004816913846, 42312.98802592464, 41924.10927894448, 41542.02425561252, 41140.35769788926, 40745.24824543467], "mrr_sums": [15367.0, 18834.5, 20263.499999999938, 21081.999999999785, 21572.000000000804, 21916.333333334296, 22162.476190477675, 22365.351190477657, 22517.2400793661, 22645.64007936579], "recall_sums": [15367, 22302, 26589, 29863, 32313, 34379, 36102, 37725, 39092, 40376]}]}