{"data": "items_CSall_1s_5mindoc_5mincont_wPP_3.1_wNP_both.csv", "num_contexts": 1835797, "num_test_set_items": 490018, "models": [{"name": "bow", "num_cur": 170000, "num_top": 21712, "num_top_5": 45531, "num_top_10": 56985, "ndcg_sums": [32747.891942312028, 36825.290770670894, 37713.96762835739, 37860.4639889089, 37736.72685440062, 37563.07659907835, 37350.67138537326, 37180.959392181474, 37013.51144593576, 36870.192914644394], "map_sums": [5054.572822486005, 5832.5322387051065, 6030.155184134257, 6068.621594846034, 6044.238781646795, 5986.797591980582, 5928.668313900538, 5870.823864243228, 5805.856976332086, 5742.041799337631], "mrr_sums": [21712.0, 26570.5, 28588.166666664456, 29726.916666664307, 30425.71666666608, 30911.216666667275, 31267.502380954706, 31552.25238095469, 31772.474603175477, 31951.174603174433], "recall_sums": [21712, 31429, 37482, 42037, 45531, 48444, 50938, 53216, 55198, 56985]}, {"name": "npmarker", "num_cur": 35547, "num_top": 5842, "num_top_5": 9831, "num_top_10": 11314, "ndcg_sums": [7671.167091439873, 8090.828849236638, 7879.239391584283, 7653.752403448948, 7438.073388079217, 7223.0997029804485, 7067.929683919242, 6891.541436831292, 6736.034260536459, 6608.413045719151], "map_sums": [870.5535824620969, 955.4498846184296, 982.538512549463, 990.186901639254, 994.0053384228722, 997.059215075177, 998.1179752489031, 998.7087203383757, 999.705639321636, 1000.818556689057], "mrr_sums": [5842.0, 6825.5, 7134.166666666533, 7293.916666666522, 7385.316666666458, 7436.3166666665065, 7496.88809523794, 7532.763095237939, 7567.540873015747, 7582.840873015773], "recall_sums": [5842, 7809, 8735, 9374, 9831, 10137, 10561, 10848, 11161, 11314]}, {"name": "fos", "num_cur": 90106, "num_top": 283, "num_top_5": 959, "num_top_10": 1542, "ndcg_sums": [520.3443712397884, 660.4447709046854, 784.8803639068184, 844.3467392364925, 903.6124854856538, 931.5467255830108, 965.9120258743502, 991.6204590146425, 1025.559363205101, 1057.0076453682968], "map_sums": [162.30074820244488, 219.07731138618644, 245.1959175768583, 265.13623539464396, 277.81186932202934, 283.6599595771359, 291.4342455989279, 295.86273845209456, 300.85421458434257, 304.06105455173514], "mrr_sums": [283.0, 381.0, 436.99999999999886, 480.99999999999864, 508.19999999999743, 524.8666666666652, 543.4380952380953, 556.938095238095, 570.6047619047604, 582.8047619047621], "recall_sums": [283, 479, 647, 823, 959, 1059, 1189, 1297, 1420, 1542]}, {"name": "bow+fosboost", "num_cur": 170000, "num_top": 21734, "num_top_5": 45542, "num_top_10": 56998, "ndcg_sums": [32779.41885424657, 36851.693590021925, 37737.91156691596, 37876.60122812102, 37753.13283398473, 37578.449933362994, 37363.56347519901, 37194.694608379476, 37026.14612294138, 36882.49085892163], "map_sums": [5052.810719779765, 5834.203152997754, 6031.733194018071, 6068.880385235164, 6043.83039440779, 5987.176730106591, 5928.741194268128, 5870.319836040051, 5805.541933270024, 5740.521016984527], "mrr_sums": [21734.0, 26588.0, 28607.333333331124, 29742.58333333097, 30442.783333332754, 30928.616666667276, 31284.759523811856, 31569.884523811837, 31789.217857143743, 31968.51785714269], "recall_sums": [21734, 31442, 37500, 42041, 45542, 48457, 50950, 53231, 55205, 56998]}]}