{"data": "items_CSall_1s_5mindoc_5mincont_wPP_3.1_wNP_both.csv", "num_contexts": 1835797, "num_test_set_items": 490018, "models": [{"name": "bow", "num_cur": 170000, "num_top": 21712, "num_top_5": 45531, "num_top_10": 56985, "ndcg_sums": [32747.891942312028, 36825.290770670894, 37713.96762835739, 37860.4639889089, 37736.72685440062, 37563.07659907835, 37350.67138537326, 37180.959392181474, 37013.51144593576, 36870.192914644394], "map_sums": [53409.57282248195, 58214.614237659574, 59604.132201087596, 59866.8822178711, 59662.41193491263, 59226.20351614012, 58690.43317786482, 58181.38035559575, 57635.16218681994, 57106.06080961424], "mrr_sums": [21712.0, 26570.5, 28588.166666664456, 29726.916666664307, 30425.71666666608, 30911.216666667275, 31267.502380954706, 31552.25238095469, 31772.474603175477, 31951.174603174433], "recall_sums": [21712, 31429, 37482, 42037, 45531, 48444, 50938, 53216, 55198, 56985]}, {"name": "npmarker", "num_cur": 35547, "num_top": 5842, "num_top_5": 9831, "num_top_10": 11314, "ndcg_sums": [7671.167091439873, 8090.828849236638, 7879.239391584283, 7653.752403448948, 7438.073388079217, 7223.0997029804485, 7067.929683919242, 6891.541436831292, 6736.034260536459, 6608.413045719151], "map_sums": [11128.553582462398, 11755.826854539568, 12016.76391438056, 12086.127670484375, 12168.46445699093, 12232.381394931946, 12267.723957020526, 12291.13859824638, 12310.641545975044, 12321.353617565312], "mrr_sums": [5842.0, 6825.5, 7134.166666666533, 7293.916666666522, 7385.316666666458, 7436.3166666665065, 7496.88809523794, 7532.763095237939, 7567.540873015747, 7582.840873015773], "recall_sums": [5842, 7809, 8735, 9374, 9831, 10137, 10561, 10848, 11161, 11314]}, {"name": "fos", "num_cur": 90106, "num_top": 283, "num_top_5": 959, "num_top_10": 1542, "ndcg_sums": [520.3443712397884, 660.4447709046854, 784.8803639068184, 844.3467392364925, 903.6124854856538, 931.5467255830108, 965.9120258743502, 991.6204590146425, 1025.559363205101, 1057.0076453682968], "map_sums": [1018.3007482024428, 1293.4246381050348, 1585.8696776465533, 1735.2166284136536, 1856.6519092277165, 1927.696786425893, 1995.3144606916671, 2028.573166295486, 2075.534418925083, 2103.850407283771], "mrr_sums": [283.0, 381.0, 436.99999999999886, 480.99999999999864, 508.19999999999743, 524.8666666666652, 543.4380952380953, 556.938095238095, 570.6047619047604, 582.8047619047621], "recall_sums": [283, 479, 647, 823, 959, 1059, 1189, 1297, 1420, 1542]}, {"name": "bow+fosboost", "num_cur": 170000, "num_top": 21734, "num_top_5": 45542, "num_top_10": 56998, "ndcg_sums": [32779.41885424657, 36851.693590021925, 37737.91156691596, 37876.60122812102, 37753.13283398473, 37578.449933362994, 37363.56347519901, 37194.694608379476, 37026.14612294138, 36882.49085892163], "map_sums": [53452.81071977572, 58264.035847748564, 59646.34619486087, 59900.81231463385, 59693.17914644484, 59255.214346415676, 58719.64404634202, 58207.20301856712, 57660.548199729354, 57126.605637384535], "mrr_sums": [21734.0, 26588.0, 28607.333333331124, 29742.58333333097, 30442.783333332754, 30928.616666667276, 31284.759523811856, 31569.884523811837, 31789.217857143743, 31968.51785714269], "recall_sums": [21734, 31442, 37500, 42041, 45542, 48457, 50950, 53231, 55205, 56998]}]}