{"data": "items_CSall_1s_5mindoc_5mincont_wPP_3.1_wNP_both.csv", "num_contexts": 1835797, "num_test_set_items": 490018, "models": [{"name": "bow", "num_cur": 460000, "num_top": 52482, "num_top_5": 112828, "num_top_10": 142077, "ndcg_sums": [82809.47439611828, 93553.26375579264, 96110.94614825984, 96629.15248311295, 96443.57929031125, 96017.30324934759, 95459.61711550428, 94973.09943451328, 94488.54388706373, 94064.7623497415], "map_sums": [125699.0, 145917.5, 151839.74999998743, 153546.36111113735, 153552.31527781396, 152794.61305556292, 151688.73067462438, 150478.87649095478, 149169.69075683688, 147862.95606454706], "mrr_sums": [52482.0, 64625.0, 69783.33333334402, 72644.08333334076, 74472.48333332477, 75719.48333332164, 76627.9119047436, 77349.66190474281, 77913.9952380686, 78369.49523806888], "recall_sums": [52482, 76768, 92243, 103686, 112828, 120310, 126669, 132443, 137522, 142077]}, {"name": "npmarker", "num_cur": 94162, "num_top": 12786, "num_top_5": 22633, "num_top_10": 25873, "ndcg_sums": [17346.491321729634, 18550.746750747647, 18215.202495808055, 17707.749669316832, 17170.061405427496, 16668.42067351741, 16246.090630473429, 15832.656669546599, 15480.307281387419, 15176.237488517309], "map_sums": [23796.0, 26988.0, 28070.249999997068, 28487.972222221688, 28783.318055555315, 29009.30722222338, 29160.872261906403, 29197.954075965034, 29231.4784438772, 29284.928025950314], "mrr_sums": [12786.0, 15133.5, 15957.500000000678, 16354.500000000675, 16572.90000000096, 16701.733333334152, 16813.304761905532, 16891.55476190554, 16957.11031746114, 17004.11031746121], "recall_sums": [12786, 17481, 19953, 21541, 22633, 23406, 24187, 24813, 25403, 25873]}, {"name": "fos", "num_cur": 241518, "num_top": 501, "num_top_5": 2018, "num_top_10": 3483, "ndcg_sums": [1214.6899679688609, 1522.5718783347565, 1840.423268620759, 2025.9259484759496, 2164.672422265804, 2259.986776501563, 2343.9211460680267, 2432.546763954244, 2518.837737266377, 2601.1720653929556], "map_sums": [2224.0, 3081.0, 3925.1666666668443, 4331.000000000129, 4650.081944444374, 4859.310277777734, 5035.624444444302, 5136.6470238095335, 5267.615314626003, 5350.256858465773], "mrr_sums": [501.0, 715.0, 839.6666666666715, 929.9166666666725, 1000.7166666666818, 1053.2166666666737, 1096.9309523809547, 1129.3059523809552, 1162.5281746031717, 1191.128174603171], "recall_sums": [501, 929, 1303, 1664, 2018, 2333, 2639, 2898, 3197, 3483]}, {"name": "bow+fosboost", "num_cur": 460000, "num_top": 52519, "num_top_5": 112852, "num_top_10": 142093, "ndcg_sums": [82888.72417947999, 93619.91824073294, 96174.0640401281, 96674.09889188074, 96486.3783495667, 96057.62325114895, 95493.48063428752, 95008.82007979597, 94520.52433223928, 94095.41697904949], "map_sums": [125838.0, 146043.5, 151947.33333332094, 153643.75000002614, 153639.77083336972, 152881.26222222942, 151770.55253970387, 150547.3646825649, 149243.03190337878, 147925.618586908], "mrr_sums": [52519.0, 64663.0, 69824.33333334392, 72679.33333334066, 74507.53333332468, 75756.03333332167, 76663.46190474361, 77385.58690474271, 77948.364682513, 78403.96468251335], "recall_sums": [52519, 76807, 92291, 103711, 112852, 120343, 126695, 132472, 137537, 142093]}]}