{"data": "items_CSall_1s_5mindoc_5mincont_wPP_3.1_wNP_both.csv", "num_contexts": 1835797, "num_test_set_items": 490018, "models": [{"name": "bow", "num_cur": 350000, "num_top": 44358, "num_top_5": 94507, "num_top_10": 118613, "ndcg_sums": [67814.49982352977, 76453.2813463725, 78395.53927049004, 78738.99613142105, 78545.52362878916, 78183.95356508163, 77728.4200192164, 77327.24327253937, 76935.83725402078, 76595.00774528497], "map_sums": [10132.792668502438, 11658.924634375155, 12051.535076403763, 12113.83056666413, 12053.923868608294, 11942.497179487016, 11819.173584472648, 11689.610372065854, 11552.506355220843, 11422.942560849491], "mrr_sums": [44358.0, 54533.0, 58793.33333334429, 61167.58333334528, 62671.78333333691, 63702.11666666428, 64456.83095237473, 65051.080952374585, 65514.63650792501, 65886.13650792044], "recall_sums": [44358, 64708, 77489, 86986, 94507, 100689, 105972, 110726, 114898, 118613]}, {"name": "npmarker", "num_cur": 72978, "num_top": 11039, "num_top_5": 19601, "num_top_10": 22369, "ndcg_sums": [14752.838800238542, 15804.267372100536, 15486.531900002483, 15052.149963947573, 14595.649029090646, 14154.53325514549, 13802.23790388102, 13455.7950791826, 13154.293500910504, 12887.713828972497], "map_sums": [1680.0752258406646, 1854.5697407627226, 1908.6739506756803, 1925.0698312472477, 1934.0383599498155, 1940.4500137151626, 1943.1806704705034, 1943.4899117652353, 1944.064808581315, 1946.4402710429538], "mrr_sums": [11039.0, 13090.5, 13795.833333333796, 14150.083333333792, 14335.283333334037, 14440.450000000596, 14538.45000000054, 14608.700000000537, 14667.4777777784, 14703.477777778502], "recall_sums": [11039, 15142, 17258, 18675, 19601, 20232, 20918, 21480, 22009, 22369]}, {"name": "fos", "num_cur": 186665, "num_top": 438, "num_top_5": 1673, "num_top_10": 2807, "ndcg_sums": [1043.166014627107, 1290.2895855643706, 1516.7544029280562, 1668.65218240145, 1772.7672591794174, 1843.548041844231, 1910.9116891724668, 1969.1316209564982, 2039.7928871480433, 2106.4494973255555], "map_sums": [283.8671941831234, 384.96886953462854, 436.37461969647717, 473.59788358925266, 499.97197379886995, 514.4418584000716, 529.2767588961714, 538.3501839157603, 548.1975895142899, 553.6188768540295], "mrr_sums": [438.0, 612.5, 711.5000000000019, 789.250000000003, 844.8500000000088, 885.1833333333378, 919.4690476190501, 944.2190476190498, 970.3301587301568, 992.2301587301607], "recall_sums": [438, 787, 1084, 1395, 1673, 1915, 2155, 2353, 2588, 2807]}, {"name": "bow+fosboost", "num_cur": 350000, "num_top": 44391, "num_top_5": 94533, "num_top_10": 118629, "ndcg_sums": [67876.08055933328, 76509.43846731524, 78448.7790216845, 78776.1875724167, 78582.5007945204, 78217.7607668948, 77755.88191767778, 77356.85268343851, 76963.12382601322, 76620.84953749302], "map_sums": [10133.080078495886, 11662.793654773397, 12055.954580941632, 12116.303331938108, 12055.242548083845, 11944.593436193136, 11821.178469437795, 11690.054880808577, 11553.941867435291, 11421.830197215673], "mrr_sums": [44391.0, 54571.0, 58832.00000001098, 61200.50000001194, 62705.50000000357, 63736.66666666428, 64489.95238094618, 65084.952380946015, 65547.28571427421, 65918.78571426967], "recall_sums": [44391, 64751, 77534, 87008, 94533, 100720, 105993, 110753, 114914, 118629]}]}