{"data": "items_CSall_1s_5mindoc_5mincont_wPP_3.1_wNP_both.csv", "num_contexts": 1835797, "num_test_set_items": 490018, "models": [{"name": "bow", "num_cur": 310000, "num_top": 39489, "num_top_5": 83954, "num_top_10": 105298, "ndcg_sums": [59983.45863902407, 67611.7714829864, 69295.18444756807, 69573.52169383813, 69397.98060565308, 69064.87262410148, 68666.09017316504, 68318.48728310279, 67973.69265975789, 67684.25106837103], "map_sums": [88967.0, 103111.5, 107184.99999995019, 108311.999999997, 108253.68749996333, 107700.70055552364, 106881.58797615943, 105981.74744329028, 105052.63258784259, 104121.11936868537], "mrr_sums": [39489.0, 48539.5, 52294.83333334062, 54401.58333334161, 55735.78333333571, 56642.116666664886, 57312.259523805136, 57838.50952380499, 58249.398412689516, 58580.098412686144], "recall_sums": [39489, 57590, 68856, 77283, 83954, 89392, 94083, 98293, 101991, 105298]}, {"name": "npmarker", "num_cur": 64805, "num_top": 9941, "num_top_5": 17617, "num_top_10": 20192, "ndcg_sums": [13241.867878552328, 14207.671049727314, 13899.075863277274, 13500.284066747137, 13090.504637296794, 12699.621246517901, 12391.727078756, 12090.146054097111, 11825.05924328093, 11591.004763847262], "map_sums": [17910.0, 20249.5, 21034.66666666614, 21312.611111111084, 21517.8972222229, 21666.254722222868, 21765.213174603803, 21782.726916100437, 21804.67963010188, 21837.86001055034], "mrr_sums": [9941.0, 11817.5, 12430.16666666696, 12744.416666666957, 12910.01666666713, 13006.516666667054, 13098.230952381295, 13164.855952381293, 13219.967063492482, 13252.467063492571], "recall_sums": [9941, 13694, 15532, 16789, 17617, 18196, 18838, 19371, 19867, 20192]}, {"name": "fos", "num_cur": 165357, "num_top": 392, "num_top_5": 1522, "num_top_10": 2560, "ndcg_sums": [937.1050480830065, 1167.7096446805401, 1350.170454414562, 1488.6420005173538, 1583.2571411917406, 1644.002089845781, 1705.0705313548954, 1748.1933469508954, 1813.0597441618681, 1874.0233358233775], "map_sums": [1708.0, 2362.5, 2873.083333333349, 3152.722222222254, 3367.595833333325, 3507.8419444443884, 3622.7943253968374, 3695.033849206355, 3789.292913832303, 3836.5030612245178], "mrr_sums": [392.0, 555.0, 643.6666666666674, 713.9166666666684, 765.3166666666733, 801.4833333333366, 833.197619047621, 856.1976190476206, 880.6420634920613, 900.1420634920647], "recall_sums": [392, 718, 984, 1265, 1522, 1739, 1961, 2145, 2365, 2560]}, {"name": "bow+fosboost", "num_cur": 310000, "num_top": 39518, "num_top_5": 83978, "num_top_10": 105314, "ndcg_sums": [60036.897239203885, 67660.26585051563, 69342.10577082432, 69604.98501447625, 69430.06513764989, 69094.01640636828, 68689.66750446621, 68344.3700723362, 67997.11439517804, 67706.98743406116], "map_sums": [89055.0, 103193.0, 107257.91666661669, 108373.97222221912, 108311.10277774106, 107759.43388885682, 106938.05015869916, 106030.67753399342, 105101.28961023512, 104160.89112054369], "mrr_sums": [39518.0, 48572.5, 52329.16666667398, 54429.41666667494, 55765.41666666903, 56672.083333331546, 57340.79761904325, 57868.422619043085, 58277.9781745943, 58608.77817459092], "recall_sums": [39518, 57627, 68897, 77298, 83978, 89418, 94099, 98320, 102006, 105314]}]}