{"data": "items_CSall_1s_5mindoc_5mincont_wPP_3.1_wNP_both.csv", "num_contexts": 1835797, "num_test_set_items": 490018, "models": [{"name": "bow", "num_cur": 490000, "num_top": 55227, "num_top_5": 118641, "num_top_10": 149403, "ndcg_sums": [87292.9287173839, 98662.45097771514, 101362.82244439945, 101915.39635809694, 101739.83328608391, 101298.67401316517, 100716.10121282874, 100212.70799872906, 99699.36584911005, 99250.51007221805], "map_sums": [132641.0, 154172.0, 160478.16666668502, 162283.75000003865, 162296.56944451408, 161511.43888891663, 160346.23103179288, 159062.06400798328, 157680.12273532272, 156297.24137368778], "mrr_sums": [55227.0, 68000.0, 73422.33333334018, 76418.08333333692, 78341.68333331954, 79652.01666665159, 80605.87380950146, 81366.37380950067, 81960.92936504824, 82439.72936504988], "recall_sums": [55227, 80773, 97040, 109023, 118641, 126503, 133180, 139264, 144615, 149403]}, {"name": "npmarker", "num_cur": 100304, "num_top": 13680, "num_top_5": 24039, "num_top_10": 27591, "ndcg_sums": [18467.894567472595, 19712.280543376764, 19362.66695494284, 18825.11123117463, 18243.777986590852, 17731.631830083956, 17271.903430523842, 16828.37819613427, 16450.915334925998, 16120.05382928218], "map_sums": [25239.0, 28637.5, 29811.583333329814, 30298.472222221586, 30620.209722221858, 30863.023055556998, 31025.89317460517, 31073.80134353899, 31112.730904194785, 31170.255015273833], "mrr_sums": [13680.0, 16140.0, 17005.000000000688, 17424.500000000528, 17657.700000000863, 17819.20000000096, 17935.48571428668, 18017.610714286686, 18087.05515873112, 18135.755158731165], "recall_sums": [13680, 18600, 21195, 22873, 24039, 25008, 25822, 26479, 27104, 27591]}, {"name": "fos", "num_cur": 256785, "num_top": 513, "num_top_5": 2072, "num_top_10": 3590, "ndcg_sums": [1255.2707037726052, 1588.212438746467, 1920.6963667834777, 2113.878852605414, 2266.0863961631258, 2364.0729764949947, 2454.936209032479, 2546.0000250076405, 2639.243082042451, 2722.6904228523454], "map_sums": [2305.0, 3231.5, 4121.833333333522, 4558.000000000087, 4913.623611110963, 5133.0324999999075, 5326.582539682322, 5438.013452380887, 5571.326227324377, 5658.554798752979], "mrr_sums": [513.0, 730.5, 859.8333333333387, 952.5833333333397, 1025.583333333349, 1079.5833333333405, 1125.8690476190495, 1159.36904761905, 1193.4801587301552, 1222.9801587301536], "recall_sums": [513, 948, 1336, 1707, 2072, 2396, 2720, 2988, 3295, 3590]}, {"name": "bow+fosboost", "num_cur": 490000, "num_top": 55267, "num_top_5": 118667, "num_top_10": 149421, "ndcg_sums": [87376.42114143271, 98733.49566889755, 101428.94137961244, 101963.71634657207, 101785.36724614422, 101341.51753394518, 100752.24092828414, 100250.50237613908, 99733.422011541, 99283.34197772405], "map_sums": [132786.0, 154305.0, 160592.16666668517, 162386.94444448294, 162389.95138895867, 161603.16305558305, 160433.33543655474, 159135.98219959316, 157758.02881241994, 156364.599398694], "mrr_sums": [55267.0, 68040.5, 73465.16666667342, 76456.41666667016, 78379.2166666528, 79690.8833333183, 80643.74047616815, 81404.61547616725, 81997.72658727043, 82476.62658727214], "recall_sums": [55267, 80814, 97088, 109053, 118667, 126537, 133207, 139294, 144632, 149421]}]}