{"data": "items_CSall_1s_5mindoc_5mincont_wPP_3.1_wNP_both.csv", "num_contexts": 1835797, "num_test_set_items": 490018, "models": [{"name": "bow", "num_cur": 400000, "num_top": 49043, "num_top_5": 105619, "num_top_10": 132795, "ndcg_sums": [76121.79742645276, 86004.82726127707, 88311.79741733131, 88752.59331705225, 88567.44483239925, 88172.54964458095, 87661.2300614684, 87195.64180767746, 86741.75552185849, 86348.60111369686], "map_sums": [11146.589530762563, 12837.960343579434, 13275.644799802285, 13345.95195736435, 13283.815827603812, 13158.51501768235, 13022.475159992633, 12880.663378415573, 12729.9779997043, 12587.773710097272], "mrr_sums": [49043.0, 60469.5, 65298.83333334843, 67975.08333334555, 69681.08333333133, 70843.08333332573, 71692.51190474855, 72361.13690474776, 72883.24801585195, 73304.24801585021], "recall_sums": [49043, 71896, 86384, 97089, 105619, 112591, 118537, 123886, 128585, 132795]}, {"name": "npmarker", "num_cur": 83161, "num_top": 12217, "num_top_5": 21747, "num_top_10": 24824, "ndcg_sums": [16393.929562971927, 17560.50258684865, 17226.416996514818, 16725.48564266588, 16213.115175695964, 15732.074484755884, 15331.890528759037, 14938.977448701035, 14598.837907647829, 14304.760684199686], "map_sums": [1810.6029419551783, 2007.9693643932276, 2067.524079708609, 2086.073600140005, 2095.8397111045597, 2102.3459277474235, 2105.7994915555823, 2106.237418442828, 2106.8796999958827, 2109.614420376004], "mrr_sums": [12217.0, 14500.0, 15294.000000000624, 15675.00000000062, 15886.60000000096, 16005.26666666747, 16113.266666667396, 16189.266666667394, 16252.044444445264, 16295.644444445394], "recall_sums": [12217, 16783, 19165, 20689, 21747, 22459, 23215, 23823, 24388, 24824]}, {"name": "fos", "num_cur": 212184, "num_top": 457, "num_top_5": 1836, "num_top_10": 3116, "ndcg_sums": [1114.3569234861184, 1398.2055503256004, 1691.8212459345327, 1857.6842455943593, 1975.4546972075752, 2056.3500170789257, 2136.2315116947366, 2221.2547895941752, 2298.0685017831597, 2368.401809107949], "map_sums": [299.49221209103484, 409.5494854844723, 467.8967722221069, 507.8388847571087, 536.6640890985469, 552.9602048579369, 569.098002270027, 580.2702699083762, 590.4350735713759, 596.2057775356137], "mrr_sums": [457.0, 653.0, 763.6666666666699, 845.916666666671, 911.116666666679, 957.6166666666733, 997.0452380952415, 1026.795238095241, 1054.6841269841254, 1078.2841269841292], "recall_sums": [457, 849, 1181, 1510, 1836, 2115, 2391, 2629, 2880, 3116]}, {"name": "bow+fosboost", "num_cur": 400000, "num_top": 49083, "num_top_5": 105643, "num_top_10": 132810, "ndcg_sums": [76192.86344363049, 86064.7716752147, 88370.2969871896, 88794.21164225898, 88607.05951969547, 88209.20171109858, 87692.26186197599, 87228.60103740604, 86771.54406137684, 86376.74919029944], "map_sums": [11146.90471531258, 12841.424323929567, 13279.727947941221, 13348.424557160455, 13284.868476807667, 13160.461650427913, 13024.136219857572, 12880.844233724714, 12731.238259356569, 12586.53818443565], "mrr_sums": [49083.0, 60508.0, 65341.00000001514, 68011.5000000121, 69717.29999999791, 70880.46666665908, 71728.89523808188, 72398.27023808098, 72918.71468251855, 73339.71468251689], "recall_sums": [49083, 71933, 86432, 97114, 105643, 112622, 118561, 123916, 128600, 132810]}]}