{"data": "items_CSall_1s_5mindoc_5mincont_wPP_3.1_wNP_both.csv", "num_contexts": 1835797, "num_test_set_items": 490018, "models": [{"name": "bow", "num_cur": 230000, "num_top": 29489, "num_top_5": 62319, "num_top_10": 77827, "ndcg_sums": [44464.477134010245, 50049.99860418143, 51313.34795044332, 51528.48557710087, 51436.84078894596, 51210.21898550128, 50932.59496530022, 50690.10884789447, 50454.80686556913, 50252.93002880392], "map_sums": [65643.0, 76152.5, 79177.99999999753, 80012.94444445196, 79992.05555554092, 79573.28444442528, 78983.5062698222, 78343.87492062044, 77681.17141296314, 77005.60903374538], "mrr_sums": [29489.0, 36161.0, 38933.33333333347, 40481.833333334456, 41476.833333333496, 42132.666666666315, 42622.95238095204, 43007.702380951894, 43305.257936504735, 43543.757936502705], "recall_sums": [29489, 42833, 51150, 57344, 62319, 66254, 69686, 72764, 75442, 77827]}, {"name": "npmarker", "num_cur": 47575, "num_top": 7607, "num_top_5": 13043, "num_top_10": 14908, "ndcg_sums": [10011.923943138807, 10603.13375214115, 10357.745235965422, 10057.47838778035, 9771.204673722812, 9487.426676811192, 9277.199136057494, 9049.246093587306, 8848.199918422199, 8674.109197598065], "map_sums": [13413.0, 15041.0, 15599.666666667594, 15775.638888888954, 15918.75972222326, 16031.312500000435, 16097.830079365307, 16117.543588435554, 16139.233774093242, 16162.736075050801], "mrr_sums": [7607.0, 8926.0, 9367.999999999984, 9583.74999999998, 9705.549999999994, 9770.2166666667, 9845.216666666685, 9889.466666666684, 9932.688888888963, 9953.58888888901], "recall_sums": [7607, 10245, 11571, 12434, 13043, 13431, 13956, 14310, 14699, 14908]}, {"name": "fos", "num_cur": 122065, "num_top": 338, "num_top_5": 1265, "num_top_10": 2083, "ndcg_sums": [664.8145007123794, 856.9942678655541, 1023.9005585861485, 1117.3042929508465, 1196.1865207890962, 1238.4836943209193, 1287.8693064233744, 1325.3048672677448, 1373.287763734055, 1418.3662734100376], "map_sums": [1127.0, 1617.0, 2047.1666666666365, 2280.583333333327, 2445.7013888889105, 2550.6888888889057, 2634.2244047619256, 2688.4149603174765, 2753.8016638322465, 2797.127847694639], "mrr_sums": [338.0, 471.0, 543.6666666666656, 602.1666666666666, 643.9666666666693, 670.8000000000014, 696.37142857143, 715.7464285714296, 734.8575396825382, 749.9575396825406], "recall_sums": [338, 604, 822, 1056, 1265, 1426, 1605, 1760, 1932, 2083]}, {"name": "bow+fosboost", "num_cur": 230000, "num_top": 29520, "num_top_5": 62334, "num_top_10": 77840, "ndcg_sums": [44511.217249380294, 50086.37194276694, 51349.926131620174, 51553.059341532564, 51460.938568718055, 51232.833450642625, 50950.963730170646, 50710.158978475585, 50473.796132949596, 50270.642754969624], "map_sums": [65712.0, 76217.0, 79235.41666666404, 80059.72222222968, 80033.75833331869, 79615.91583331411, 79026.1259920444, 78380.64659862503, 77717.63714567295, 77035.62750848717], "mrr_sums": [29520.0, 36186.5, 38962.500000000175, 40505.000000001135, 41501.600000000166, 42158.09999999966, 42647.3857142854, 43033.010714285236, 43329.78849206031, 43568.38849205828], "recall_sums": [29520, 42853, 51181, 57351, 62334, 66273, 69698, 72783, 75454, 77840]}]}