{"data": "items_CSall_1s_5mindoc_5mincont_wPP_3.1_wNP_both.csv", "num_contexts": 1835797, "num_test_set_items": 490018, "models": [{"name": "bow", "num_cur": 60000, "num_top": 7518, "num_top_5": 16548, "num_top_10": 20595, "ndcg_sums": [11317.995221212259, 12863.448353513017, 13152.11638077779, 13203.398485684525, 13138.4746996822, 13051.35462166846, 12954.292627510966, 12864.723666385253, 12778.47878831738, 12714.330997629288], "map_sums": [16692.0, 19645.5, 20455.083333332994, 20716.138888888505, 20735.3277777788, 20646.341111112215, 20483.141269842727, 20319.337675737916, 20138.35092828859, 19947.7476089698], "mrr_sums": [7518.0, 9426.0, 10168.333333333389, 10597.833333333438, 10851.633333333733, 11026.800000000332, 11150.228571428794, 11249.2285714288, 11325.78412698447, 11390.884126984636], "recall_sums": [7518, 11334, 13561, 15279, 16548, 17599, 18463, 19255, 19944, 20595]}, {"name": "npmarker", "num_cur": 12644, "num_top": 2311, "num_top_5": 3653, "num_top_10": 4211, "ndcg_sums": [2929.420848622907, 2998.742448801332, 2882.7453640654317, 2767.3671209155254, 2676.4659470146844, 2587.2596040177355, 2519.037339358273, 2453.992469841939, 2405.6047615628727, 2357.79935298611], "map_sums": [3804.0, 4247.5, 4372.750000000064, 4429.055555555559, 4482.2583333332905, 4523.804444444382, 4545.688174603153, 4554.391638322008, 4565.6597548186, 4574.639035178898], "mrr_sums": [2311.0, 2641.5, 2739.1666666666674, 2793.1666666666697, 2827.566666666663, 2844.73333333333, 2863.590476190483, 2873.590476190483, 2895.5904761904912, 2900.090476190488], "recall_sums": [2311, 2972, 3265, 3481, 3653, 3756, 3888, 3968, 4166, 4211]}, {"name": "fos", "num_cur": 31884, "num_top": 114, "num_top_5": 340, "num_top_10": 545, "ndcg_sums": [205.9554108468281, 249.64913896238437, 284.63896922015175, 304.6141137092172, 323.4146866689956, 331.01047018619937, 342.1155987611207, 352.5664010020706, 362.73837174659064, 374.58509776949404], "map_sums": [336.0, 476.0, 570.3333333333339, 615.0833333333346, 648.4555555555517, 673.0222222222179, 694.9275396825374, 705.3767460317443, 719.2900396825371, 725.2864342403627], "mrr_sums": [114.0, 144.0, 162.00000000000003, 178.75000000000009, 187.75, 192.9166666666666, 199.05952380952363, 203.9345238095236, 209.49007936507928, 213.69007936507916], "recall_sums": [114, 174, 228, 295, 340, 371, 414, 453, 503, 545]}, {"name": "bow+fosboost", "num_cur": 60000, "num_top": 7531, "num_top_5": 16550, "num_top_10": 20598, "ndcg_sums": [11331.823648337002, 12872.400072279266, 13161.672098372112, 13207.96825677256, 13143.793447242733, 13056.74871008219, 12958.898120813765, 12869.586470525892, 12782.942137733538, 12718.299180968774], "map_sums": [16707.0, 19659.0, 20469.49999999965, 20727.555555555165, 20743.663888889907, 20656.52277777887, 20491.821190477644, 20326.47727891252, 20145.851048753448, 19953.44428083299], "mrr_sums": [7531.0, 9433.0, 10178.333333333392, 10605.083333333436, 10859.483333333728, 11035.483333333665, 11158.340476190695, 11257.715476190699, 11333.826587301926, 11399.02658730209], "recall_sums": [7531, 11335, 13571, 15278, 16550, 17606, 18466, 19261, 19946, 20598]}]}