{"data": "items_CSall_1s_5mindoc_5mincont_wPP_3.1_wNP_both.csv", "num_contexts": 1835797, "num_test_set_items": 490018, "models": [{"name": "bow", "num_cur": 270000, "num_top": 34248, "num_top_5": 73035, "num_top_10": 91445, "ndcg_sums": [51970.54147964607, 58668.423167242836, 60168.74793235079, 60441.406582387215, 60312.54794905969, 60043.82172601219, 59707.562675394955, 59424.505508958486, 59137.5787618802, 58899.18645565694], "map_sums": [7967.685515268832, 9178.867058250591, 9490.970356858737, 9544.076171485456, 9498.007562779214, 9409.438803634557, 9316.25660898757, 9214.12052341444, 9108.219855489004, 9003.783032607533], "mrr_sums": [34248.0, 42151.5, 45416.16666667038, 47258.41666667137, 48421.81666666796, 49201.983333332304, 49779.98333333104, 50236.85833333089, 50590.63611110514, 50875.03611110244], "recall_sums": [34248, 50055, 59849, 67218, 73035, 77716, 81762, 85417, 88601, 91445]}, {"name": "npmarker", "num_cur": 56127, "num_top": 8783, "num_top_5": 15219, "num_top_10": 17497, "ndcg_sums": [11642.730434624727, 12388.59658393498, 12097.408129948688, 11746.931862430381, 11398.313024101075, 11061.671284107111, 10804.318813474662, 10541.587464749415, 10310.250462059426, 10111.433763750574], "map_sums": [1349.2178835875109, 1483.594744414827, 1524.82844920875, 1536.9575870020162, 1543.9874544648537, 1548.3501622889528, 1550.718656507405, 1550.3078529448828, 1550.8635302317457, 1552.6505135092984], "mrr_sums": [8783.0, 10345.5, 10864.833333333458, 11127.083333333454, 11267.883333333537, 11350.05000000018, 11434.192857143005, 11491.567857143003, 11541.790079365295, 11570.29007936537], "recall_sums": [8783, 11908, 13466, 14515, 15219, 15712, 16301, 16760, 17212, 17497]}, {"name": "fos", "num_cur": 143780, "num_top": 367, "num_top_5": 1392, "num_top_10": 2317, "ndcg_sums": [851.629867976533, 1055.1882217451955, 1225.6760585567615, 1349.2573889448588, 1430.6897417916293, 1480.3632491586288, 1536.3775711612293, 1574.5008817244752, 1630.6900325730276, 1683.1362814539193], "map_sums": [236.08425558584506, 321.63766669349275, 362.22526826456584, 393.1530103920396, 413.91547802661285, 424.4639406726299, 436.78097938306877, 444.1183559743662, 451.82012157303643, 456.5541071859772], "mrr_sums": [367.0, 515.5, 595.1666666666664, 660.4166666666674, 706.016666666671, 737.0166666666688, 766.4452380952393, 787.070238095239, 809.292460317458, 826.0924603174608], "recall_sums": [367, 664, 903, 1164, 1392, 1578, 1784, 1949, 2149, 2317]}, {"name": "bow+fosboost", "num_cur": 270000, "num_top": 34278, "num_top_5": 73053, "num_top_10": 91460, "ndcg_sums": [52019.595303515074, 58709.18213570544, 60210.68979728928, 60468.588093942606, 60340.0175108765, 60069.65343724234, 59727.76897235687, 59446.89579998867, 59158.55892077105, 58919.26698459954], "map_sums": [7968.063057210996, 9181.789407443197, 9494.60051220399, 9545.494077130117, 9498.701988368704, 9411.259620803849, 9317.84493310437, 9214.423969717403, 9108.96929618132, 9002.358919655913], "mrr_sums": [34278.0, 42180.0, 45448.000000003754, 47283.250000004715, 48448.45000000129, 49229.616666665635, 49806.188095235826, 50263.93809523566, 50616.93809523214, 50901.43809522944], "recall_sums": [34278, 50082, 59886, 67227, 73053, 77740, 81776, 85438, 88615, 91460]}]}