{"data": "items_CSall_1s_5mindoc_5mincont_wPP_3.1_wNP_both.csv", "num_contexts": 1835797, "num_test_set_items": 490018, "models": [{"name": "bow", "num_cur": 240000, "num_top": 30615, "num_top_5": 65141, "num_top_10": 81385, "ndcg_sums": [46304.16710197323, 52254.64381305603, 53575.24962198699, 53788.25888783519, 53671.36904736641, 53423.32756350746, 53118.0764759047, 52854.21527030647, 52600.372956353276, 52387.59697013244], "map_sums": [7091.905049063997, 8176.323180847192, 8458.34689530871, 8509.736318810325, 8471.355722081345, 8391.291869065317, 8308.376485568246, 8219.260303956096, 8126.487220269094, 8034.45090542229], "mrr_sums": [30615.0, 37681.5, 40583.50000000108, 42207.00000000207, 43245.60000000047, 43933.26666666616, 44445.98095238013, 44846.355952379985, 45158.68928571039, 45410.18928570817], "recall_sums": [30615, 44748, 53454, 59948, 65141, 69267, 72856, 76059, 78870, 81385]}, {"name": "npmarker", "num_cur": 49776, "num_top": 7960, "num_top_5": 13693, "num_top_10": 15661, "ndcg_sums": [10485.87430335182, 11138.21041226943, 10869.315846113539, 10548.08557430757, 10237.590888361918, 9934.617176634354, 9707.810731835387, 9470.984707945614, 9259.207728940515, 9078.0431033801], "map_sums": [1224.0018138642395, 1342.0505961952422, 1380.915729492066, 1391.8866712317474, 1398.5243985508373, 1402.4024301706127, 1404.2895853585608, 1403.6932137794975, 1404.5715254524357, 1406.3807619428094], "mrr_sums": [7960.0, 9369.5, 9831.166666666686, 10056.916666666682, 10182.116666666709, 10251.950000000063, 10329.807142857186, 10377.557142857184, 10421.44603174613, 10444.146031746184], "recall_sums": [7960, 10779, 12164, 13067, 13693, 14112, 14657, 15039, 15434, 15661]}, {"name": "fos", "num_cur": 127331, "num_top": 342, "num_top_5": 1293, "num_top_10": 2141, "ndcg_sums": [677.9271990845878, 877.4358873298502, 1050.2548391959504, 1149.012165960743, 1231.3300198416682, 1275.9760795494306, 1330.0517510082357, 1368.4931877301083, 1422.3587345208227, 1470.086736846649], "map_sums": [207.6606663601678, 285.31571788934355, 322.80903159585034, 352.0706631753803, 371.1953235709746, 381.30722088955537, 392.421972730374, 399.74851840120726, 406.887124904668, 412.11586927176205], "mrr_sums": [342.0, 478.0, 552.3333333333325, 612.8333333333335, 655.6333333333364, 682.9666666666684, 709.5380952380967, 729.0380952380964, 749.5936507936491, 765.2936507936516], "recall_sums": [342, 614, 837, 1079, 1293, 1457, 1643, 1799, 1984, 2141]}, {"name": "bow+fosboost", "num_cur": 240000, "num_top": 30646, "num_top_5": 65157, "num_top_10": 81398, "ndcg_sums": [46351.73564446802, 52290.67352304105, 53612.45443913645, 53812.92641691825, 53696.100232957106, 53446.35360693486, 53136.74032475616, 52874.67632715468, 52619.76546216626, 52405.68833332285], "map_sums": [7092.384382667227, 8179.123645579457, 8461.346134613867, 8510.867285778151, 8471.8201484457, 8392.591247630797, 8309.660388723783, 8219.444959937176, 8127.1438584639645, 8032.990275670495], "mrr_sums": [30646.0, 37706.0, 40612.333333334456, 42229.83333333542, 43270.23333333381, 43958.39999999951, 44470.25714285635, 44871.507142856186, 45183.06269840882, 45434.562698406604], "recall_sums": [30646, 44766, 53485, 59955, 65157, 69286, 72869, 76079, 78883, 81398]}]}