{"data": "items_CSall_1s_5mindoc_5mincont_wPP_3.1_wNP_both.csv", "num_contexts": 1835797, "num_test_set_items": 490018, "models": [{"name": "bow", "num_cur": 220000, "num_top": 28154, "num_top_5": 59497, "num_top_10": 74324, "ndcg_sums": [42533.83803132262, 47864.5298408697, 49073.001632064406, 49274.9875024874, 49193.04502499991, 48984.953420615835, 48729.47495519147, 48506.95213184356, 48293.63388715777, 48109.686008926226], "map_sums": [6575.078577271131, 7578.2572664744175, 7834.9542786757165, 7881.7373546609315, 7845.23855202341, 7772.240176966833, 7695.943858418742, 7615.782823818585, 7531.096236205269, 7446.544358626684], "mrr_sums": [28154.0, 34525.0, 37177.33333333259, 38647.58333333358, 39600.18333333324, 40228.016666666466, 40697.73095238106, 41064.480952380916, 41349.369841267275, 41576.769841265406], "recall_sums": [28154, 40896, 48853, 54734, 59497, 63264, 66552, 69486, 72050, 74324]}, {"name": "npmarker", "num_cur": 45531, "num_top": 7286, "num_top_5": 12537, "num_top_10": 14338, "ndcg_sums": [9609.738084913633, 10179.092925051165, 9946.399726361286, 9659.377749665256, 9388.04524170209, 9118.64227147469, 8920.087079174731, 8696.325287565267, 8500.133597770691, 8334.177743719029], "map_sums": [1127.52790897982, 1237.6312030780862, 1273.8676809795738, 1283.74219122857, 1289.700758882443, 1293.1006103729515, 1294.9091138402978, 1295.5294862406263, 1296.2549231816552, 1297.8487440593353], "mrr_sums": [7286.0, 8561.5, 8988.499999999956, 9196.499999999953, 9313.89999999995, 9376.399999999998, 9449.828571428558, 9491.078571428556, 9533.411904761944, 9553.511904761988], "recall_sums": [7286, 9837, 11118, 11950, 12537, 12912, 13426, 13756, 14137, 14338]}, {"name": "fos", "num_cur": 116837, "num_top": 330, "num_top_5": 1226, "num_top_10": 2011, "ndcg_sums": [635.689609031351, 824.6010024128826, 990.3158354153952, 1080.7084526991612, 1157.8644956215467, 1198.625318657385, 1246.3830970925026, 1281.1308159369562, 1326.4969271462098, 1371.3965193265615], "map_sums": [199.3810273319223, 273.86334284970195, 308.86001966771113, 335.70837804677143, 353.5287304362183, 362.3949806797935, 372.4831753860929, 378.8499946501622, 385.13724291932067, 389.9215918244685], "mrr_sums": [330.0, 459.5, 529.4999999999986, 586.4999999999997, 626.3000000000019, 652.1333333333342, 676.4190476190488, 694.9190476190485, 713.0301587301573, 727.9301587301596], "recall_sums": [330, 589, 799, 1027, 1226, 1381, 1551, 1699, 1862, 2011]}, {"name": "bow+fosboost", "num_cur": 220000, "num_top": 28184, "num_top_5": 59511, "num_top_10": 74337, "ndcg_sums": [42580.40657381741, 47899.361712057056, 49107.10174842024, 49298.109577068826, 49215.988946613616, 49006.23464547882, 48747.40628654588, 48526.23800067233, 48311.7020799501, 48126.68235886132], "map_sums": [6575.615450134442, 7581.2358840089655, 7837.755420592088, 7882.665788326925, 7845.609407903319, 7773.49554476081, 7697.1195176042975, 7616.0364402906425, 7531.75708038173, 7445.563695101558], "mrr_sums": [28184.0, 34549.0, 37204.666666665966, 38669.416666666926, 39623.616666666574, 40251.783333333144, 40720.926190476326, 41088.55119047616, 41372.44007936253, 41600.14007936066], "recall_sums": [28184, 40914, 48881, 54740, 59511, 63280, 66564, 69505, 72060, 74337]}]}