{"data": "items_CSall_1s_5mindoc_5mincont_wPP_3.1_wNP_both.csv", "num_contexts": 1835797, "num_test_set_items": 490018, "models": [{"name": "bow", "num_cur": 370000, "num_top": 46219, "num_top_5": 99112, "num_top_10": 124516, "ndcg_sums": [71264.42304877992, 80443.93310474952, 82587.53780301556, 83012.21919505367, 82845.79037393954, 82490.3813916563, 82025.11962178983, 81603.65730564938, 81189.28112896498, 80832.24697948698], "map_sums": [106684.0, 123499.0, 128294.58333324733, 129605.97222221452, 129504.01527772644, 128818.6755555135, 127830.89551583269, 126753.99688206178, 125621.49957479954, 124506.27006486249], "mrr_sums": [46219.0, 56891.0, 61404.66666667947, 63919.41666668046, 65509.21666667084, 66600.38333332996, 67395.95476189641, 68019.32976189563, 68507.10753966698, 68898.2075396635], "recall_sums": [46219, 67563, 81104, 91163, 99112, 105659, 111228, 116215, 120605, 124516]}, {"name": "npmarker", "num_cur": 77045, "num_top": 11502, "num_top_5": 20395, "num_top_10": 23275, "ndcg_sums": [15405.548611805529, 16496.577347285624, 16181.817883292233, 15724.504907766315, 15248.086704133353, 14794.22758155706, 14425.018937213175, 14060.499374642346, 13742.288207122496, 13464.69748061938], "map_sums": [20926.0, 23672.5, 24594.083333331702, 24941.777777777585, 25188.47083333361, 25379.178333334283, 25501.271230159917, 25527.622284581525, 25555.003898809337, 25594.772214348377], "mrr_sums": [11502.0, 13623.0, 14363.666666667194, 14732.66666666719, 14923.266666667454, 15030.933333334004, 15134.219047619652, 15206.96904761965, 15266.635714286404, 15305.835714286517], "recall_sums": [11502, 15744, 17966, 19442, 20395, 21041, 21764, 22346, 22883, 23275]}, {"name": "fos", "num_cur": 196876, "num_top": 444, "num_top_5": 1732, "num_top_10": 2928, "ndcg_sums": [1065.7345571220312, 1328.9454913492077, 1605.2467623585328, 1759.6317328237606, 1870.65868722177, 1943.6247579829912, 2014.5055070339292, 2092.144572806023, 2162.647920390877, 2228.804874371903], "map_sums": [1945.0, 2699.0, 3438.0000000001237, 3759.000000000135, 4022.2430555555966, 4193.711666666653, 4336.35662698408, 4410.767936508025, 4522.41178288001, 4581.304682539812], "mrr_sums": [444.0, 626.0, 729.6666666666691, 808.9166666666702, 868.1166666666768, 910.4500000000054, 947.735714285717, 974.2357142857167, 1001.2357142857123, 1023.8357142857164], "recall_sums": [444, 808, 1119, 1436, 1732, 1986, 2247, 2459, 2702, 2928]}, {"name": "bow+fosboost", "num_cur": 370000, "num_top": 46258, "num_top_5": 99136, "num_top_10": 124532, "ndcg_sums": [71332.4179981458, 80501.40720342977, 82644.62065610208, 83051.08237336394, 82883.97667869666, 82525.9629952561, 82054.61709879401, 81635.3083344405, 81218.104838844, 80859.32333180345], "map_sums": [106793.0, 123601.0, 128382.83333324718, 129683.94444443664, 129574.27777772635, 128889.49277773556, 127899.27162694385, 126811.83770405737, 125681.88231431223, 124556.86169483866], "mrr_sums": [46258.0, 56929.5, 61446.83333334618, 63954.58333334714, 65544.98333333751, 66637.31666666329, 67431.74523808688, 68055.87023808598, 68542.20357141293, 68933.30357140953], "recall_sums": [46258, 67601, 81153, 91184, 99136, 105690, 111251, 116244, 120621, 124532]}]}