{"data": "items_CSall_1s_5mindoc_5mincont_wPP_3.1_wNP_both.csv", "num_contexts": 1835797, "num_test_set_items": 490018, "models": [{"name": "bow", "num_cur": 100000, "num_top": 12879, "num_top_5": 27174, "num_top_10": 33890, "ndcg_sums": [19615.769378439196, 22163.75801442842, 22750.23665443965, 22860.899391860476, 22784.963259753444, 22657.20604546332, 22507.215607629347, 22378.36184076023, 22238.57044781888, 22121.785798758683], "map_sums": [2566.775639175604, 2978.4024888924077, 3085.0077575528526, 3107.7692934609936, 3094.1442265873657, 3067.8119531360185, 3036.483126360884, 3004.7559585956415, 2969.8252473314196, 2935.8147596520703], "mrr_sums": [12879.0, 15806.5, 17030.500000000677, 17712.250000000528, 18120.450000001245, 18407.450000000994, 18610.16428571532, 18780.039285715306, 18906.817063493007, 19014.317063493], "recall_sums": [12879, 18734, 22406, 25133, 27174, 28896, 30315, 31674, 32815, 33890]}, {"name": "npmarker", "num_cur": 21836, "num_top": 3829, "num_top_5": 6316, "num_top_10": 7369, "ndcg_sums": [5048.444727626325, 5321.401803890473, 5184.67848704569, 5050.477329652379, 4922.833925862187, 4782.202896765314, 4691.903318902685, 4569.678182133993, 4462.855172430513, 4378.3870212388065], "map_sums": [460.6724784365825, 508.4882877280519, 523.183542687639, 526.5713852748803, 530.1792810126855, 532.7157773107518, 533.5571040937434, 533.8033136603993, 534.0223287492361, 534.6542908917249], "mrr_sums": [3829.0, 4450.5, 4628.166666666652, 4729.1666666666415, 4790.566666666605, 4821.233333333283, 4867.947619047599, 4891.697619047597, 4917.919841269834, 4929.519841269846], "recall_sums": [3829, 5072, 5605, 6009, 6316, 6500, 6827, 7017, 7253, 7369]}, {"name": "fos", "num_cur": 52187, "num_top": 161, "num_top_5": 506, "num_top_10": 802, "ndcg_sums": [291.8914857099001, 372.7720822519627, 461.23026638138157, 491.7532871357143, 528.5830425457987, 539.5237325216511, 554.6594642069076, 568.7880742102747, 585.1118568884641, 602.1887410943551], "map_sums": [82.82997857225914, 113.5134293217904, 127.78003366326676, 136.53304439220756, 143.23632489183436, 145.72514327402783, 149.62559514681533, 152.36021981544883, 154.90385264868863, 157.38611682676836], "mrr_sums": [161.0, 210.5, 237.50000000000028, 260.0000000000003, 274.9999999999998, 281.8333333333329, 291.40476190476153, 298.4047619047615, 306.1825396825392, 312.3825396825391], "recall_sums": [161, 260, 341, 431, 506, 547, 614, 670, 740, 802]}, {"name": "bow+fosboost", "num_cur": 100000, "num_top": 12893, "num_top_5": 27180, "num_top_10": 33895, "ndcg_sums": [19635.982581874792, 22177.487973461044, 22764.4989274841, 22869.300177325575, 22794.248681934456, 22666.212797156695, 22514.535458803166, 22386.017754961544, 22245.666474116813, 22127.895707137934], "map_sums": [2564.889672684177, 2978.3229982467137, 3085.5821469816738, 3107.2142322133627, 3093.1684231579015, 3067.3175661151354, 3035.6198653189176, 3003.683372914156, 2968.8056064637617, 2934.4995967963646], "mrr_sums": [12893.0, 15814.5, 17042.50000000067, 17721.250000000517, 18130.25000000124, 18417.916666667654, 18619.916666667694, 18790.291666667676, 18916.402777778716, 19024.102777778706], "recall_sums": [12893, 18736, 22420, 25135, 27180, 28906, 30320, 31683, 32818, 33895]}]}