{"data": "items_CSall_1s_5mindoc_5mincont_wPP_3.1_wNP_both.csv", "num_contexts": 1835797, "num_test_set_items": 490018, "models": [{"name": "bow", "num_cur": 290000, "num_top": 36559, "num_top_5": 78070, "num_top_10": 97982, "ndcg_sums": [55638.50510996919, 62793.839516050706, 64395.518317059956, 64698.879636387246, 64575.9468947689, 64299.297772177866, 63952.59154789346, 63653.74771044715, 63349.12327211956, 63095.89412378605], "map_sums": [91137.22907448678, 99290.87771749994, 101740.39474728788, 102194.3960424388, 101818.62707215943, 101092.02214386055, 100194.04967249985, 99272.11102294907, 98331.13261777136, 97418.01636993121], "mrr_sums": [36559.0, 44984.5, 48479.83333333873, 50455.08333333972, 51709.68333333498, 52556.51666666502, 53181.80238094878, 53673.30238094863, 54056.524603166894, 54363.82460316386], "recall_sums": [36559, 53410, 63896, 71797, 78070, 83151, 87528, 91460, 94909, 97982]}, {"name": "npmarker", "num_cur": 60333, "num_top": 9218, "num_top_5": 16252, "num_top_10": 18677, "ndcg_sums": [12285.665642936141, 13144.559902997367, 12870.994554454006, 12513.40468004661, 12145.275866790304, 11789.116443364817, 11513.509152035316, 11237.754006911575, 10994.542174339913, 10782.757209164089], "map_sums": [18066.438880081307, 19221.237631997665, 19712.807460596876, 19883.757103462012, 20033.337258685035, 20144.469169749704, 20218.507886570627, 20218.759971010208, 20231.23740738757, 20252.397427505253], "mrr_sums": [9218.0, 10920.0, 11491.333333333552, 11778.833333333549, 11932.033333333677, 12020.200000000297, 12107.914285714545, 12170.789285714543, 12223.233730159061, 12253.933730159144], "recall_sums": [9218, 12622, 14336, 15486, 16252, 16781, 17395, 17898, 18370, 18677]}, {"name": "fos", "num_cur": 154624, "num_top": 380, "num_top_5": 1458, "num_top_10": 2437, "ndcg_sums": [892.3821766555311, 1107.5885106688575, 1287.2474175382333, 1418.6926929814215, 1505.4240952758087, 1559.890312311478, 1617.8519429689154, 1657.3206538857632, 1717.5438123102647, 1772.0241310872982], "map_sums": [1861.5234423455015, 2337.5026255985217, 2788.058633174538, 3030.9802773519564, 3221.2511563571034, 3341.3979279761784, 3443.5108817074974, 3501.514523498163, 3588.8591042387434, 3629.233270086956], "mrr_sums": [380.0, 534.5, 620.8333333333338, 688.5833333333348, 736.3833333333389, 770.2166666666694, 800.5023809523826, 822.5023809523823, 846.2801587301565, 863.6801587301594], "recall_sums": [380, 689, 948, 1219, 1458, 1661, 1873, 2049, 2263, 2437]}, {"name": "bow+fosboost", "num_cur": 290000, "num_top": 36587, "num_top_5": 78091, "num_top_10": 97997, "ndcg_sums": [55687.630001650046, 62836.034075496354, 64439.35722219978, 64727.35021463758, 64605.12696857787, 64325.89950231218, 63973.742041219426, 63677.12168352141, 63370.62529175712, 63116.41162366988], "map_sums": [91215.91534576842, 99366.1240100737, 101810.41642182853, 102246.99009682596, 101873.53784708683, 101144.58488369436, 100244.29225542762, 99317.64188933391, 98375.5601001438, 97453.85542473404], "mrr_sums": [36587.0, 45013.0, 48511.6666666721, 50480.41666667306, 51736.61666666831, 52584.116666665024, 53207.830952377386, 53700.58095237722, 54082.692063484385, 54390.09206348135], "recall_sums": [36587, 53439, 63935, 71810, 78091, 83176, 87542, 91484, 94923, 97997]}]}