{"data": "items_CSall_1s_5mindoc_5mincont_wPP_3.1_wNP_both.csv", "num_contexts": 1835797, "num_test_set_items": 490018, "models": [{"name": "bow", "num_cur": 40000, "num_top": 5523, "num_top_5": 10794, "num_top_10": 13334, "ndcg_sums": [7672.768388716897, 8374.289073210317, 8436.041521509616, 8397.724647413419, 8325.272482194265, 8254.588825214974, 8188.010039025497, 8133.9471493143365, 8081.180980407627, 8047.575011980874], "map_sums": [10713.0, 12495.5, 12999.083333334105, 13169.750000000135, 13197.305555556533, 13142.918611111578, 13043.754007936735, 12934.543707483192, 12819.53806689371, 12699.930154006423], "mrr_sums": [5523.0, 6627.5, 7072.166666666455, 7319.666666666448, 7467.266666666365, 7569.933333333131, 7648.219047618776, 7712.719047618774, 7760.607936507721, 7803.507936507798], "recall_sums": [5523, 7732, 9066, 10056, 10794, 11410, 11958, 12474, 12905, 13334]}, {"name": "npmarker", "num_cur": 8363, "num_top": 1721, "num_top_5": 2530, "num_top_10": 2900, "ndcg_sums": [2094.206419698163, 2075.46783704833, 1993.1079931255135, 1896.2547876330532, 1827.17476937283, 1764.230140249523, 1713.7719335304976, 1667.3418430860577, 1634.3428617292357, 1599.6336685971964], "map_sums": [2622.0, 2885.5, 2961.333333333372, 2995.4722222222263, 3023.3874999999944, 3039.685277777762, 3052.41916666667, 3058.5214739229086, 3065.7566723356126, 3069.8922187578805], "mrr_sums": [1721.0, 1907.0, 1978.9999999999916, 2005.7499999999916, 2028.549999999995, 2042.5499999999981, 2052.5499999999965, 2057.7999999999965, 2073.3555555555486, 2076.7555555555464], "recall_sums": [1721, 2093, 2309, 2416, 2530, 2614, 2684, 2726, 2866, 2900]}, {"name": "fos", "num_cur": 21436, "num_top": 90, "num_top_5": 258, "num_top_10": 415, "ndcg_sums": [139.29141392239814, 158.23769958956655, 175.52342824693463, 191.81910372821918, 202.4540902937695, 210.08407463167183, 220.4932983906394, 227.13102016021244, 235.64829259460885, 243.0223741276584], "map_sums": [209.0, 272.0, 322.6666666666671, 357.33333333333326, 378.2888888888878, 397.76111111111015, 413.0984126984121, 414.99920634920613, 424.1632936507927, 429.69412698412685], "mrr_sums": [90.0, 112.5, 125.83333333333327, 138.5833333333333, 144.98333333333335, 148.8166666666667, 153.53095238095233, 156.7809523809523, 161.6698412698413, 164.76984126984124], "recall_sums": [90, 135, 175, 226, 258, 281, 314, 340, 384, 415]}, {"name": "bow+fosboost", "num_cur": 40000, "num_top": 5532, "num_top_5": 10796, "num_top_10": 13337, "ndcg_sums": [7681.354175154521, 8379.927878464303, 8442.933902436413, 8400.642843002737, 8328.666023116866, 8257.738275441598, 8190.968704452595, 8136.40708531185, 8083.639359353614, 8050.08214977985], "map_sums": [10721.0, 12501.0, 13008.33333333411, 13177.05555555569, 13202.668055556538, 13149.558055556025, 13049.007857143088, 12938.97152494352, 12823.71773242659, 12703.408373488668], "mrr_sums": [5532.0, 6633.0, 7079.999999999786, 7324.999999999779, 7473.199999999696, 7576.199999999793, 7654.199999999727, 7718.699999999725, 7766.366666666449, 7809.5666666665265], "recall_sums": [5532, 7734, 9075, 10055, 10796, 11414, 11960, 12476, 12905, 13337]}]}