{"data": "items_CSall_1s_5mindoc_5mincont_wPP_3.1_wNP_both.csv", "num_contexts": 1835797, "num_test_set_items": 490018, "models": [{"name": "bow", "num_cur": 470000, "num_top": 53183, "num_top_5": 114364, "num_top_10": 144088, "ndcg_sums": [84219.19380133283, 95193.81009866513, 97834.1708024338, 98384.43759864247, 98210.77166027765, 97789.20148604465, 97224.5057386375, 96736.85842163804, 96243.45014942122, 95809.15976220602], "map_sums": [140308.3115628657, 153795.36625995155, 157875.14447302354, 158737.6929721511, 158236.34830397237, 157144.02618127133, 155769.71395549548, 154390.5485525733, 152915.6364388424, 151488.8411370816], "mrr_sums": [53183.0, 65468.0, 70704.33333334289, 73605.33333333963, 75464.93333332318, 76733.93333332069, 77653.93333331391, 78388.30833331312, 78962.30833330544, 79425.20833330615], "recall_sums": [53183, 77753, 93462, 105066, 114364, 121978, 128418, 134293, 139459, 144088]}, {"name": "npmarker", "num_cur": 96271, "num_top": 13033, "num_top_5": 23050, "num_top_10": 26507, "ndcg_sums": [17677.990888453794, 18895.57980429659, 18564.094333617526, 18061.268594353332, 17514.623995911308, 17029.800264205627, 16595.814307020195, 16174.198192625025, 15815.68420309993, 15502.380779106945], "map_sums": [26183.45974400224, 28154.03618166944, 28970.658228146975, 29312.94639342427, 29558.795941314394, 29752.044806267888, 29884.632787916158, 29908.456411883373, 29940.454271649756, 29980.91486169101], "mrr_sums": [13033.0, 15410.5, 16253.16666666738, 16653.666666667275, 16880.066666667586, 17037.23333333432, 17150.519047620004, 17229.76904762001, 17297.88015873113, 17345.280158731195], "recall_sums": [13033, 17788, 20316, 21918, 23050, 23993, 24786, 25420, 26033, 26507]}, {"name": "fos", "num_cur": 246499, "num_top": 501, "num_top_5": 2021, "num_top_10": 3491, "ndcg_sums": [1224.2168799034423, 1533.8543474994751, 1860.1281801965715, 2048.2297011564415, 2187.9992360828046, 2282.957009346686, 2371.797178831172, 2460.576869058958, 2547.8074252086935, 2630.3389763048567], "map_sums": [2570.7926371893977, 3260.9029629663423, 4075.1736607738676, 4463.86978770041, 4777.3907989322925, 4973.06706759882, 5152.469929196884, 5250.676967227676, 5384.676764449118, 5464.572681794741], "mrr_sums": [501.0, 715.0, 839.6666666666715, 930.1666666666725, 1001.3666666666819, 1053.8666666666738, 1098.1523809523833, 1130.6523809523837, 1163.8746031746002, 1192.4746031745995], "recall_sums": [501, 929, 1303, 1665, 2021, 2336, 2646, 2906, 3205, 3491]}, {"name": "bow+fosboost", "num_cur": 470000, "num_top": 53222, "num_top_5": 114389, "num_top_10": 144106, "ndcg_sums": [84300.85779825691, 95261.66183955158, 97898.36914457552, 98430.43226743508, 98254.82477357799, 97830.30004358721, 97259.2527516276, 96773.37355661558, 96276.3302632765, 95840.97218566749], "map_sums": [140452.25378068633, 153927.91678659656, 157988.7541981284, 158833.7060699219, 158329.10799108015, 157230.4002342657, 155852.34978046117, 154462.03338186894, 152990.90124984767, 151553.6818257309], "mrr_sums": [53222.0, 65507.0, 70746.33333334279, 73641.83333333953, 75501.23333332309, 76771.56666665405, 77690.56666664725, 78425.31666664635, 78997.87222219427, 79460.97222219507], "recall_sums": [53222, 77792, 93510, 105092, 114389, 122011, 128444, 134322, 139475, 144106]}]}