{"data": "items_CSall_1s_5mindoc_5mincont_wPP_3.1_wNP_both.csv", "num_contexts": 1835797, "num_test_set_items": 490018, "models": [{"name": "bow", "num_cur": 150000, "num_top": 19080, "num_top_5": 40246, "num_top_10": 50304, "ndcg_sums": [28827.273549768586, 32477.040392429564, 33266.31893136644, 33391.264106026334, 33262.575420451954, 33091.6167346197, 32892.65030238668, 32728.946871021446, 32563.645048365895, 32429.12644800153], "map_sums": [4386.966360332158, 5070.46279690967, 5245.036152393428, 5278.1621084048675, 5256.73211656749, 5209.5324102628965, 5158.659778299761, 5109.891030114552, 5052.855660528545, 4997.12776197032], "mrr_sums": [19080.0, 23419.0, 25220.999999998574, 26229.999999998425, 26839.199999999873, 27267.20000000065, 27578.771428573305, 27828.52142857329, 28020.632539683374, 28178.83253968263], "recall_sums": [19080, 27758, 33164, 37200, 40246, 42814, 44995, 46993, 48722, 50304]}, {"name": "npmarker", "num_cur": 31490, "num_top": 5256, "num_top_5": 8720, "num_top_10": 10068, "ndcg_sums": [6868.533398318619, 7221.44239837688, 7034.812920775607, 6827.179597521935, 6629.982686323446, 6435.613814096225, 6296.585661771035, 6137.72645089979, 5999.35643245059, 5886.518671397372], "map_sums": [758.9384963285765, 835.9133978549087, 859.0668917702404, 865.7393938409663, 869.4622297840426, 872.9514715012266, 873.8513186825786, 874.3773632860244, 875.3306326388895, 876.3423878438347], "mrr_sums": [5256.0, 6106.5, 6378.833333333233, 6514.583333333222, 6595.183333333168, 6637.1833333332, 6693.754761904641, 6727.004761904639, 6759.44920634911, 6773.649206349131], "recall_sums": [5256, 6957, 7774, 8317, 8720, 8972, 9368, 9634, 9926, 10068]}, {"name": "fos", "num_cur": 79191, "num_top": 258, "num_top_5": 848, "num_top_10": 1348, "ndcg_sums": [461.37885912519374, 593.8382984501305, 707.792269345482, 754.4691266182222, 805.7898098642202, 826.0123252966982, 855.3637132724912, 878.4751239726626, 907.2466172051364, 934.4388002051886], "map_sums": [141.65127287335835, 194.45187209177408, 217.02101168082956, 232.44910774340855, 242.9552977394311, 247.04302119485357, 253.47780741943362, 257.5094716050484, 261.7444861185936, 264.42990519985653], "mrr_sums": [258.0, 348.5, 398.1666666666659, 435.16666666666566, 457.56666666666473, 470.7333333333319, 486.73333333333306, 498.608333333333, 510.4972222222209, 521.1972222222221], "recall_sums": [258, 439, 588, 736, 848, 927, 1039, 1134, 1241, 1348]}, {"name": "bow+fosboost", "num_cur": 150000, "num_top": 19102, "num_top_5": 40255, "num_top_10": 50316, "ndcg_sums": [28855.07253964181, 32501.316454412, 33288.0129521432, 33405.504584621085, 33276.73829064488, 33105.534958183285, 32903.80601094998, 32741.226401548563, 32574.49740650035, 32440.20467298119], "map_sums": [4384.588704374202, 5071.7292300310055, 5246.238968433282, 5278.016568389798, 5255.972920014413, 5209.678978748786, 5158.351109466863, 5109.040178119576, 5052.03700029538, 4995.283157003476], "mrr_sums": [19102.0, 23436.5, 25240.16666666524, 26245.66666666509, 26855.866666666545, 27284.700000000652, 27595.557142859023, 27845.807142859005, 28036.9182539691, 28195.918253968342], "recall_sums": [19102, 27771, 33182, 37204, 40255, 42828, 45004, 47006, 48726, 50316]}]}