{"data": "items_CSall_1s_5mindoc_5mincont_wPP_3.1_wNP_both.csv", "num_contexts": 1835797, "num_test_set_items": 490018, "models": [{"name": "bow", "num_cur": 410000, "num_top": 49924, "num_top_5": 107408, "num_top_10": 135145, "ndcg_sums": [77603.40709188882, 87650.72733347245, 89986.86747524068, 90438.84972840716, 90254.22564291024, 89854.01449042052, 89327.80818357087, 88857.26938758037, 88394.18185994138, 87991.03738956145], "map_sums": [128092.14825612238, 139887.7657601714, 143362.20470175488, 144016.180823625, 143479.6894986938, 142448.10489237861, 141153.2625718922, 139873.2392326923, 138515.6527456673, 137205.94962772282], "mrr_sums": [49924.0, 61518.0, 66423.3333333477, 69148.58333334445, 70884.3833333298, 72069.21666665819, 72935.5023809379, 73619.75238093712, 74152.53015870781, 74582.03015870658], "recall_sums": [49924, 73112, 87828, 98729, 107408, 114517, 120581, 126055, 130850, 135145]}, {"name": "npmarker", "num_cur": 85055, "num_top": 12403, "num_top_5": 22017, "num_top_10": 25119, "ndcg_sums": [16652.831149949634, 17820.23503528087, 17483.81285750144, 16979.49454373789, 16458.640733440196, 15969.384595938183, 15561.34219295383, 15161.355346590728, 14816.492663456076, 14518.606148759844], "map_sums": [24501.607135701448, 26274.769309016316, 26986.8509470104, 27256.455588487774, 27471.08997855128, 27636.13235422448, 27747.828408189827, 27762.18996414029, 27791.84089839074, 27826.123405232855], "mrr_sums": [12403.0, 14704.0, 15506.333333333972, 15891.083333333969, 16104.283333334315, 16224.783333334151, 16333.06904761979, 16409.31904761979, 16472.87460317542, 16516.774603175534], "recall_sums": [12403, 17005, 19412, 20951, 22017, 22740, 23498, 24108, 24680, 25119]}, {"name": "fos", "num_cur": 217219, "num_top": 468, "num_top_5": 1865, "num_top_10": 3186, "ndcg_sums": [1134.4696218583267, 1420.512268235576, 1720.1563705773297, 1891.1439340856793, 2013.9792524020486, 2097.16248849287, 2180.3670404187965, 2266.608672959342, 2345.2867277419023, 2417.015280996765], "map_sums": [2382.1746219879974, 3012.2832558176465, 3759.4186182310905, 4104.681804394809, 4380.870289489658, 4555.62449578203, 4716.229314512539, 4801.658519647994, 4923.611983882776, 4990.493603067078], "mrr_sums": [468.0, 666.5, 778.5000000000034, 861.7500000000044, 927.9500000000127, 976.2833333333399, 1017.4261904761935, 1048.1761904761938, 1076.7317460317447, 1100.7317460317481], "recall_sums": [468, 865, 1201, 1534, 1865, 2155, 2443, 2689, 2946, 3186]}, {"name": "bow+fosboost", "num_cur": 410000, "num_top": 49964, "num_top_5": 107432, "num_top_10": 135160, "ndcg_sums": [77675.30153619128, 87711.32853094782, 90045.93119718586, 90480.75444658942, 90294.19000110832, 89890.91434720544, 89359.09875456954, 88890.62414931747, 88424.29182340186, 88019.44277601705], "map_sums": [128209.48908169825, 140001.35271015856, 143459.5691929936, 144095.9961468347, 143556.86402942214, 142520.36852814074, 141223.01453882377, 139933.680603352, 138578.8452588608, 137258.93264971], "mrr_sums": [49964.0, 61556.5, 66465.50000001426, 69185.000000011, 70920.59999999637, 72106.59999999154, 72972.02857141409, 73656.90357141319, 74188.01468251727, 74617.5146825161], "recall_sums": [49964, 73149, 87876, 98754, 107432, 114548, 120606, 126085, 130865, 135160]}]}