{"data": "items_CSall_1s_5mindoc_5mincont_wPP_3.1_wNP_both.csv", "num_contexts": 1835797, "num_test_set_items": 490018, "models": [{"name": "bow", "num_cur": 350000, "num_top": 44358, "num_top_5": 94507, "num_top_10": 118613, "ndcg_sums": [67814.49982352977, 76453.2813463725, 78395.53927049004, 78738.99613142105, 78545.52362878916, 78183.95356508163, 77728.4200192164, 77327.24327253937, 76935.83725402078, 76595.00774528497], "map_sums": [100987.0, 116886.5, 121445.66666659346, 122671.80555554932, 122571.4652777315, 121922.45833329506, 120982.48126980387, 119957.91370179063, 118889.22361391637, 117835.74527382538], "mrr_sums": [44358.0, 54533.0, 58793.33333334429, 61167.58333334528, 62671.78333333691, 63702.11666666428, 64456.83095237473, 65051.080952374585, 65514.63650792501, 65886.13650792044], "recall_sums": [44358, 64708, 77489, 86986, 94507, 100689, 105972, 110726, 114898, 118613]}, {"name": "npmarker", "num_cur": 72978, "num_top": 11039, "num_top_5": 19601, "num_top_10": 22369, "ndcg_sums": [14752.838800238542, 15804.267372100536, 15486.531900002483, 15052.149963947573, 14595.649029090646, 14154.53325514549, 13802.23790388102, 13455.7950791826, 13154.293500910504, 12887.713828972497], "map_sums": [20005.0, 22628.0, 23499.249999998738, 23820.66666666658, 24056.004166667142, 24230.42027777862, 24346.156746032746, 24367.813140590493, 24390.17375850322, 24427.836556122198], "mrr_sums": [11039.0, 13090.5, 13795.833333333796, 14150.083333333792, 14335.283333334037, 14440.450000000596, 14538.45000000054, 14608.700000000537, 14667.4777777784, 14703.477777778502], "recall_sums": [11039, 15142, 17258, 18675, 19601, 20232, 20918, 21480, 22009, 22369]}, {"name": "fos", "num_cur": 186665, "num_top": 438, "num_top_5": 1673, "num_top_10": 2807, "ndcg_sums": [1043.166014627107, 1290.2895855643706, 1516.7544029280562, 1668.65218240145, 1772.7672591794174, 1843.548041844231, 1910.9116891724668, 1969.1316209564982, 2039.7928871480433, 2106.4494973255555], "map_sums": [1899.0, 2616.0, 3235.500000000068, 3539.388888888971, 3781.2472222222323, 3944.3463888888487, 4077.5226190476783, 4150.354642857195, 4257.222219387901, 4312.197724867794], "mrr_sums": [438.0, 612.5, 711.5000000000019, 789.250000000003, 844.8500000000088, 885.1833333333378, 919.4690476190501, 944.2190476190498, 970.3301587301568, 992.2301587301607], "recall_sums": [438, 787, 1084, 1395, 1673, 1915, 2155, 2353, 2588, 2807]}, {"name": "bow+fosboost", "num_cur": 350000, "num_top": 44391, "num_top_5": 94533, "num_top_10": 118629, "ndcg_sums": [67876.08055933328, 76509.43846731524, 78448.7790216845, 78776.1875724167, 78582.5007945204, 78217.7607668948, 77755.88191767778, 77356.85268343851, 76963.12382601322, 76620.84953749302], "map_sums": [101089.0, 116983.0, 121529.58333325999, 122744.9722222159, 122637.64722217589, 121989.0930555171, 121047.12527774044, 120012.45663829873, 118945.97313347452, 117882.33816372226], "mrr_sums": [44391.0, 54571.0, 58832.00000001098, 61200.50000001194, 62705.50000000357, 63736.66666666428, 64489.95238094618, 65084.952380946015, 65547.28571427421, 65918.78571426967], "recall_sums": [44391, 64751, 77534, 87008, 94533, 100720, 105993, 110753, 114914, 118629]}]}