{"data": "items_CSall_1s_5mindoc_5mincont_wPP_3.1_wNP_both.csv", "num_contexts": 1835797, "num_test_set_items": 490018, "models": [{"name": "bow", "num_cur": 330000, "num_top": 41970, "num_top_5": 89258, "num_top_10": 112015, "ndcg_sums": [63821.00805578483, 71915.23818614997, 73733.03662521119, 74044.43275106333, 73860.25962820018, 73514.66618452939, 73090.79303971906, 72722.49202051372, 72368.57288087992, 72062.33984961952], "map_sums": [104398.78568881394, 113659.69307750682, 116438.83952894417, 116938.55964703516, 116464.24733439546, 115621.93976855304, 114555.39823017066, 113482.18687565108, 112380.59506704655, 111324.88629323457], "mrr_sums": [41970.0, 51584.0, 55594.333333342474, 57831.333333343464, 59247.533333336374, 60215.53333333132, 60926.819047613826, 61487.06904761368, 61926.846825386674, 62279.84682538298], "recall_sums": [41970, 61198, 73229, 82177, 89258, 95066, 100045, 104527, 108485, 112015]}, {"name": "npmarker", "num_cur": 68960, "num_top": 10431, "num_top_5": 18586, "num_top_10": 21255, "ndcg_sums": [13931.104602053902, 14949.380044601876, 14652.951237460516, 14244.046252636415, 13817.103952997442, 13401.251196448502, 13075.553582247145, 12752.194600730923, 12469.21592181195, 12220.571021727834], "map_sums": [20488.482306135225, 21899.221075391477, 22481.96356903422, 22688.466117304448, 22863.098966249046, 22987.44271096344, 23082.18481015202, 23088.25481126781, 23106.709201258014, 23131.293941647793], "mrr_sums": [10431.0, 12387.0, 13056.000000000397, 13393.750000000393, 13570.750000000608, 13671.91666666718, 13766.91666666713, 13835.291666667128, 13891.625000000542, 13925.925000000638], "recall_sums": [10431, 14343, 16350, 17701, 18586, 19193, 19858, 20405, 20912, 21255]}, {"name": "fos", "num_cur": 176231, "num_top": 417, "num_top_5": 1590, "num_top_10": 2679, "ndcg_sums": [1008.0827535064213, 1246.518251532147, 1435.4004477615701, 1583.2181108389332, 1680.5923476219095, 1747.2092206905345, 1812.9593404766867, 1858.6908924372779, 1925.397137209528, 1989.1980820165948], "map_sums": [2117.7405201239035, 2653.2411540210323, 3138.5736749056064, 3413.02420967256, 3625.103867587193, 3769.958936926147, 3889.071189672662, 3962.5487565729622, 4059.3407495455585, 4107.543295638756], "mrr_sums": [417.0, 585.0, 679.0000000000014, 751.5000000000024, 804.5000000000076, 842.6666666666705, 876.0952380952401, 899.9702380952398, 925.4146825396803, 946.0146825396839], "recall_sums": [417, 753, 1035, 1325, 1590, 1819, 2053, 2244, 2473, 2679]}, {"name": "bow+fosboost", "num_cur": 330000, "num_top": 42002, "num_top_5": 89283, "num_top_10": 112031, "ndcg_sums": [63881.174578025966, 71968.03054249653, 73784.29079546634, 74079.75289411015, 73895.6657094385, 73546.73915444654, 73116.95896563056, 72751.16282031446, 72394.69245084887, 72087.36578201708], "map_sums": [104499.22359588361, 113755.42776224038, 116521.93328580928, 117004.24834965466, 116530.68852943929, 115684.28431624478, 114616.045077941, 113536.33992655802, 112435.55985358241, 111369.9656340038], "mrr_sums": [42002.0, 51620.0, 55632.00000000917, 57862.50000001013, 59279.900000003036, 60248.56666666465, 60958.28095237576, 61519.78095237559, 61958.22539681527, 62311.22539681158], "recall_sums": [42002, 61238, 73274, 82196, 89283, 95095, 100063, 104555, 108501, 112031]}]}