{"data": "items_CSall_1s_5mindoc_5mincont_wPP_3.1_wNP_both.csv", "num_contexts": 1835797, "num_test_set_items": 490018, "models": [{"name": "bow", "num_cur": 250000, "num_top": 31811, "num_top_5": 67678, "num_top_10": 84641, "ndcg_sums": [48144.68340502048, 54323.824962956845, 55679.77950954182, 55895.6904601316, 55769.445212638864, 55507.172131987434, 55188.060549160386, 54916.14382156031, 54648.31787577452, 54422.56146702138], "map_sums": [7343.358130686011, 8468.971970802655, 8759.625291806999, 8811.194281858463, 8769.456211707526, 8685.942635747622, 8600.608071584558, 8507.506639550222, 8411.43962992742, 8315.852055566482], "mrr_sums": [31811.0, 39135.0, 42146.00000000187, 43839.50000000286, 44921.90000000063, 45641.23333333252, 46175.2333333319, 46594.48333333175, 46920.2611111064, 47182.56111110403], "recall_sums": [31811, 46459, 55492, 62266, 67678, 71994, 75732, 79086, 82018, 84641]}, {"name": "npmarker", "num_cur": 51857, "num_top": 8215, "num_top_5": 14173, "num_top_10": 16240, "ndcg_sums": [10831.172859949207, 11519.165360523186, 11242.880611297092, 10915.114749922926, 10594.0216567649, 10283.412842141226, 10048.06241168408, 9801.664616601684, 9585.635420829984, 9399.780738750718], "map_sums": [1263.2095405917146, 1385.8862984017974, 1424.765947732959, 1436.208065932248, 1442.9089691598078, 1446.8998024773496, 1448.8616461086062, 1448.424121464049, 1449.1931008205506, 1451.0685671098067], "mrr_sums": [8215.0, 9680.5, 10157.500000000047, 10394.250000000044, 10524.050000000087, 10599.050000000088, 10677.90714285721, 10727.282142857208, 10773.726587301715, 10798.926587301778], "recall_sums": [8215, 11146, 12577, 13524, 14173, 14623, 15175, 15570, 15988, 16240]}, {"name": "fos", "num_cur": 132891, "num_top": 346, "num_top_5": 1318, "num_top_10": 2188, "ndcg_sums": [696.0104602052734, 899.4626260513609, 1077.1289095721331, 1178.9848504336348, 1264.5853841552998, 1310.4072495876248, 1365.3590532473854, 1404.853392513152, 1460.2500958107278, 1508.7757590978272], "map_sums": [212.4949373076465, 291.51627044364204, 330.8604721218593, 360.87862137935775, 380.4973928776116, 391.0556525655299, 402.44477779109394, 409.93950804982103, 417.03754407209414, 422.3078864719315], "mrr_sums": [346.0, 485.0, 561.9999999999994, 624.0000000000005, 667.0000000000034, 695.5000000000018, 722.5000000000015, 742.3750000000011, 763.3749999999982, 779.5750000000008], "recall_sums": [346, 624, 855, 1103, 1318, 1489, 1678, 1837, 2026, 2188]}, {"name": "bow+fosboost", "num_cur": 250000, "num_top": 31843, "num_top_5": 67695, "num_top_10": 84654, "ndcg_sums": [48195.737228889484, 54362.082076797386, 55719.32069597855, 55921.96310862679, 55795.639186324144, 55531.29722368231, 55207.68880458347, 54937.51997704088, 54668.849064602975, 54441.742351033594], "map_sums": [7344.053672544925, 8471.890539662765, 8762.806488376693, 8812.449927713888, 8770.13488957545, 8687.42802011758, 8602.035982554356, 8507.840320627309, 8412.205206630219, 8314.464959011231], "mrr_sums": [31843.0, 39161.0, 42176.33333333525, 43863.58333333621, 44947.783333333966, 45667.449999999204, 46200.592857141455, 46620.71785714129, 46945.717857138174, 47208.0178571358], "recall_sums": [31843, 46479, 55525, 62274, 67695, 72013, 75745, 79106, 82031, 84654]}]}