{"data": "items_CSall_1s_5mindoc_5mincont_wPP_3.1_wNP_both.csv", "num_contexts": 1835797, "num_test_set_items": 490018, "models": [{"name": "bow", "num_cur": 20000, "num_top": 3518, "num_top_5": 6196, "num_top_10": 7412, "ndcg_sums": [4601.582679167936, 4847.465670644077, 4790.781181391631, 4703.729125996876, 4618.335465955393, 4543.8833916612575, 4480.417461256456, 4432.0514662373835, 4384.456847240974, 4347.610676663519], "map_sums": [6731.367722890822, 7261.432777811394, 7370.040301144842, 7406.976022578922, 7380.905317666473, 7323.800697883387, 7245.293208417177, 7170.0534103033315, 7084.188568281181, 7003.761653737565], "mrr_sums": [3518.0, 4119.5, 4338.166666666661, 4451.666666666653, 4524.666666666639, 4573.66666666664, 4610.380952380932, 4642.8809523809305, 4665.547619047609, 4685.647619047603], "recall_sums": [3518, 4721, 5377, 5831, 6196, 6490, 6747, 7007, 7211, 7412]}, {"name": "npmarker", "num_cur": 4481, "num_top": 1135, "num_top_5": 1570, "num_top_10": 1815, "ndcg_sums": [1344.5920625607912, 1277.6308785884678, 1200.3411755431366, 1132.7359867677878, 1087.3074084875202, 1047.4998767922862, 1015.1355479893539, 985.7223144824269, 967.0104001494747, 944.0520567154911], "map_sums": [1757.3855962016162, 1803.33131816173, 1822.2621810500168, 1827.1528790081943, 1842.323610790912, 1849.5236685312018, 1856.0058299122272, 1857.8296243282152, 1859.874808910725, 1861.9218186245478], "mrr_sums": [1135.0, 1243.5, 1279.833333333333, 1292.833333333333, 1304.2333333333338, 1312.400000000001, 1318.4000000000005, 1321.1500000000005, 1334.7055555555532, 1335.7055555555532], "recall_sums": [1135, 1352, 1461, 1513, 1570, 1619, 1661, 1683, 1805, 1815]}, {"name": "fos", "num_cur": 10755, "num_top": 36, "num_top_5": 127, "num_top_10": 209, "ndcg_sums": [55.46803743153539, 64.49661879041507, 73.19430462014053, 84.97745554313975, 91.69554905238952, 96.77448786570635, 103.2236547783031, 106.149033382211, 110.60637356255855, 114.1784299276054], "map_sums": [97.78767036863556, 119.63834267828167, 138.163672969367, 158.51120214046125, 166.6454428029837, 175.8527866012592, 186.60165844727794, 186.66189801844132, 190.52705380592457, 191.15421253641202], "mrr_sums": [36.0, 44.0, 51.33333333333334, 59.58333333333334, 63.58333333333337, 65.41666666666671, 67.98809523809528, 68.98809523809527, 72.09920634920644, 73.79920634920646], "recall_sums": [36, 52, 74, 107, 127, 138, 156, 164, 192, 209]}, {"name": "bow+fosboost", "num_cur": 20000, "num_top": 3521, "num_top_5": 6196, "num_top_10": 7413, "ndcg_sums": [4605.825319855053, 4850.166773221289, 4794.171844815747, 4705.226482185868, 4620.102822259043, 4545.773715412761, 4482.6388230090715, 4433.4417335259395, 4385.5310545218335, 4348.673428485369], "map_sums": [6736.649942521146, 7265.752625785611, 7377.483954231801, 7411.796140918437, 7384.687883883671, 7328.4202155096555, 7249.357947559705, 7173.036405960703, 7087.808585045721, 7005.946685337919], "mrr_sums": [3521.0, 4121.5, 4340.833333333327, 4453.333333333319, 4526.533333333305, 4576.033333333305, 4612.747619047599, 4644.997619047597, 4667.553174603165, 4687.753174603158], "recall_sums": [3521, 4722, 5380, 5830, 6196, 6493, 6750, 7008, 7211, 7413]}]}