{"data": "items_CSall_1s_5mindoc_5mincont_wPP_3.1_wNP_both.csv", "num_contexts": 1835797, "num_test_set_items": 490018, "models": [{"name": "bow", "num_cur": 480000, "num_top": 53920, "num_top_5": 115952, "num_top_10": 146088, "ndcg_sums": [85410.58607925239, 96551.31126486424, 99217.72249951893, 99771.25910039755, 99598.51568859044, 99173.59097602483, 98605.20708240016, 98114.72298558493, 97617.67103664964, 97179.23669274892], "map_sums": [142401.2108503001, 156066.58919996597, 160225.11574598914, 161104.3433122206, 160612.76354479493, 159516.91494740438, 158131.37492225788, 156738.88867950003, 155251.68358133655, 153812.56592645703], "mrr_sums": [53920.0, 66404.0, 71712.00000000851, 74647.75000000525, 76527.14999998851, 77812.31666665316, 78745.88809521761, 79490.13809521683, 80073.36031743123, 80542.06031743228], "recall_sums": [53920, 78888, 94812, 106555, 115952, 123663, 130198, 136152, 141401, 146088]}, {"name": "npmarker", "num_cur": 98181, "num_top": 13226, "num_top_5": 23424, "num_top_10": 26933, "ndcg_sums": [17929.809214310808, 19171.007609796914, 18838.07489749145, 18334.316600272457, 17779.843222259817, 17290.476151071438, 16849.432998350643, 16421.67218973894, 16059.4491929503, 15740.723886502925], "map_sums": [26565.77808277818, 28578.937052110363, 29422.919260891365, 29773.24795671063, 30021.81174982042, 30217.457715694563, 30351.930022455286, 30377.985700212583, 30411.84255885728, 30451.8601386993], "mrr_sums": [13226.0, 15643.5, 16499.16666666739, 16911.916666667228, 17140.91666666755, 17301.083333334303, 17415.797619048575, 17496.422619048582, 17565.31150793747, 17613.311507937524], "recall_sums": [13226, 18061, 20628, 22279, 23424, 24385, 25188, 25833, 26453, 26933]}, {"name": "fos", "num_cur": 251629, "num_top": 508, "num_top_5": 2045, "num_top_10": 3543, "ndcg_sums": [1239.5011511509044, 1552.7474346985673, 1880.6404470539399, 2075.3704171824347, 2217.928717048044, 2314.8642122559386, 2405.3442458525387, 2495.497119735005, 2583.3673607244295, 2666.676438705423], "map_sums": [2601.5286169658307, 3302.139301021603, 4124.123695448959, 4530.431448852223, 4852.852003678786, 5053.46311033555, 5234.462482005581, 5335.606384217352, 5470.2023788639135, 5551.829284498974], "mrr_sums": [508.0, 724.5, 849.5000000000049, 941.7500000000059, 1013.7500000000155, 1067.083333333341, 1112.9404761904786, 1145.815476190479, 1179.48214285714, 1208.5821428571387], "recall_sums": [508, 941, 1316, 1685, 2045, 2365, 2686, 2949, 3252, 3543]}, {"name": "bow+fosboost", "num_cur": 480000, "num_top": 53960, "num_top_5": 115977, "num_top_10": 146106, "ndcg_sums": [85493.25007617647, 96620.99177430196, 99283.2922264301, 99818.67466259803, 99643.25820040112, 99215.66010174702, 98640.88580333332, 98151.86089529627, 97651.19697069515, 97211.65899602235], "map_sums": [142546.18640145403, 156201.80810639687, 160341.18919617342, 161202.52223006738, 160708.22256713914, 159605.1408356649, 158216.14974928758, 156812.16900062558, 155328.69739379658, 153879.37568500315], "mrr_sums": [53960.0, 66444.0, 71754.66666667508, 74685.41666667182, 76564.2166666551, 77850.88333331987, 78783.4547618843, 79528.0797618834, 80109.85753965341, 80578.65753965454], "recall_sums": [53960, 78928, 94860, 106583, 115977, 123697, 130225, 136182, 141418, 146106]}]}