{"data": "items_CSall_1s_5mindoc_5mincont_wPP_3.1_wNP_both.csv", "num_contexts": 1835797, "num_test_set_items": 490018, "models": [{"name": "bow", "num_cur": 260000, "num_top": 33129, "num_top_5": 70443, "num_top_10": 88109, "ndcg_sums": [50125.83931837436, 56540.8501765495, 57950.55162825716, 58179.15509761689, 58042.984543396444, 57768.117704207136, 57435.576689147114, 57153.33071948655, 56870.93476318837, 56634.08748999072], "map_sums": [74163.0, 86039.5, 89475.83333331323, 90431.7777777815, 90398.1319444219, 89925.99222219885, 89266.78519838944, 88527.34703513095, 87767.16729164572, 86994.07482597914], "mrr_sums": [33129.0, 40745.5, 43886.500000002816, 45650.000000003805, 46770.800000001014, 47520.966666665794, 48076.96666666485, 48514.7166666647, 48853.494444439166, 49125.694444436645], "recall_sums": [33129, 48362, 57785, 64839, 70443, 74944, 78836, 82338, 85387, 88109]}, {"name": "npmarker", "num_cur": 53942, "num_top": 8504, "num_top_5": 14656, "num_top_10": 16815, "ndcg_sums": [11221.2409691683, 11924.08375509702, 11635.964868858104, 11293.3917162941, 10959.21534324152, 10634.667378557744, 10390.043170558, 10133.350914766881, 9910.056616333386, 9718.559036984587], "map_sums": [15064.0, 16943.5, 17567.166666667345, 17776.638888888865, 17940.05833333429, 18070.081666667164, 18148.243611111488, 18157.680464852965, 18174.047198129276, 18197.991084498757], "mrr_sums": [8504.0, 10007.5, 10502.166666666746, 10747.416666666742, 10883.416666666808, 10961.416666666799, 11043.9880952382, 11094.738095238197, 11143.40476190493, 11170.304761905], "recall_sums": [8504, 11511, 12995, 13976, 14656, 15124, 15702, 16108, 16546, 16815]}, {"name": "fos", "num_cur": 138327, "num_top": 356, "num_top_5": 1352, "num_top_10": 2253, "ndcg_sums": [738.3191180703757, 948.5091244304878, 1128.4586153086482, 1236.3484427103222, 1322.74793409601, 1373.0669304283342, 1428.494527965441, 1468.1052315945306, 1526.655962212226, 1577.6413948208956], "map_sums": [1279.0, 1827.0, 2289.1666666666565, 2548.1388888888996, 2729.37916666668, 2848.066944444438, 2943.504642857162, 3002.7419841269984, 3083.0680130386268, 3131.8607927060007], "mrr_sums": [356.0, 496.0, 574.6666666666663, 638.4166666666673, 683.4166666666707, 713.9166666666687, 741.9166666666681, 761.9166666666678, 783.8055555555535, 800.3055555555562], "recall_sums": [356, 636, 872, 1127, 1352, 1535, 1731, 1891, 2088, 2253]}, {"name": "bow+fosboost", "num_cur": 260000, "num_top": 33160, "num_top_5": 70461, "num_top_10": 88122, "ndcg_sums": [50175.89314224337, 56580.608320735635, 57991.25066291802, 58205.97076227222, 58070.28862384731, 57793.71422822646, 57455.63752248498, 57175.41438529098, 56891.86201032641, 56653.61807256547], "map_sums": [74240.0, 86109.5, 89539.49999997971, 90484.27777778143, 90446.82083331069, 89975.86444442086, 89315.23142854805, 88568.77049884974, 87807.91589283616, 87026.8465164238], "mrr_sums": [33160.0, 40773.0, 43917.666666669524, 45674.666666670484, 46797.26666666768, 47548.43333333246, 48103.00476190297, 48541.629761902805, 48879.6297618995, 49151.72976189698], "recall_sums": [33160, 48386, 57820, 64848, 70461, 74968, 78850, 82359, 85401, 88122]}]}