{"data": "items_CSall_1s_5mindoc_5mincont_wPP_3.1_wNP_both.csv", "num_contexts": 1835797, "num_test_set_items": 490018, "models": [{"name": "bow", "num_cur": 430000, "num_top": 51263, "num_top_5": 110426, "num_top_10": 139029, "ndcg_sums": [80071.55326290861, 90477.75858337113, 92919.93813107105, 93396.31344965499, 93205.55453920465, 92788.60959072145, 92246.58012512873, 91761.40485980322, 91279.89990623812, 90863.19690174401], "map_sums": [132470.55249417585, 144855.54619606366, 148538.9589851945, 149258.91856502034, 148743.17068479722, 147691.8786803306, 146366.757693722, 145054.81827098574, 143660.0147002844, 142306.58383083018], "mrr_sums": [51263.0, 63190.0, 68242.00000001224, 71043.50000000898, 72832.89999999355, 74054.89999998969, 74945.18571426906, 75650.31071426827, 76201.19960314981, 76645.19960314942], "recall_sums": [51263, 75117, 90273, 101479, 110426, 117758, 123990, 129631, 134589, 139029]}, {"name": "npmarker", "num_cur": 88892, "num_top": 12667, "num_top_5": 22394, "num_top_10": 25594, "ndcg_sums": [17044.40892716062, 18220.72878658201, 17878.49846441692, 17364.16003186471, 16831.28615984803, 16334.803597560645, 15917.169058631585, 15508.64245738058, 15157.308232003792, 14856.971125632179], "map_sums": [25112.91300200596, 26942.046378075484, 27693.439484577877, 27978.492107403134, 28203.660087210024, 28376.34398562868, 28493.4724465806, 28508.056423659717, 28538.739556963174, 28573.888585844856], "mrr_sums": [12667.0, 14996.5, 15806.833333333987, 16196.083333333983, 16412.083333334333, 16539.416666667516, 16650.130952381744, 16727.00595238175, 16791.450396826258, 16838.050396826333], "recall_sums": [12667, 17326, 19757, 21314, 22394, 23158, 23933, 24548, 25128, 25594]}, {"name": "fos", "num_cur": 226920, "num_top": 492, "num_top_5": 1964, "num_top_10": 3364, "ndcg_sums": [1195.3346289095332, 1490.694479409517, 1799.2082752073295, 1978.7746274725246, 2108.488737739499, 2195.63743477144, 2277.73554060027, 2363.4585055669218, 2446.3491257776195, 2523.423524960926], "map_sums": [2504.723004466369, 3159.128953897914, 3934.1214543873684, 4300.264521902711, 4595.436259289566, 4778.438051518015, 4940.482948560395, 5029.338747281804, 5153.17903578675, 5225.721324731525], "mrr_sums": [492.0, 702.5, 821.1666666666708, 909.6666666666719, 977.8666666666805, 1028.700000000007, 1071.128571428574, 1102.3785714285746, 1133.9341269841248, 1160.334126984126], "recall_sums": [492, 913, 1269, 1623, 1964, 2269, 2566, 2816, 3100, 3364]}, {"name": "bow+fosboost", "num_cur": 430000, "num_top": 51303, "num_top_5": 110450, "num_top_10": 139044, "ndcg_sums": [80148.41826995951, 90541.2645213839, 92980.93276260774, 93439.93991365292, 93247.0879702468, 92827.77746769287, 92279.49990494129, 91796.10596117834, 91311.37904043679, 90892.61423663472], "map_sums": [132600.40387169947, 144978.5249625676, 148643.20805366148, 149346.30420072997, 148827.694187387, 147770.46291493822, 146443.27059988905, 145121.54266383484, 143729.6547050768, 142365.89805286634], "mrr_sums": [51303.0, 63228.5, 68284.1666666788, 71079.91666667553, 72869.11666666012, 74092.61666665638, 74981.90238093573, 75687.52738093483, 76236.74960314976, 76680.74960314944], "recall_sums": [51303, 75154, 90321, 101504, 110450, 117791, 124016, 129661, 134604, 139044]}]}