{"data": "items_CSall_1s_5mindoc_5mincont_wPP_3.1_wNP_both.csv", "num_contexts": 1835797, "num_test_set_items": 490018, "models": [{"name": "bow", "num_cur": 410000, "num_top": 49924, "num_top_5": 107408, "num_top_10": 135145, "ndcg_sums": [77603.40709188882, 87650.72733347245, 89986.86747524068, 90438.84972840716, 90254.22564291024, 89854.01449042052, 89327.80818357087, 88857.26938758037, 88394.18185994138, 87991.03738956145], "map_sums": [116748.0, 135256.5, 140546.5833332765, 142012.63888889496, 141936.9444444333, 141195.2661110908, 140131.5131745874, 138981.0040249374, 137746.06826954993, 136517.62947169127], "mrr_sums": [49924.0, 61518.0, 66423.3333333477, 69148.58333334445, 70884.3833333298, 72069.21666665819, 72935.5023809379, 73619.75238093712, 74152.53015870781, 74582.03015870658], "recall_sums": [49924, 73112, 87828, 98729, 107408, 114517, 120581, 126055, 130850, 135145]}, {"name": "npmarker", "num_cur": 85055, "num_top": 12403, "num_top_5": 22017, "num_top_10": 25119, "ndcg_sums": [16652.831149949634, 17820.23503528087, 17483.81285750144, 16979.49454373789, 16458.640733440196, 15969.384595938183, 15561.34219295383, 15161.355346590728, 14816.492663456076, 14518.606148759844], "map_sums": [22663.0, 25667.5, 26670.2499999976, 27061.388888888465, 27332.861111111077, 27538.086388889857, 27671.727619048954, 27702.169410431925, 27736.803360260437, 27783.597412445906], "mrr_sums": [12403.0, 14704.0, 15506.333333333972, 15891.083333333969, 16104.283333334315, 16224.783333334151, 16333.06904761979, 16409.31904761979, 16472.87460317542, 16516.774603175534], "recall_sums": [12403, 17005, 19412, 20951, 22017, 22740, 23498, 24108, 24680, 25119]}, {"name": "fos", "num_cur": 217219, "num_top": 468, "num_top_5": 1865, "num_top_10": 3186, "ndcg_sums": [1134.4696218583267, 1420.512268235576, 1720.1563705773297, 1891.1439340856793, 2013.9792524020486, 2097.16248849287, 2180.3670404187965, 2266.608672959342, 2345.2867277419023, 2417.015280996765], "map_sums": [2077.0, 2877.0, 3672.000000000154, 4041.416666666826, 4327.22083333333, 4512.640833333306, 4680.022857142745, 4771.404960317496, 4893.947457483147, 4964.382453703842], "mrr_sums": [468.0, 666.5, 778.5000000000034, 861.7500000000044, 927.9500000000127, 976.2833333333399, 1017.4261904761935, 1048.1761904761938, 1076.7317460317447, 1100.7317460317481], "recall_sums": [468, 865, 1201, 1534, 1865, 2155, 2443, 2689, 2946, 3186]}, {"name": "bow+fosboost", "num_cur": 410000, "num_top": 49964, "num_top_5": 107432, "num_top_10": 135160, "ndcg_sums": [77675.30153619128, 87711.32853094782, 90045.93119718586, 90480.75444658942, 90294.19000110832, 89890.91434720544, 89359.09875456954, 88890.62414931747, 88424.29182340186, 88019.44277601705], "map_sums": [116865.0, 135366.0, 140639.91666661008, 142095.66666667265, 142010.901388878, 141269.6999999797, 140202.1869047464, 139040.01702947286, 137808.82452663634, 136570.04807681893], "mrr_sums": [49964.0, 61556.5, 66465.50000001426, 69185.000000011, 70920.59999999637, 72106.59999999154, 72972.02857141409, 73656.90357141319, 74188.01468251727, 74617.5146825161], "recall_sums": [49964, 73149, 87876, 98754, 107432, 114548, 120606, 126085, 130865, 135160]}]}