{"data": "items_CSall_1s_5mindoc_5mincont_wPP_3.1_wNP_both.csv", "num_contexts": 1835797, "num_test_set_items": 490018, "models": [{"name": "bow", "num_cur": 400000, "num_top": 49043, "num_top_5": 105619, "num_top_10": 132795, "ndcg_sums": [76121.79742645276, 86004.82726127707, 88311.79741733131, 88752.59331705225, 88567.44483239925, 88172.54964458095, 87661.2300614684, 87195.64180767746, 86741.75552185849, 86348.60111369686], "map_sums": [114417.0, 132525.5, 137698.24999993286, 139126.9722222243, 139039.89999997694, 138305.5136110838, 137258.81087299122, 136121.01110542862, 134907.9152012296, 133705.56242362162], "mrr_sums": [49043.0, 60469.5, 65298.83333334843, 67975.08333334555, 69681.08333333133, 70843.08333332573, 71692.51190474855, 72361.13690474776, 72883.24801585195, 73304.24801585021], "recall_sums": [49043, 71896, 86384, 97089, 105619, 112591, 118537, 123886, 128585, 132795]}, {"name": "npmarker", "num_cur": 83161, "num_top": 12217, "num_top_5": 21747, "num_top_10": 24824, "ndcg_sums": [16393.929562971927, 17560.50258684865, 17226.416996514818, 16725.48564266588, 16213.115175695964, 15732.074484755884, 15331.890528759037, 14938.977448701035, 14598.837907647829, 14304.760684199686], "map_sums": [22301.0, 25258.0, 26244.5833333311, 26614.944444444045, 26882.159722222274, 27084.004722223228, 27215.96420635055, 27245.71590136161, 27276.70864795891, 27321.90213136134], "mrr_sums": [12217.0, 14500.0, 15294.000000000624, 15675.00000000062, 15886.60000000096, 16005.26666666747, 16113.266666667396, 16189.266666667394, 16252.044444445264, 16295.644444445394], "recall_sums": [12217, 16783, 19165, 20689, 21747, 22459, 23215, 23823, 24388, 24824]}, {"name": "fos", "num_cur": 212184, "num_top": 457, "num_top_5": 1836, "num_top_10": 3116, "ndcg_sums": [1114.3569234861184, 1398.2055503256004, 1691.8212459345327, 1857.6842455943593, 1975.4546972075752, 2056.3500170789257, 2136.2315116947366, 2221.2547895941752, 2298.0685017831597, 2368.401809107949], "map_sums": [2044.0, 2839.5, 3617.7500000001464, 3975.166666666823, 4249.159722222235, 4431.583888888868, 4595.544484126886, 4684.146825396874, 4804.372854308549, 4872.416779100659], "mrr_sums": [457.0, 653.0, 763.6666666666699, 845.916666666671, 911.116666666679, 957.6166666666733, 997.0452380952415, 1026.795238095241, 1054.6841269841254, 1078.2841269841292], "recall_sums": [457, 849, 1181, 1510, 1836, 2115, 2391, 2629, 2880, 3116]}, {"name": "bow+fosboost", "num_cur": 400000, "num_top": 49083, "num_top_5": 105643, "num_top_10": 132810, "ndcg_sums": [76192.86344363049, 86064.7716752147, 88370.2969871896, 88794.21164225898, 88607.05951969547, 88209.20171109858, 87692.26186197599, 87228.60103740604, 86771.54406137684, 86376.74919029944], "map_sums": [114532.0, 132633.5, 137790.08333326643, 139208.750000002, 139112.5180555328, 138378.45194441715, 137327.7496825153, 136179.28284012288, 134969.54685514147, 133756.9819995543], "mrr_sums": [49083.0, 60508.0, 65341.00000001514, 68011.5000000121, 69717.29999999791, 70880.46666665908, 71728.89523808188, 72398.27023808098, 72918.71468251855, 73339.71468251689], "recall_sums": [49083, 71933, 86432, 97114, 105643, 112622, 118561, 123916, 128600, 132810]}]}