{"data": "items_CSall_1s_5mindoc_5mincont_wPP_3.1_wNP_both.csv", "num_contexts": 1835797, "num_test_set_items": 490018, "models": [{"name": "bow", "num_cur": 140000, "num_top": 17901, "num_top_5": 37536, "num_top_10": 46882, "ndcg_sums": [26951.56633785664, 30349.571258427226, 31078.850599482386, 31200.617586451666, 31077.552943739065, 30921.929588479605, 30739.2107168481, 30589.733873097644, 30434.025017291657, 30306.067519341377], "map_sums": [43793.78780954804, 47901.33558705219, 49053.22963820594, 49291.58807772755, 49129.757505182875, 48780.20148858186, 48344.43619293877, 47921.383514911024, 47467.22502983416, 47023.634313196955], "mrr_sums": [17901.0, 21939.0, 23601.99999999908, 24542.99999999893, 25104.200000000204, 25501.700000000757, 25792.128571430327, 26025.628571430312, 26202.295238096176, 26349.295238095594], "recall_sums": [17901, 25977, 30966, 34730, 37536, 39921, 41954, 43822, 45412, 46882]}, {"name": "npmarker", "num_cur": 29557, "num_top": 4955, "num_top_5": 8219, "num_top_10": 9504, "ndcg_sums": [6485.519112968699, 6817.165999007209, 6652.373363367687, 6462.706211398821, 6281.309446376445, 6101.423073659533, 5975.065166286963, 5824.732446159004, 5694.124012743725, 5588.669424803722], "map_sums": [9361.41216031781, 9898.203108603457, 10117.467618091874, 10172.946167628443, 10261.09295856729, 10319.155694631345, 10347.740683471919, 10368.531552154715, 10387.772105214171, 10397.013773982668], "mrr_sums": [4955.0, 5748.0, 6007.666666666578, 6138.166666666567, 6213.566666666517, 6253.566666666546, 6308.423809523704, 6339.298809523702, 6370.409920634837, 6383.809920634856], "recall_sums": [4955, 6541, 7320, 7842, 8219, 8459, 8843, 9090, 9370, 9504]}, {"name": "fos", "num_cur": 73833, "num_top": 241, "num_top_5": 777, "num_top_10": 1242, "ndcg_sums": [430.2955980045081, 552.3383302137938, 660.5997521380913, 698.8999016471308, 748.5250976811633, 769.4244973565059, 796.6581108911041, 818.1659101759753, 843.6699916075572, 868.3886775762053], "map_sums": [834.0847788354723, 1073.6652869530556, 1324.0373902348615, 1428.3222873946618, 1534.97229499796, 1589.8924868280872, 1645.5125301392643, 1677.6858994094837, 1713.0271926651271, 1734.1242745402124], "mrr_sums": [241.0, 327.0, 370.99999999999955, 401.9999999999993, 423.59999999999843, 435.7666666666655, 451.0523809523808, 462.30238095238076, 473.41349206349105, 482.91349206349173], "recall_sums": [241, 413, 545, 669, 777, 850, 957, 1047, 1147, 1242]}, {"name": "bow+fosboost", "num_cur": 140000, "num_top": 17924, "num_top_5": 37545, "num_top_10": 46894, "ndcg_sums": [26979.12268704274, 30373.190295446922, 31099.316338666817, 31214.073836970827, 31091.47538392539, 30935.30458206367, 30750.092674471824, 30601.05142114435, 30444.615748035656, 30316.782765365602], "map_sums": [43825.42486665481, 47941.749170264986, 49088.50583830111, 49320.013108979554, 49154.29344642607, 48804.28671448386, 48368.07028028445, 47941.65192193141, 47486.683068630125, 47039.08489359877], "mrr_sums": [17924.0, 21956.0, 23620.666666665747, 24558.416666665595, 25120.816666666877, 25518.983333334094, 25808.840476192236, 26042.590476192217, 26218.47936508031, 26366.279365079718], "recall_sums": [17924, 25988, 30982, 34733, 37545, 39934, 41963, 43833, 45416, 46894]}]}