{"data": "items_CSall_1s_5mindoc_5mincont_wPP_3.1_wNP_both.csv", "num_contexts": 1835797, "num_test_set_items": 490018, "models": [{"name": "bow", "num_cur": 440000, "num_top": 51772, "num_top_5": 111479, "num_top_10": 140396, "ndcg_sums": [81155.89590104012, 91694.72668918408, 94192.45073762827, 94687.65582271176, 94500.37514182393, 94079.52908706767, 93530.5856938084, 93042.99027289727, 92558.29380191833, 92138.05942345076], "map_sums": [134542.92686603378, 147191.35065091576, 151001.80130468498, 151755.69028169036, 151249.34764808082, 150182.52667485163, 148841.78822295825, 147515.28805632197, 146106.57292777646, 144740.1702512318], "mrr_sums": [51772.0, 63789.0, 68891.00000001151, 71722.75000000825, 73530.74999999255, 74764.08333332236, 75663.22619045874, 76376.97619045795, 76934.75396822828, 77384.0539682282], "recall_sums": [51772, 75806, 91112, 102439, 111479, 118879, 125173, 130883, 135903, 140396]}, {"name": "npmarker", "num_cur": 90630, "num_top": 12714, "num_top_5": 22462, "num_top_10": 25673, "ndcg_sums": [17167.624222637314, 18349.037630256084, 18003.040804645098, 17490.83060301865, 16954.15317923845, 16455.569421034696, 16035.48314088697, 15624.58786150301, 15272.865491200393, 14970.485822770986], "map_sums": [25358.307057746166, 27212.596021625406, 27975.391779061672, 28255.05102324045, 28483.093653057265, 28660.478976094582, 28778.963790873684, 28795.88957331599, 28822.85723957533, 28859.21293500694], "mrr_sums": [12714.0, 15050.5, 15861.500000000655, 16251.500000000651, 16467.900000001, 16595.733333334185, 16707.161904762706, 16784.161904762714, 16848.60634920722, 16895.406349207293], "recall_sums": [12714, 17387, 19820, 21380, 22462, 23229, 24009, 24625, 25205, 25673]}, {"name": "fos", "num_cur": 231624, "num_top": 498, "num_top_5": 1993, "num_top_10": 3421, "ndcg_sums": [1207.1336187827567, 1511.522712189604, 1822.8964572349582, 2005.7128088268416, 2138.1389867250823, 2226.4342054606886, 2308.647694817754, 2395.025463156402, 2477.951329532571, 2557.7001188977197], "map_sums": [2528.373953833457, 3203.4857610450167, 3980.8892509725965, 4354.00925687326, 4652.112121105793, 4836.935782921729, 5000.983935803522, 5091.399447341137, 5216.608405414968, 5293.459883296806], "mrr_sums": [498.0, 711.5, 833.5000000000045, 923.2500000000056, 991.8500000000143, 1043.5166666666735, 1086.0880952380976, 1117.713095238098, 1149.2686507936482, 1177.5686507936477], "recall_sums": [498, 925, 1291, 1650, 1993, 2303, 2601, 2854, 3138, 3421]}, {"name": "bow+fosboost", "num_cur": 440000, "num_top": 51811, "num_top_5": 111503, "num_top_10": 140411, "ndcg_sums": [81232.17512165339, 91758.76862324179, 94253.70631150494, 94731.623286703, 94542.04198854459, 94118.89352887776, 93563.56576134617, 93077.98134773156, 92589.83341872618, 92167.77536896504], "map_sums": [134672.8020530812, 147314.69257676034, 151106.87919946457, 151844.2563945713, 151334.55966972717, 150261.58960604048, 148918.73807967475, 147582.17550018916, 146176.69050714892, 144799.9628715178], "mrr_sums": [51811.0, 63827.5, 68932.83333334474, 71758.83333334148, 73566.6333333258, 74801.46666665572, 75699.60952379208, 76413.85952379118, 76969.9706348949, 77419.27063489489], "recall_sums": [51811, 75844, 91160, 102464, 111503, 118912, 125199, 130913, 135918, 140411]}]}