{"data": "items_CSall_1s_5mindoc_5mincont_wPP_3.1_wNP_both.csv", "num_contexts": 1835797, "num_test_set_items": 490018, "models": [{"name": "bow", "num_cur": 120000, "num_top": 15347, "num_top_5": 32307, "num_top_10": 40367, "ndcg_sums": [23274.219156700157, 26277.137935706625, 26945.253339997835, 27085.91806714201, 26997.409135111917, 26864.984086899494, 26704.008154801937, 26571.022800527957, 26426.583705488694, 26304.605343199324], "map_sums": [3323.394093215982, 3844.5218584011036, 3976.7575679752395, 4004.2196277196317, 3988.5075548501604, 3954.6816091884284, 3915.338700252348, 3877.0169959687164, 3834.055983583223, 3792.016537506692], "mrr_sums": [15347.0, 18820.5, 20246.833333333274, 21068.833333333125, 21558.033333334137, 21901.36666666763, 22148.223809525294, 22350.84880952528, 22503.404365080383, 22631.20436508008], "recall_sums": [15347, 22294, 26573, 29861, 32307, 34367, 36095, 37716, 39089, 40367]}, {"name": "npmarker", "num_cur": 25608, "num_top": 4344, "num_top_5": 7202, "num_top_10": 8371, "ndcg_sums": [5716.703745704459, 6025.567099932306, 5874.781785342859, 5717.093382902099, 5564.085886630855, 5405.834193246123, 5297.9006359817295, 5162.515041656548, 5043.312955596698, 4947.172900967944], "map_sums": [569.0764891941562, 628.1745800737272, 645.4707201685455, 650.8573089260232, 654.0490325106232, 657.0695487153179, 657.8919544214176, 658.41767115529, 658.8612950199818, 659.7068641598116], "mrr_sums": [4344.0, 5055.5, 5266.166666666622, 5380.9166666666115, 5449.716666666568, 5485.216666666588, 5536.216666666611, 5564.341666666609, 5592.230555555516, 5604.530555555531], "recall_sums": [4344, 5767, 6399, 6858, 7202, 7415, 7772, 7997, 8248, 8371]}, {"name": "fos", "num_cur": 63012, "num_top": 204, "num_top_5": 639, "num_top_10": 1029, "ndcg_sums": [369.27121138686795, 463.62944430948846, 563.4478593623832, 595.4974064779453, 639.1638682147441, 655.9603449713306, 677.082619527447, 695.5387515152885, 717.0533962651061, 738.9289459668537], "map_sums": [110.49687664249787, 148.84111563447183, 166.8282837963269, 177.46578191459477, 186.44729516720955, 189.03926286866223, 194.38390751417978, 197.4316621085411, 200.9371790753314, 203.44035090537247], "mrr_sums": [204.0, 268.0, 305.33333333333326, 330.83333333333303, 349.4333333333323, 358.76666666666574, 371.33809523809487, 380.8380952380948, 390.61587301587207, 398.81587301587246], "recall_sums": [204, 332, 444, 546, 639, 695, 783, 859, 947, 1029]}, {"name": "bow+fosboost", "num_cur": 120000, "num_top": 15367, "num_top_5": 32313, "num_top_10": 40376, "ndcg_sums": [23300.01814657338, 26296.255842379203, 26963.614661049505, 27096.85848105243, 27008.810698371086, 26876.905538814044, 26713.687564789907, 26580.723585523538, 26435.698151620614, 26313.517259853405], "map_sums": [3321.7265765495836, 3845.5660416622236, 3978.0016947327063, 4004.057964955626, 3987.7743660856186, 3954.501141505011, 3914.840477947134, 3876.15215514879, 3833.3072691934462, 3790.252477605032], "mrr_sums": [15367.0, 18834.5, 20263.499999999938, 21081.999999999785, 21572.000000000804, 21916.333333334296, 22162.476190477675, 22365.351190477657, 22517.2400793661, 22645.64007936579], "recall_sums": [15367, 22302, 26589, 29863, 32313, 34379, 36102, 37725, 39092, 40376]}]}