{"data": "items_CSall_1s_5mindoc_5mincont_wPP_3.1_wNP_both.csv", "num_contexts": 1835797, "num_test_set_items": 490018, "models": [{"name": "bow", "num_cur": 470000, "num_top": 53183, "num_top_5": 114364, "num_top_10": 144088, "ndcg_sums": [84219.19380133283, 95193.81009866513, 97834.1708024338, 98384.43759864247, 98210.77166027765, 97789.20148604465, 97224.5057386375, 96736.85842163804, 96243.45014942122, 95809.15976220602], "map_sums": [12197.311562853873, 14078.378498833135, 14573.30922017524, 14657.604224082532, 14594.878081298813, 14459.350523761826, 14307.551131648099, 14152.268688082157, 13984.22274594486, 13827.022850633835], "mrr_sums": [53183.0, 65468.0, 70704.33333334289, 73605.33333333963, 75464.93333332318, 76733.93333332069, 77653.93333331391, 78388.30833331312, 78962.30833330544, 79425.20833330615], "recall_sums": [53183, 77753, 93462, 105066, 114364, 121978, 128418, 134293, 139459, 144088]}, {"name": "npmarker", "num_cur": 96271, "num_top": 13033, "num_top_5": 23050, "num_top_10": 26507, "ndcg_sums": [17677.990888453794, 18895.57980429659, 18564.094333617526, 18061.268594353332, 17514.623995911308, 17029.800264205627, 16595.814307020195, 16174.198192625025, 15815.68420309993, 15502.380779106945], "map_sums": [1936.4597440016098, 2150.6943230699208, 2218.1730708866817, 2240.091680186704, 2252.447263282059, 2260.1837971108075, 2264.607289359605, 2265.141469911627, 2265.8308977246024, 2269.198268585905], "mrr_sums": [13033.0, 15410.5, 16253.16666666738, 16653.666666667275, 16880.066666667586, 17037.23333333432, 17150.519047620004, 17229.76904762001, 17297.88015873113, 17345.280158731195], "recall_sums": [13033, 17788, 20316, 21918, 23050, 23993, 24786, 25420, 26033, 26507]}, {"name": "fos", "num_cur": 246499, "num_top": 501, "num_top_5": 2021, "num_top_10": 3491, "ndcg_sums": [1224.2168799034423, 1533.8543474994751, 1860.1281801965715, 2048.2297011564415, 2187.9992360828046, 2282.957009346686, 2371.797178831172, 2460.576869058958, 2547.8074252086935, 2630.3389763048567], "map_sums": [323.7926371894098, 444.610581950245, 509.750790468939, 554.2393735444781, 585.9766521309751, 604.4628916975659, 622.913884772707, 636.3617904402743, 647.4328736171218, 654.3132767464372], "mrr_sums": [501.0, 715.0, 839.6666666666715, 930.1666666666725, 1001.3666666666819, 1053.8666666666738, 1098.1523809523833, 1130.6523809523837, 1163.8746031746002, 1192.4746031745995], "recall_sums": [501, 929, 1303, 1665, 2021, 2336, 2646, 2906, 3205, 3491]}, {"name": "bow+fosboost", "num_cur": 470000, "num_top": 53222, "num_top_5": 114389, "num_top_10": 144106, "ndcg_sums": [84300.85779825691, 95261.66183955158, 97898.36914457552, 98430.43226743508, 98254.82477357799, 97830.30004358721, 97259.2527516276, 96773.37355661558, 96276.3302632765, 95840.97218566749], "map_sums": [12199.253780674662, 14082.941695999221, 14578.257168904933, 14660.984370136324, 14596.81332744743, 14462.072913882324, 14309.870140374538, 14152.91699123495, 13986.14603701766, 13826.412934037056], "mrr_sums": [53222.0, 65507.0, 70746.33333334279, 73641.83333333953, 75501.23333332309, 76771.56666665405, 77690.56666664725, 78425.31666664635, 78997.87222219427, 79460.97222219507], "recall_sums": [53222, 77792, 93510, 105092, 114389, 122011, 128444, 134322, 139475, 144106]}]}