{"data": "items_CSall_1s_5mindoc_5mincont_wPP_3.1_wNP_both.csv", "num_contexts": 1835797, "num_test_set_items": 490018, "models": [{"name": "bow", "num_cur": 290000, "num_top": 36559, "num_top_5": 78070, "num_top_10": 97982, "ndcg_sums": [55638.50510996919, 62793.839516050706, 64395.518317059956, 64698.879636387246, 64575.9468947689, 64299.297772177866, 63952.59154789346, 63653.74771044715, 63349.12327211956, 63095.89412378605], "map_sums": [82621.0, 95831.5, 99655.91666662929, 100721.72222222207, 100687.66111108013, 100180.48555552716, 99449.91305552788, 98626.87481290671, 97778.72195859315, 96923.93627612432], "mrr_sums": [36559.0, 44984.5, 48479.83333333873, 50455.08333333972, 51709.68333333498, 52556.51666666502, 53181.80238094878, 53673.30238094863, 54056.524603166894, 54363.82460316386], "recall_sums": [36559, 53410, 63896, 71797, 78070, 83151, 87528, 91460, 94909, 97982]}, {"name": "npmarker", "num_cur": 60333, "num_top": 9218, "num_top_5": 16252, "num_top_10": 18677, "ndcg_sums": [12285.665642936141, 13144.559902997367, 12870.994554454006, 12513.40468004661, 12145.275866790304, 11789.116443364817, 11513.509152035316, 11237.754006911575, 10994.542174339913, 10782.757209164089], "map_sums": [16624.0, 18759.5, 19476.5833333333, 19735.916666666697, 19928.252777778605, 20072.071111111778, 20160.628174603673, 20173.231105442643, 20189.98813350323, 20220.346507463957], "mrr_sums": [9218.0, 10920.0, 11491.333333333552, 11778.833333333549, 11932.033333333677, 12020.200000000297, 12107.914285714545, 12170.789285714543, 12223.233730159061, 12253.933730159144], "recall_sums": [9218, 12622, 14336, 15486, 16252, 16781, 17395, 17898, 18370, 18677]}, {"name": "fos", "num_cur": 154624, "num_top": 380, "num_top_5": 1458, "num_top_10": 2437, "ndcg_sums": [892.3821766555311, 1107.5885106688575, 1287.2474175382333, 1418.6926929814215, 1505.4240952758087, 1559.890312311478, 1617.8519429689154, 1657.3206538857632, 1717.5438123102647, 1772.0241310872982], "map_sums": [1617.0, 2229.5, 2723.416666666673, 2980.7222222222467, 3180.7208333333374, 3310.3336111110752, 3416.8034523809683, 3479.4509126984226, 3566.7425170068936, 3609.18397392293], "mrr_sums": [380.0, 534.5, 620.8333333333338, 688.5833333333348, 736.3833333333389, 770.2166666666694, 800.5023809523826, 822.5023809523823, 846.2801587301565, 863.6801587301594], "recall_sums": [380, 689, 948, 1219, 1458, 1661, 1873, 2049, 2263, 2437]}, {"name": "bow+fosboost", "num_cur": 290000, "num_top": 36587, "num_top_5": 78091, "num_top_10": 97997, "ndcg_sums": [55687.630001650046, 62836.034075496354, 64439.35722219978, 64727.35021463758, 64605.12696857787, 64325.89950231218, 63973.742041219426, 63677.12168352141, 63370.62529175712, 63116.41162366988], "map_sums": [82700.0, 95903.0, 99723.08333329574, 100777.22222222193, 100740.02916663559, 100234.39527774918, 99501.25162695645, 98671.40494329232, 97822.62549033928, 96959.04829725693], "mrr_sums": [36587.0, 45013.0, 48511.6666666721, 50480.41666667306, 51736.61666666831, 52584.116666665024, 53207.830952377386, 53700.58095237722, 54082.692063484385, 54390.09206348135], "recall_sums": [36587, 53439, 63935, 71810, 78091, 83176, 87542, 91484, 94923, 97997]}]}