{"data": "items_CSall_1s_5mindoc_5mincont_wPP_3.1_wNP_both.csv", "num_contexts": 1835797, "num_test_set_items": 490018, "models": [{"name": "bow", "num_cur": 320000, "num_top": 40709, "num_top_5": 86564, "num_top_10": 108592, "ndcg_sums": [61898.50899668042, 69769.53123588132, 71518.95308184047, 71820.44224985072, 71647.78572220608, 71309.26083946618, 70901.08872600344, 70543.32936348526, 70193.93402470654, 69896.39860858535], "map_sums": [101246.82598003844, 110278.5192382038, 112971.18895341527, 113460.9689898177, 113010.4130190046, 112194.72528219332, 111167.3976636133, 110131.38857038633, 109069.14720044594, 108046.33216343429], "mrr_sums": [40709.0, 50032.0, 53913.0000000082, 56083.25000000919, 57460.25000000267, 58396.083333331415, 59088.08333332849, 59630.958333328344, 60055.62499999045, 60396.024999986934], "recall_sums": [40709, 59355, 70998, 79679, 86564, 92179, 97023, 101366, 105188, 108592]}, {"name": "npmarker", "num_cur": 67026, "num_top": 10192, "num_top_5": 18121, "num_top_10": 20760, "ndcg_sums": [13602.220259018888, 14606.212075846483, 14300.446523457811, 13898.211530818904, 13483.090418889562, 13078.947015941754, 12764.784659324592, 12451.7804339841, 12175.80899601499, 11934.081457096723], "map_sums": [19993.375488374164, 21361.770291624678, 21926.169970490715, 22118.821325277622, 22287.87770941595, 22407.383133272655, 22502.82443755502, 22509.76758836963, 22527.625502360614, 22551.057699044883], "mrr_sums": [10192.0, 12112.0, 12748.666666667004, 13078.666666667, 13250.466666667196, 13350.133333333775, 13443.99047619087, 13511.865476190867, 13567.643253968725, 13601.543253968819], "recall_sums": [10192, 14032, 15942, 17262, 18121, 18719, 19376, 19919, 20421, 20760]}, {"name": "fos", "num_cur": 170724, "num_top": 411, "num_top_5": 1558, "num_top_10": 2625, "ndcg_sums": [987.1710652609895, 1218.6503787523573, 1403.4277904126357, 1548.720040418843, 1642.9129598546695, 1706.915724703115, 1771.0875640903407, 1816.0901028013914, 1881.5440923779483, 1943.0431880631647], "map_sums": [2070.0100783260823, 2588.205002809688, 3061.7668816926443, 3330.551694487204, 3535.6093428415984, 3672.067530647462, 3787.7015059724304, 3859.8678443476383, 3956.229542684396, 4003.4316208995756], "mrr_sums": [411.0, 576.0, 667.3333333333344, 738.5833333333354, 790.1833333333403, 828.01666666667, 860.5880952380969, 884.3380952380966, 909.3380952380927, 929.0380952380962], "recall_sums": [411, 741, 1015, 1300, 1558, 1785, 2013, 2203, 2428, 2625]}, {"name": "bow+fosboost", "num_cur": 320000, "num_top": 40740, "num_top_5": 86589, "num_top_10": 108608, "ndcg_sums": [61957.67551892156, 69820.40900188315, 71568.26214966866, 71854.42309170144, 71682.07294487391, 71340.27463291262, 70926.42514595661, 70571.16296968667, 70218.96970466913, 69920.67799684958], "map_sums": [101346.27088011512, 110371.62294974389, 113051.9641624984, 113525.21117740573, 113075.25895129946, 112255.69886154056, 111226.52603462234, 110183.9003608215, 109121.84813435169, 108090.20896783375], "mrr_sums": [40740.0, 50066.5, 53949.16666667489, 56112.666666675854, 57491.46666666932, 58427.96666666474, 59118.25238094756, 59662.50238094739, 60085.72460316507, 60426.22460316156], "recall_sums": [40740, 59393, 71041, 79695, 86589, 92208, 97040, 101394, 105203, 108608]}]}