{"data": "items_CSall_1s_5mindoc_5mincont_wPP_3.1_wNP_both.csv", "num_contexts": 1835797, "num_test_set_items": 490018, "models": [{"name": "bow", "num_cur": 140000, "num_top": 17901, "num_top_5": 37536, "num_top_10": 46882, "ndcg_sums": [26951.56633785664, 30349.571258427226, 31078.850599482386, 31200.617586451666, 31077.552943739065, 30921.929588479605, 30739.2107168481, 30589.733873097644, 30434.025017291657, 30306.067519341377], "map_sums": [4042.7878095512187, 4678.16198615534, 4839.7673016004865, 4871.584365108465, 4853.029493836199, 4812.166085549079, 4765.446700595504, 4720.193613584035, 4668.893892256739, 4617.339674935841], "mrr_sums": [17901.0, 21939.0, 23601.99999999908, 24542.99999999893, 25104.200000000204, 25501.700000000757, 25792.128571430327, 26025.628571430312, 26202.295238096176, 26349.295238095594], "recall_sums": [17901, 25977, 30966, 34730, 37536, 39921, 41954, 43822, 45412, 46882]}, {"name": "npmarker", "num_cur": 29557, "num_top": 4955, "num_top_5": 8219, "num_top_10": 9504, "ndcg_sums": [6485.519112968699, 6817.165999007209, 6652.373363367687, 6462.706211398821, 6281.309446376445, 6101.423073659533, 5975.065166286963, 5824.732446159004, 5694.124012743725, 5588.669424803722], "map_sums": [711.4121603176546, 783.8546865209127, 805.5598362264451, 812.3305526974349, 815.9865482639376, 819.5580478869421, 820.3191689961059, 820.6895763652607, 821.4817216197195, 822.4321112314542], "mrr_sums": [4955.0, 5748.0, 6007.666666666578, 6138.166666666567, 6213.566666666517, 6253.566666666546, 6308.423809523704, 6339.298809523702, 6370.409920634837, 6383.809920634856], "recall_sums": [4955, 6541, 7320, 7842, 8219, 8459, 8843, 9090, 9370, 9504]}, {"name": "fos", "num_cur": 73833, "num_top": 241, "num_top_5": 777, "num_top_10": 1242, "ndcg_sums": [430.2955980045081, 552.3383302137938, 660.5997521380913, 698.8999016471308, 748.5250976811633, 769.4244973565059, 796.6581108911041, 818.1659101759753, 843.6699916075572, 868.3886775762053], "map_sums": [136.0847788354741, 185.43171669696378, 206.11749435039243, 219.22685704447235, 229.21284279904145, 232.84944523316238, 238.82072228655673, 242.6800123087113, 246.37943972450486, 248.8595888821126], "mrr_sums": [241.0, 327.0, 370.99999999999955, 401.9999999999993, 423.59999999999843, 435.7666666666655, 451.0523809523808, 462.30238095238076, 473.41349206349105, 482.91349206349173], "recall_sums": [241, 413, 545, 669, 777, 850, 957, 1047, 1147, 1242]}, {"name": "bow+fosboost", "num_cur": 140000, "num_top": 17924, "num_top_5": 37545, "num_top_10": 46894, "ndcg_sums": [26979.12268704274, 30373.190295446922, 31099.316338666817, 31214.073836970827, 31091.47538392539, 30935.30458206367, 30750.092674471824, 30601.05142114435, 30444.615748035656, 30316.782765365602], "map_sums": [4040.4248666579765, 4679.318730354486, 4841.083228140949, 4871.8127282735495, 4852.3721279299525, 4812.437185487745, 4765.28583974448, 4719.426744432676, 4668.211251059618, 4615.616689389227], "mrr_sums": [17924.0, 21956.0, 23620.666666665747, 24558.416666665595, 25120.816666666877, 25518.983333334094, 25808.840476192236, 26042.590476192217, 26218.47936508031, 26366.279365079718], "recall_sums": [17924, 25988, 30982, 34733, 37545, 39934, 41963, 43833, 45416, 46894]}]}