{"data": "items_CSall_1s_5mindoc_5mincont_wPP_3.1_wNP_both.csv", "num_contexts": 1835797, "num_test_set_items": 490018, "models": [{"name": "bow", "num_cur": 10000, "num_top": 1186, "num_top_5": 2599, "num_top_10": 3214, "ndcg_sums": [1781.6391026925255, 2030.9699738036522, 2074.2244761331967, 2072.2107568091214, 2062.5916179804617, 2050.477412710704, 2042.6739290562027, 2034.5750997079772, 2024.6068523871268, 2017.9148573174184], "map_sums": [322.7662166236968, 378.67809733370257, 390.53298923034765, 392.56853751599584, 392.0584302789938, 389.94265000831905, 386.02033545100744, 382.86334571910595, 377.4643241535873, 373.6537988453819], "mrr_sums": [1186.0, 1495.0, 1614.9999999999918, 1674.9999999999916, 1713.9999999999984, 1738.833333333335, 1757.6904761904755, 1773.9404761904755, 1786.1626984126951, 1795.5626984126914], "recall_sums": [1186, 1804, 2164, 2404, 2599, 2748, 2880, 3010, 3120, 3214]}, {"name": "npmarker", "num_cur": 2032, "num_top": 323, "num_top_5": 533, "num_top_10": 611, "ndcg_sums": [399.215295476651, 405.7822202190217, 397.7826908680943, 379.2277725550954, 365.02248617556353, 356.81919061757156, 347.98281458956086, 339.25408095371125, 333.0237736151545, 327.06624260699994], "map_sums": [52.6572320268558, 58.93584753378783, 61.50023213361661, 61.780607859518284, 62.2028573542041, 62.40643577514856, 62.44440378820427, 62.345729720432175, 62.28575565154509, 62.13123551835061], "mrr_sums": [323.0, 368.0, 391.333333333333, 397.833333333333, 402.63333333333276, 406.7999999999996, 409.3714285714281, 410.9964285714281, 412.7742063492058, 413.3742063492058], "recall_sums": [323, 413, 483, 509, 533, 558, 576, 589, 605, 611]}, {"name": "fos", "num_cur": 5488, "num_top": 21, "num_top_5": 69, "num_top_10": 118, "ndcg_sums": [27.62741699796953, 34.048983906786184, 38.17901134307609, 43.43444877881978, 46.11465624779261, 48.77382482995131, 52.95385559187032, 54.87611699402493, 57.25517957968112, 60.04407863370791], "map_sums": [6.492932120772303, 9.724930895931447, 11.489410012794593, 12.58467605032571, 13.545860660322813, 13.516078350372693, 14.318313762304191, 14.852931828845614, 15.006278967744963, 15.362979941200397], "mrr_sums": [21.0, 25.5, 30.166666666666664, 34.16666666666666, 35.966666666666654, 36.96666666666667, 38.82380952380952, 39.82380952380952, 40.93492063492064, 42.134920634920654], "recall_sums": [21, 30, 44, 60, 69, 75, 88, 96, 106, 118]}, {"name": "bow+fosboost", "num_cur": 10000, "num_top": 1187, "num_top_5": 2599, "num_top_10": 3212, "ndcg_sums": [1783.4675298172717, 2031.7121669966593, 2075.44461002684, 2073.0753996038507, 2063.4236692926484, 2051.5218338415953, 2043.616684211145, 2035.1462982544886, 2025.2078745986114, 2018.0348165955381], "map_sums": [322.899774046666, 378.7154642804813, 390.95512275042233, 392.7619805598801, 392.08448205392153, 390.10696840756754, 386.1270718667667, 382.9590950092457, 377.54763578262276, 373.6382443881226], "mrr_sums": [1187.0, 1495.5, 1615.4999999999916, 1675.4999999999916, 1714.4999999999982, 1739.833333333335, 1758.5476190476184, 1774.5476190476184, 1786.7698412698378, 1795.9698412698342], "recall_sums": [1187, 1804, 2164, 2404, 2599, 2751, 2882, 3010, 3120, 3212]}]}