{"data": "items_CSall_1s_5mindoc_5mincont_wPP_3.1_wNP_both.csv", "num_contexts": 1835797, "num_test_set_items": 490018, "models": [{"name": "bow", "num_cur": 230000, "num_top": 29489, "num_top_5": 62319, "num_top_10": 77827, "ndcg_sums": [44464.477134010245, 50049.99860418143, 51313.34795044332, 51528.48557710087, 51436.84078894596, 51210.21898550128, 50932.59496530022, 50690.10884789447, 50454.80686556913, 50252.93002880392], "map_sums": [6852.4017959561825, 7897.039880922127, 8166.822638608026, 8215.776186052337, 8179.6969286581425, 8102.315561093664, 8022.860630103918, 7938.246671630994, 7849.501906801253, 7761.534470313576], "mrr_sums": [29489.0, 36161.0, 38933.33333333347, 40481.833333334456, 41476.833333333496, 42132.666666666315, 42622.95238095204, 43007.702380951894, 43305.257936504735, 43543.757936502705], "recall_sums": [29489, 42833, 51150, 57344, 62319, 66254, 69686, 72764, 75442, 77827]}, {"name": "npmarker", "num_cur": 47575, "num_top": 7607, "num_top_5": 13043, "num_top_10": 14908, "ndcg_sums": [10011.923943138807, 10603.13375214115, 10357.745235965422, 10057.47838778035, 9771.204673722812, 9487.426676811192, 9277.199136057494, 9049.246093587306, 8848.199918422199, 8674.109197598065], "map_sums": [1183.7051772056336, 1297.7685716917654, 1335.2426001875765, 1345.555040351561, 1351.9452358319907, 1355.534166025813, 1357.4205514060707, 1357.5238145098135, 1358.2488584098983, 1359.897095347076], "mrr_sums": [7607.0, 8926.0, 9367.999999999984, 9583.74999999998, 9705.549999999994, 9770.2166666667, 9845.216666666685, 9889.466666666684, 9932.688888888963, 9953.58888888901], "recall_sums": [7607, 10245, 11571, 12434, 13043, 13431, 13956, 14310, 14699, 14908]}, {"name": "fos", "num_cur": 122065, "num_top": 338, "num_top_5": 1265, "num_top_10": 2083, "ndcg_sums": [664.8145007123794, 856.9942678655541, 1023.9005585861485, 1117.3042929508465, 1196.1865207890962, 1238.4836943209193, 1287.8693064233744, 1325.3048672677448, 1373.287763734055, 1418.3662734100376], "map_sums": [205.1789586778764, 281.3006346279529, 317.54933728832015, 345.7676392532059, 364.2614124455131, 373.919539243111, 384.5232017772716, 391.6281799143301, 398.30351059381275, 403.20602750706325], "mrr_sums": [338.0, 471.0, 543.6666666666656, 602.1666666666666, 643.9666666666693, 670.8000000000014, 696.37142857143, 715.7464285714296, 734.8575396825382, 749.9575396825406], "recall_sums": [338, 604, 822, 1056, 1265, 1426, 1605, 1760, 1932, 2083]}, {"name": "bow+fosboost", "num_cur": 230000, "num_top": 29520, "num_top_5": 62334, "num_top_10": 77840, "ndcg_sums": [44511.217249380294, 50086.37194276694, 51349.926131620174, 51553.059341532564, 51460.938568718055, 51232.833450642625, 50950.963730170646, 50710.158978475585, 50473.796132949596, 50270.642754969624], "map_sums": [6852.675574003858, 7899.797441826195, 8169.698317377857, 8216.628492150388, 8179.9472745442445, 8103.3904080867205, 8023.96406432767, 7938.3564177167655, 7850.026674835223, 7760.078502021326], "mrr_sums": [29520.0, 36186.5, 38962.500000000175, 40505.000000001135, 41501.600000000166, 42158.09999999966, 42647.3857142854, 43033.010714285236, 43329.78849206031, 43568.38849205828], "recall_sums": [29520, 42853, 51181, 57351, 62334, 66273, 69698, 72783, 75454, 77840]}]}