{"data": "items_CSall_1s_5mindoc_5mincont_wPP_3.1_wNP_both.csv", "num_contexts": 1835797, "num_test_set_items": 490018, "models": [{"name": "bow", "num_cur": 230000, "num_top": 29489, "num_top_5": 62319, "num_top_10": 77827, "ndcg_sums": [44464.477134010245, 50049.99860418143, 51313.34795044332, 51528.48557710087, 51436.84078894596, 51210.21898550128, 50932.59496530022, 50690.10884789447, 50454.80686556913, 50252.93002880392], "map_sums": [72495.40179595802, 78936.50930844985, 80839.6777621641, 81180.88015188946, 80892.16188105545, 80298.02668319862, 79576.29118152265, 78859.64296006026, 78123.4381850834, 77398.59476364152], "mrr_sums": [29489.0, 36161.0, 38933.33333333347, 40481.833333334456, 41476.833333333496, 42132.666666666315, 42622.95238095204, 43007.702380951894, 43305.257936504735, 43543.757936502705], "recall_sums": [29489, 42833, 51150, 57344, 62319, 66254, 69686, 72764, 75442, 77827]}, {"name": "npmarker", "num_cur": 47575, "num_top": 7607, "num_top_5": 13043, "num_top_10": 14908, "ndcg_sums": [10011.923943138807, 10603.13375214115, 10357.745235965422, 10057.47838778035, 9771.204673722812, 9487.426676811192, 9277.199136057494, 9049.246093587306, 8848.199918422199, 8674.109197598065], "map_sums": [14596.705177206446, 15405.55142370769, 15786.093626486716, 15895.878642151583, 16004.823934980237, 16089.672484532895, 16144.494841091777, 16154.987626380498, 16170.96294240313, 16188.501425150156], "mrr_sums": [7607.0, 8926.0, 9367.999999999984, 9583.74999999998, 9705.549999999994, 9770.2166666667, 9845.216666666685, 9889.466666666684, 9932.688888888963, 9953.58888888901], "recall_sums": [7607, 10245, 11571, 12434, 13043, 13431, 13956, 14310, 14699, 14908]}, {"name": "fos", "num_cur": 122065, "num_top": 338, "num_top_5": 1265, "num_top_10": 2083, "ndcg_sums": [664.8145007123794, 856.9942678655541, 1023.9005585861485, 1117.3042929508465, 1196.1865207890962, 1238.4836943209193, 1287.8693064233744, 1325.3048672677448, 1373.287763734055, 1418.3662734100376], "map_sums": [1332.1789586778705, 1708.864637201829, 2099.6540842724417, 2321.675838048248, 2479.9406327960096, 2574.1987555702317, 2656.0725724869417, 2707.187489141413, 2771.4408467795733, 2813.4777173117977], "mrr_sums": [338.0, 471.0, 543.6666666666656, 602.1666666666666, 643.9666666666693, 670.8000000000014, 696.37142857143, 715.7464285714296, 734.8575396825382, 749.9575396825406], "recall_sums": [338, 604, 822, 1056, 1265, 1426, 1605, 1760, 1932, 2083]}, {"name": "bow+fosboost", "num_cur": 230000, "num_top": 29520, "num_top_5": 62334, "num_top_10": 77840, "ndcg_sums": [44511.217249380294, 50086.37194276694, 51349.926131620174, 51553.059341532564, 51460.938568718055, 51232.833450642625, 50950.963730170646, 50710.158978475585, 50473.796132949596, 50270.642754969624], "map_sums": [72564.67557400586, 79004.05726460018, 80899.01153350818, 81225.65219261356, 80935.81958703017, 80339.50722289557, 79618.13133407685, 78897.18534521718, 78160.45811436242, 77429.15493748599], "mrr_sums": [29520.0, 36186.5, 38962.500000000175, 40505.000000001135, 41501.600000000166, 42158.09999999966, 42647.3857142854, 43033.010714285236, 43329.78849206031, 43568.38849205828], "recall_sums": [29520, 42853, 51181, 57351, 62334, 66273, 69698, 72783, 75454, 77840]}]}