{"data": "items_CSall_1s_5mindoc_5mincont_wPP_3.1_wNP_both.csv", "num_contexts": 1835797, "num_test_set_items": 490018, "models": [{"name": "bow", "num_cur": 420000, "num_top": 50632, "num_top_5": 108987, "num_top_10": 137208, "ndcg_sums": [78891.72029276876, 89114.47011403846, 91506.3447293851, 91976.32822199052, 91788.41318733961, 91379.04229872825, 90844.32679275065, 90366.7115912285, 89896.07673402778, 89485.10101803728], "map_sums": [11514.221507475744, 13262.92834901263, 13716.598427714816, 13787.074879786709, 13725.391381933554, 13595.971132051947, 13453.66455026325, 13307.42967314959, 13150.45188708269, 13002.990527559052], "mrr_sums": [50632.0, 62398.0, 67377.66666667996, 70145.1666666767, 71907.96666666165, 73112.13333332395, 73991.27619046062, 74687.02619045983, 75231.80396823035, 75669.10396822957], "recall_sums": [50632, 74164, 89103, 100173, 108987, 116212, 122366, 127932, 132835, 137208]}, {"name": "npmarker", "num_cur": 86917, "num_top": 12545, "num_top_5": 22211, "num_top_10": 25370, "ndcg_sums": [16851.164194432407, 18021.48811364586, 17678.227067488107, 17166.78245435806, 16638.413783889915, 16144.786999141339, 15732.657329810729, 15327.029979083767, 14977.920706473993, 14679.49093550706], "map_sums": [1857.6045946528216, 2059.7245207263486, 2121.9651448672366, 2141.9564732491813, 2152.342941061705, 2159.124556508398, 2162.7170469749085, 2163.079606246611, 2163.677300521505, 2166.626115304998], "mrr_sums": [12545.0, 14861.0, 15666.666666667312, 16053.416666667308, 16267.416666667657, 16390.250000000826, 16500.25000000076, 16576.750000000768, 16640.638888889727, 16687.138888889804], "recall_sums": [12545, 17177, 19594, 21141, 22211, 22948, 23718, 24330, 24905, 25370]}, {"name": "fos", "num_cur": 221976, "num_top": 490, "num_top_5": 1932, "num_top_10": 3287, "ndcg_sums": [1167.6533880424006, 1458.364889092343, 1765.5446909000677, 1941.2722462480413, 2069.0861850343576, 2155.3304022923503, 2238.5515150385127, 2323.786080240317, 2403.0853930916433, 2478.3883136305776], "map_sums": [310.87765759619, 424.62748275065667, 486.68089136712996, 528.3669219057424, 557.7843244850233, 574.9884999416508, 592.6272894931137, 604.5010007920075, 615.1070670122688, 621.4165868407897], "mrr_sums": [490.0, 697.5, 814.8333333333374, 900.3333333333384, 966.9333333333467, 1017.6000000000067, 1059.3142857142884, 1090.3142857142889, 1119.4253968253952, 1144.3253968253978], "recall_sums": [490, 905, 1257, 1599, 1932, 2236, 2528, 2776, 3038, 3287]}, {"name": "bow+fosboost", "num_cur": 420000, "num_top": 50673, "num_top_5": 109012, "num_top_10": 137223, "ndcg_sums": [78967.51423200782, 89177.33409320688, 91566.87056084319, 92019.53666819139, 91829.77974403101, 91417.64720312378, 90876.8526989857, 90401.0284286441, 89927.25699471244, 89514.33069626981], "map_sums": [11514.89431357088, 13266.674711563894, 13720.91001184677, 13789.770870932976, 13726.668520371166, 13598.056045216934, 13455.537905650599, 13307.762528928535, 13151.924549035737, 13001.914869463104], "mrr_sums": [50673.0, 62437.5, 67420.50000001318, 70182.25000000992, 71945.0499999949, 73150.54999999063, 74028.69285712729, 74724.94285712639, 75268.05396823029, 75705.35396822958], "recall_sums": [50673, 74202, 89151, 100198, 109012, 116245, 122392, 127962, 132850, 137223]}]}