{"data": "items_CSall_1s_5mindoc_5mincont_wPP_3.1_wNP_both.csv", "num_contexts": 1835797, "num_test_set_items": 490018, "models": [{"name": "bow", "num_cur": 280000, "num_top": 35427, "num_top_5": 75523, "num_top_10": 94619, "ndcg_sums": [53745.59479589606, 60658.771633422715, 62197.36817283187, 62478.592274997776, 62346.55111670204, 62065.35824513476, 61721.4556734358, 61432.09010524103, 61133.81471767358, 60884.976898271845], "map_sums": [8248.662699295846, 9504.123539624974, 9828.450701649663, 9883.95066465122, 9837.403540305106, 9746.451483670618, 9650.019794045742, 9543.769299724187, 9433.461036760378, 9326.165460220118], "mrr_sums": [35427.0, 43591.0, 46963.66666667117, 48870.16666667216, 50074.966666668144, 50883.13333333208, 51484.276190473334, 51959.27619047319, 52325.720634913916, 52619.82063491108], "recall_sums": [35427, 51755, 61873, 69499, 75523, 80372, 84580, 88380, 91678, 94619]}, {"name": "npmarker", "num_cur": 58288, "num_top": 9012, "num_top_5": 15740, "num_top_10": 18085, "ndcg_sums": [11976.112252342808, 12771.866052883817, 12493.11028448741, 12136.16113566384, 11778.285059264423, 11433.869991911259, 11164.570033988792, 10894.091805150767, 10656.210593491023, 10449.912551062775], "map_sums": [1401.1310781256836, 1541.2697924087267, 1584.2052145268956, 1597.5026695487445, 1604.8725999708968, 1609.3244221581508, 1611.8052390875378, 1611.4584990503015, 1612.0663041602227, 1613.966636387883], "mrr_sums": [9012.0, 10643.5, 11195.16666666685, 11464.916666666846, 11611.116666666949, 11697.283333333577, 11782.4261904764, 11842.051190476399, 11893.495634920915, 11922.695634920992], "recall_sums": [9012, 12275, 13930, 15009, 15740, 16257, 16853, 17330, 17793, 18085]}, {"name": "fos", "num_cur": 149257, "num_top": 375, "num_top_5": 1426, "num_top_10": 2381, "ndcg_sums": [870.3994205982337, 1078.078266906453, 1255.8434346995718, 1384.1654289064554, 1467.5005676066576, 1521.724786725534, 1578.655450490984, 1617.4033633765232, 1675.321968830887, 1728.950930913065], "map_sums": [240.14221710531982, 327.471262446368, 369.6725021566601, 401.52731901839195, 423.03452217269313, 435.007849910365, 447.7552898274022, 455.229521100899, 463.0778054602899, 468.03425957694924], "mrr_sums": [375.0, 525.5, 609.8333333333336, 676.3333333333346, 722.5333333333383, 755.5333333333357, 785.2476190476204, 806.6226190476201, 829.6226190476167, 846.7226190476196], "recall_sums": [375, 676, 929, 1195, 1426, 1624, 1832, 2003, 2210, 2381]}, {"name": "bow+fosboost", "num_cur": 280000, "num_top": 35457, "num_top_5": 75544, "num_top_10": 94634, "ndcg_sums": [53795.477046889806, 60699.773001147456, 62241.10388932151, 62506.17311740338, 62375.056485621135, 62092.11261317943, 61742.16019459668, 61455.07334557986, 61155.08574282783, 60905.36190075268], "map_sums": [8248.81321350384, 9506.891384690754, 9832.088720989386, 9885.333753756602, 9838.059351392558, 9748.1582196774, 9651.403802193066, 9543.941354566856, 9434.101893431873, 9324.612764265177], "mrr_sums": [35457.0, 43619.5, 46996.50000000455, 48895.50000000551, 50102.50000000148, 50911.333333332084, 51510.761904759085, 51987.01190475892, 52352.45634919966, 52646.65634919682], "recall_sums": [35457, 51782, 61913, 69509, 75544, 80397, 84593, 88403, 91692, 94634]}]}