{"data": "items_CSall_1s_5mindoc_5mincont_wPP_3.1_wNP_both.csv", "num_contexts": 1835797, "num_test_set_items": 490018, "models": [{"name": "bow", "num_cur": 40000, "num_top": 5523, "num_top_5": 10794, "num_top_10": 13334, "ndcg_sums": [7672.768388716897, 8374.289073210317, 8436.041521509616, 8397.724647413419, 8325.272482194265, 8254.588825214974, 8188.010039025497, 8133.9471493143365, 8081.180980407627, 8047.575011980874], "map_sums": [1251.571649612573, 1465.493396446527, 1517.7578834591561, 1531.3944733974802, 1528.2772940811415, 1518.0728567022422, 1504.3940798413598, 1491.3764788755407, 1475.1414924233948, 1461.5608261091274], "mrr_sums": [5523.0, 6627.5, 7072.166666666455, 7319.666666666448, 7467.266666666365, 7569.933333333131, 7648.219047618776, 7712.719047618774, 7760.607936507721, 7803.507936507798], "recall_sums": [5523, 7732, 9066, 10056, 10794, 11410, 11958, 12474, 12905, 13334]}, {"name": "npmarker", "num_cur": 8363, "num_top": 1721, "num_top_5": 2530, "num_top_10": 2900, "ndcg_sums": [2094.206419698163, 2075.46783704833, 1993.1079931255135, 1896.2547876330532, 1827.17476937283, 1764.230140249523, 1713.7719335304976, 1667.3418430860577, 1634.3428617292357, 1599.6336685971964], "map_sums": [247.31154409738755, 271.14721369948165, 277.81720509334986, 279.7139011062399, 281.2051362533773, 282.555552157398, 282.66114809897147, 282.79500412124605, 282.9197244190088, 283.13725716692767], "mrr_sums": [1721.0, 1907.0, 1978.9999999999916, 2005.7499999999916, 2028.549999999995, 2042.5499999999981, 2052.5499999999965, 2057.7999999999965, 2073.3555555555486, 2076.7555555555464], "recall_sums": [1721, 2093, 2309, 2416, 2530, 2614, 2684, 2726, 2866, 2900]}, {"name": "fos", "num_cur": 21436, "num_top": 90, "num_top_5": 258, "num_top_10": 415, "ndcg_sums": [139.29141392239814, 158.23769958956655, 175.52342824693463, 191.81910372821918, 202.4540902937695, 210.08407463167183, 220.4932983906394, 227.13102016021244, 235.64829259460885, 243.0223741276584], "map_sums": [40.454587804434624, 56.669469943539596, 63.51200070956218, 68.71014428880133, 72.37958466869253, 74.01492914720534, 76.20292872293595, 76.61337022741144, 77.85055323813194, 78.95566512377727], "mrr_sums": [90.0, 112.5, 125.83333333333327, 138.5833333333333, 144.98333333333335, 148.8166666666667, 153.53095238095233, 156.7809523809523, 161.6698412698413, 164.76984126984124], "recall_sums": [90, 135, 175, 226, 258, 281, 314, 340, 384, 415]}, {"name": "bow+fosboost", "num_cur": 40000, "num_top": 5532, "num_top_5": 10796, "num_top_10": 13337, "ndcg_sums": [7681.354175154521, 8379.927878464303, 8442.933902436413, 8400.642843002737, 8328.666023116866, 8257.738275441598, 8190.968704452595, 8136.40708531185, 8083.639359353614, 8050.08214977985], "map_sums": [1250.3906506438664, 1465.216686798733, 1518.1887785071215, 1531.0386119262585, 1527.8229608390798, 1517.8605210207165, 1503.8230098488575, 1490.5721720506176, 1474.4527105883678, 1460.7274614127527], "mrr_sums": [5532.0, 6633.0, 7079.999999999786, 7324.999999999779, 7473.199999999696, 7576.199999999793, 7654.199999999727, 7718.699999999725, 7766.366666666449, 7809.5666666665265], "recall_sums": [5532, 7734, 9075, 10055, 10796, 11414, 11960, 12476, 12905, 13337]}]}