{"data": "items_CSall_1s_5mindoc_5mincont_wPP_3.1_wNP_both.csv", "num_contexts": 1835797, "num_test_set_items": 490018, "models": [{"name": "bow", "num_cur": 450000, "num_top": 52130, "num_top_5": 112217, "num_top_10": 141343, "ndcg_sums": [82030.8344268775, 92689.22360541845, 95229.19002109568, 95739.34826759192, 95557.41314369242, 95136.22357185773, 94586.48127410482, 94103.59173241706, 93621.96814419622, 93200.54063255468], "map_sums": [124317.0, 144275.0, 150095.16666664774, 151753.13888891158, 151741.5013889176, 150988.26638889193, 149887.54789684043, 148686.05888890865, 147387.82563494757, 146093.1457710148], "mrr_sums": [52130.0, 64221.5, 69358.500000011, 72207.00000000774, 74026.79999999187, 75268.96666665527, 76174.25238093441, 76892.75238093363, 77454.97460314834, 77907.77460314846], "recall_sums": [52130, 76313, 91724, 103118, 112217, 119670, 126007, 131755, 136815, 141343]}, {"name": "npmarker", "num_cur": 92452, "num_top": 12739, "num_top_5": 22521, "num_top_10": 25760, "ndcg_sums": [17244.815131496354, 18443.63729795234, 18100.410145760394, 17588.681162944486, 17051.3716436307, 16552.573127253796, 16132.737152036014, 15721.275971244928, 15369.50479954697, 15067.32621646369], "map_sums": [23617.0, 26783.0, 27857.333333330498, 28270.999999999465, 28563.255555555363, 28787.850555556684, 28937.151071430177, 28972.735901361815, 29004.707015305794, 29057.783206726355], "mrr_sums": [12739.0, 15083.0, 15896.666666667326, 16287.666666667323, 16505.46666666766, 16634.300000000854, 16745.728571429376, 16823.978571429383, 16889.534126984985, 16936.534126985054], "recall_sums": [12739, 17427, 19868, 21432, 22521, 23294, 24074, 24700, 25290, 25760]}, {"name": "fos", "num_cur": 236672, "num_top": 500, "num_top_5": 2005, "num_top_10": 3459, "ndcg_sums": [1209.962045907503, 1514.5938800029755, 1829.7121939990607, 2013.4539946630316, 2149.105316638229, 2240.932011033684, 2323.923245938472, 2412.000500841253, 2497.9944107684905, 2580.182573822123], "map_sums": [2214.0, 3062.0, 3902.166666666842, 4303.250000000134, 4616.009722222162, 4821.060277777736, 4995.517301587164, 5094.611309523826, 5224.135155895849, 5306.131461640378], "mrr_sums": [500.0, 713.5, 836.1666666666713, 926.4166666666723, 996.2166666666814, 1047.8833333333403, 1090.8833333333357, 1123.2583333333362, 1156.4805555555527, 1184.980555555552], "recall_sums": [500, 927, 1295, 1656, 2005, 2315, 2616, 2875, 3174, 3459]}, {"name": "bow+fosboost", "num_cur": 450000, "num_top": 52168, "num_top_5": 112241, "num_top_10": 141359, "ndcg_sums": [82111.0842102392, 92755.5491157384, 95292.20764227302, 95784.7785829789, 95600.14710581925, 95176.65644870275, 94620.66807167094, 94139.57831881772, 93654.21239065738, 93231.42041905892], "map_sums": [124457.0, 144400.5, 150202.0833333146, 151850.3611111337, 151828.9583333622, 151074.63638889178, 149969.4232539835, 148754.7356632853, 147461.17679282743, 146155.89930669783], "mrr_sums": [52168.0, 64260.0, 69400.0000000109, 72242.75000000764, 74062.34999999178, 75306.0166666553, 76210.30238093443, 76929.17738093353, 77489.84404759273, 77942.74404759293], "recall_sums": [52168, 76352, 91772, 103143, 112241, 119703, 126033, 131784, 136830, 141359]}]}