{"data": "items_CSall_1s_5mindoc_5mincont_wPP_3.1_wNP_both.csv", "num_contexts": 1835797, "num_test_set_items": 490018, "models": [{"name": "bow", "num_cur": 160000, "num_top": 20381, "num_top_5": 42855, "num_top_10": 53639, "ndcg_sums": [30730.540069459414, 34585.33251130592, 35412.600776602216, 35539.520470908996, 35402.551781302696, 35221.379466917984, 35011.83138574795, 34845.26062308623, 34678.24670705707, 34541.23656945491], "map_sums": [45367.0, 52711.5, 54800.166666679375, 55396.13888889616, 55405.99722221986, 55112.770277770855, 54700.74301586594, 54270.97316892767, 53812.704651350985, 53345.99309758992], "mrr_sums": [20381.0, 24979.5, 26886.499999998192, 27960.749999998043, 28612.549999999646, 29067.883333333953, 29402.311904764003, 29670.81190476399, 29877.923015873854, 30047.82301587294], "recall_sums": [20381, 29578, 35299, 39596, 42855, 45587, 47928, 50076, 51940, 53639]}, {"name": "npmarker", "num_cur": 33402, "num_top": 5523, "num_top_5": 9200, "num_top_10": 10591, "ndcg_sums": [7223.760887104139, 7594.952316441718, 7389.990225074489, 7176.7069898581585, 6968.699779426531, 6760.982621913508, 6614.430594308021, 6446.925430420394, 6302.231110665821, 6183.956159609738], "map_sums": [9629.0, 10764.0, 11126.333333333572, 11236.222222222219, 11347.1986111114, 11424.951944444494, 11467.312658730143, 11495.715680272144, 11521.201924603212, 11534.527748488421], "mrr_sums": [5523.0, 6424.0, 6707.666666666556, 6857.916666666545, 6942.516666666487, 6986.516666666523, 7044.516666666533, 7079.266666666531, 7112.3777777776695, 7126.877777777692], "recall_sums": [5523, 7325, 8176, 8777, 9200, 9464, 9870, 10148, 10446, 10591]}, {"name": "fos", "num_cur": 84732, "num_top": 270, "num_top_5": 893, "num_top_10": 1441, "ndcg_sums": [494.08953724384907, 631.4131436814268, 749.4544563386945, 797.9283492585147, 854.2156074922748, 878.6409716762395, 910.9872107826998, 936.0211850349758, 968.4607973759586, 997.7259706412008], "map_sums": [811.0, 1165.5, 1474.5000000000011, 1617.2222222222215, 1736.6458333333496, 1810.4375000000275, 1874.411428571446, 1908.5409920635082, 1954.8630952381036, 1982.0419945200192], "mrr_sums": [270.0, 366.0, 417.9999999999991, 455.49999999999886, 480.4999999999978, 495.33333333333184, 512.9047619047617, 525.9047619047614, 538.7936507936491, 550.3936507936507], "recall_sums": [270, 462, 618, 768, 893, 982, 1105, 1209, 1325, 1441]}, {"name": "bow+fosboost", "num_cur": 160000, "num_top": 20403, "num_top_5": 42865, "num_top_10": 53652, "ndcg_sums": [30760.410127144503, 34610.750326063564, 35435.2755196015, 35554.57086810628, 35417.75613653588, 35236.22983178403, 35024.27105170842, 34858.08605530272, 34689.742129521685, 34552.94540350314], "map_sums": [45408.0, 52753.5, 54840.00000001275, 55429.77777778504, 55432.84305555323, 55141.17861110414, 54728.75992062781, 54295.41237527687, 53836.24625849385, 53364.57304279027], "mrr_sums": [20403.0, 24996.5, 26905.16666666486, 27976.166666664707, 28629.16666666632, 29085.16666666729, 29419.30952381163, 29687.93452381161, 29894.156746032597, 30064.85674603167], "recall_sums": [20403, 29590, 35316, 39600, 42865, 45601, 47940, 50089, 51945, 53652]}]}