{"data": "items_CSall_1s_5mindoc_5mincont_wPP_3.1_wNP_both.csv", "num_contexts": 1835797, "num_test_set_items": 490018, "models": [{"name": "bow", "num_cur": 300000, "num_top": 37912, "num_top_5": 80982, "num_top_10": 101609, "ndcg_sums": [57701.88136943322, 65147.99759617825, 66797.95450414062, 67096.12003427607, 66949.8674277415, 66649.8779072215, 66278.55702564496, 65960.64644024555, 65634.63745214771, 65365.7186689283], "map_sums": [8799.431901090138, 10136.727917158621, 10481.200981830807, 10538.870108743477, 10488.146916391597, 10393.34869739449, 10289.17745825871, 10176.503046237985, 10058.869875468587, 9944.039622714276], "mrr_sums": [37912.0, 46666.0, 50303.000000006425, 52348.000000007414, 53642.2000000021, 54519.69999999836, 55165.84285713896, 55676.092857138814, 56072.203968245776, 56391.40396824257], "recall_sums": [37912, 55420, 66331, 74511, 80982, 86247, 90770, 94852, 98417, 101609]}, {"name": "npmarker", "num_cur": 62521, "num_top": 9506, "num_top_5": 16918, "num_top_10": 19414, "ndcg_sums": [12689.231226838301, 13616.764231191719, 13339.976640869214, 12974.715860207, 12591.658022558562, 12221.364675691086, 11929.136800689621, 11641.63160172948, 11388.918196468996, 11168.762883098101], "map_sums": [1492.776489864138, 1646.3658768987561, 1693.3487616094742, 1707.5707619640343, 1715.5167167233092, 1720.346310542637, 1722.059946488182, 1721.9868676974622, 1722.6525285598223, 1724.7710042151741], "mrr_sums": [9506.0, 11300.0, 11894.666666666928, 12203.166666666924, 12364.366666667082, 12457.200000000352, 12546.200000000312, 12610.32500000031, 12663.547222222607, 12695.947222222696], "recall_sums": [9506, 13094, 14878, 16112, 16918, 17475, 18098, 18611, 19090, 19414]}, {"name": "fos", "num_cur": 159998, "num_top": 382, "num_top_5": 1486, "num_top_10": 2492, "ndcg_sums": [914.6786412118133, 1136.933080720071, 1318.1766938781116, 1455.8371404752716, 1546.7467325639666, 1604.3000750042181, 1663.876674199328, 1706.572666137767, 1770.3284058338797, 1826.429137440105], "map_sums": [247.87000551113894, 338.75532637729384, 383.27193989842164, 417.26160631465405, 440.09091410703354, 452.5666129823881, 465.93651402605576, 473.99980015708087, 482.7195950786203, 487.7592234088764], "mrr_sums": [382.0, 540.5, 628.1666666666673, 697.6666666666683, 746.8666666666727, 781.700000000003, 812.8428571428589, 835.4678571428585, 859.4678571428549, 877.667857142858], "recall_sums": [382, 699, 962, 1240, 1486, 1695, 1913, 2094, 2310, 2492]}, {"name": "bow+fosboost", "num_cur": 300000, "num_top": 37942, "num_top_5": 81003, "num_top_10": 101624, "ndcg_sums": [57753.420474676444, 65192.81356132408, 66843.57820322808, 67125.97666686006, 66980.19844712225, 66678.0525114881, 66301.04084972735, 65985.0384240213, 65657.12372544118, 65387.390627472], "map_sums": [8799.34185127472, 10139.67973410971, 10484.948217829353, 10540.403335544428, 10488.905886700111, 10395.141203408639, 10290.649541232526, 10176.775419115553, 10059.58099199864, 9942.586352238739], "mrr_sums": [37942.0, 46697.0, 50337.00000000646, 52375.50000000742, 53670.900000002104, 54549.399999998364, 55193.82857142471, 55705.20357142454, 56100.20357142041, 56419.503571417205], "recall_sums": [37942, 55452, 66372, 74526, 81003, 86274, 90785, 94876, 98431, 101624]}]}