{"data": "items_CSall_1s_5mindoc_5mincont_wPP_3.1_wNP_both.csv", "num_contexts": 1835797, "num_test_set_items": 490018, "models": [{"name": "bow", "num_cur": 50000, "num_top": 6596, "num_top_5": 14111, "num_top_10": 17448, "ndcg_sums": [9616.859510388018, 10862.446710894486, 11064.563727334948, 11080.029676686288, 11009.293686883977, 10931.990652102253, 10846.795711578628, 10769.225842209293, 10693.323945341033, 10641.377407638365], "map_sums": [13889.0, 16367.5, 17035.250000001226, 17250.222222222408, 17271.12638889042, 17200.37694444536, 17064.664841270493, 16922.062301587808, 16769.728150510742, 16610.486022613288], "mrr_sums": [6596.0, 8216.0, 8839.666666666506, 9186.416666666555, 9389.816666666668, 9533.983333333379, 9636.983333333306, 9718.108333333312, 9780.330555555624, 9834.53055555575], "recall_sums": [6596, 9836, 11707, 13094, 14111, 14976, 15697, 16346, 16906, 17448]}, {"name": "npmarker", "num_cur": 10520, "num_top": 2092, "num_top_5": 3187, "num_top_10": 3629, "ndcg_sums": [2590.2989155347723, 2596.017925032335, 2493.751624518875, 2379.7767828272627, 2298.495897720174, 2225.163413887128, 2160.1228571234765, 2102.2775747786573, 2057.998734571908, 2014.4119706242047], "map_sums": [3295.0, 3640.0, 3744.916666666734, 3779.75000000001, 3820.019444444422, 3855.9158333332866, 3872.973571428563, 3881.717715419493, 3890.598411281179, 3898.0161471718266], "mrr_sums": [2092.0, 2345.0, 2434.3333333333303, 2475.0833333333326, 2506.6833333333284, 2523.016666666663, 2534.5880952380917, 2542.9630952380917, 2559.8519841269795, 2564.2519841269764], "recall_sums": [2092, 2598, 2866, 3029, 3187, 3285, 3366, 3433, 3585, 3629]}, {"name": "fos", "num_cur": 26535, "num_top": 102, "num_top_5": 297, "num_top_10": 475, "ndcg_sums": [169.1025971044417, 192.56764553159144, 219.61413532505108, 235.66143553929942, 249.20233909063754, 256.6694952193536, 268.3227479442479, 279.06338164731335, 289.56598709947957, 298.1829038710969], "map_sums": [264.0, 343.5, 423.9166666666654, 464.83333333333155, 491.7388888888856, 514.1944444444417, 532.4866666666668, 539.6953968253974, 551.0211904761912, 558.6072675736983], "mrr_sums": [102.0, 129.0, 144.3333333333333, 158.08333333333334, 166.08333333333331, 169.91666666666666, 175.0595238095237, 179.18452380952368, 184.74007936507937, 188.34007936507928], "recall_sums": [102, 156, 202, 257, 297, 320, 356, 389, 439, 475]}, {"name": "bow+fosboost", "num_cur": 50000, "num_top": 6607, "num_top_5": 14113, "num_top_10": 17451, "ndcg_sums": [9627.859510388014, 10870.570826812467, 11072.720469197086, 11084.01508722698, 11013.82461822885, 10936.665541850847, 10850.790973592528, 10772.781676831066, 10697.06761326824, 10644.640332019835], "map_sums": [13900.0, 16379.0, 17047.50000000122, 17259.944444444634, 17278.050000001538, 17208.859722223136, 17071.777896826054, 16928.474325397343, 16775.861427154734, 16615.65809130188], "mrr_sums": [6607.0, 8222.0, 8848.66666666651, 9192.666666666553, 9396.666666666662, 9541.666666666712, 9644.095238095208, 9725.345238095211, 9787.23412698419, 9841.634126984316], "recall_sums": [6607, 9837, 11717, 13093, 14113, 14983, 15700, 16350, 16907, 17451]}]}