{"data": "items_CSall_1s_5mindoc_5mincont_wPP_3.1_wNP_both.csv", "num_contexts": 1835797, "num_test_set_items": 490018, "models": [{"name": "bow", "num_cur": 80000, "num_top": 10564, "num_top_5": 22296, "num_top_10": 27707, "ndcg_sums": [15954.989514288234, 18037.080136552, 18476.537065628923, 18538.8691525547, 18457.310423247294, 18331.88885241098, 18187.81631753408, 18059.8282832042, 17927.672394969835, 17820.233636371697], "map_sums": [23579.0, 27453.0, 28535.749999996224, 28843.24999999875, 28829.186111111172, 28668.077777779596, 28429.08686508293, 28182.228928573197, 27917.784630102546, 27644.648827475074], "mrr_sums": [10564.0, 12987.5, 13986.166666667188, 14543.916666667237, 14875.516666667816, 15111.35000000086, 15274.492857143536, 15409.367857143541, 15510.590079365924, 15596.990079366167], "recall_sums": [10564, 15411, 18407, 20638, 22296, 23711, 24853, 25932, 26843, 27707]}, {"name": "npmarker", "num_cur": 17699, "num_top": 3339, "num_top_5": 5391, "num_top_10": 6258, "ndcg_sums": [4367.078061809845, 4579.8862672674, 4422.03374489827, 4295.495479471191, 4172.226236237736, 4043.0830191909713, 3965.689665660056, 3852.751490447449, 3757.513779018338, 3679.418837367563], "map_sums": [5821.0, 6446.5, 6622.083333333266, 6653.777777777748, 6726.951388888832, 6774.077222222159, 6795.8527777777, 6811.937777777714, 6824.4194189341615, 6829.491369834953], "mrr_sums": [3339.0, 3879.0, 4010.000000000016, 4098.000000000017, 4143.399999999995, 4165.899999999991, 4207.900000000031, 4225.525000000029, 4250.1916666667075, 4257.691666666705], "recall_sums": [3339, 4419, 4812, 5164, 5391, 5526, 5820, 5961, 6183, 6258]}, {"name": "fos", "num_cur": 42104, "num_top": 127, "num_top_5": 397, "num_top_10": 641, "ndcg_sums": [233.03867196751372, 291.84880061847883, 374.97719463846056, 403.608867801655, 432.8521038794701, 440.6962471890013, 451.7934183273402, 462.5588220167909, 474.144479874934, 487.56482906355484], "map_sums": [383.0, 558.0, 767.2500000000143, 844.9722222222368, 914.6916666666847, 953.5361111111253, 984.8620634920779, 1000.931507936523, 1023.3938095238213, 1033.5075321239747], "mrr_sums": [127.0, 165.5, 187.1666666666668, 206.66666666666686, 216.6666666666667, 222.49999999999994, 230.07142857142836, 236.19642857142833, 242.30753968253958, 247.5075396825394], "recall_sums": [127, 204, 269, 347, 397, 432, 485, 534, 589, 641]}, {"name": "bow+fosboost", "num_cur": 80000, "num_top": 10581, "num_top_5": 22299, "num_top_10": 27712, "ndcg_sums": [15975.303222787217, 18050.294395586316, 18490.012020988954, 18546.90638857403, 18465.894369814832, 18340.189776563522, 18194.843854733885, 18067.062637155086, 17934.632773356407, 17826.265966592826], "map_sums": [23604.0, 27475.0, 28557.33333332955, 28860.361111109847, 28842.781944444494, 28682.86055555735, 28442.442936511496, 28193.64874149837, 27929.632029478966, 27654.585546106988], "mrr_sums": [10581.0, 12997.0, 13999.33333333386, 14554.333333333903, 14886.133333334477, 15122.966666667526, 15285.395238095913, 15420.770238095916, 15521.436904762744, 15608.036904762987], "recall_sums": [10581, 15413, 18420, 20640, 22299, 23720, 24857, 25940, 26846, 27712]}]}