{"data": "items_CSall_1s_5mindoc_5mincont_wPP_3.1_wNP_both.csv", "num_contexts": 1835797, "num_test_set_items": 490018, "models": [{"name": "bow", "num_cur": 380000, "num_top": 47123, "num_top_5": 101274, "num_top_10": 127233, "ndcg_sums": [72889.98307442793, 82329.23472273671, 84532.54362623024, 84967.3205978332, 84787.09484557787, 84420.61822187479, 83937.24302101738, 83502.59336201604, 83075.3115604946, 82707.38462231893], "map_sums": [109330.0, 126576.5, 131500.74999991106, 132846.1111111045, 132751.05416661984, 132045.9144444032, 131041.032182498, 129942.05372446496, 128783.24454078544, 127640.13382021674], "mrr_sums": [47123.0, 58065.0, 62690.33333334695, 65260.58333334794, 66882.58333333553, 67995.41666666183, 68806.55952379949, 69445.0595237987, 69943.05952379212, 70344.45952378925], "recall_sums": [47123, 69007, 82883, 93164, 101274, 107951, 113629, 118737, 123219, 127233]}, {"name": "npmarker", "num_cur": 79091, "num_top": 11791, "num_top_5": 20818, "num_top_10": 23739, "ndcg_sums": [15772.006547969342, 16856.219879479504, 16530.948732438086, 16058.817784171639, 15566.577546079523, 15099.26662506344, 14719.316303749816, 14345.674967540099, 14019.240411520672, 13734.75946969175], "map_sums": [21402.0, 24207.5, 25144.833333331484, 25503.083333333056, 25754.19166666683, 25948.633333334245, 26074.59900793768, 26103.758185942046, 26130.80428996574, 26171.685913800287], "mrr_sums": [11791.0, 13947.5, 14699.500000000548, 15071.750000000544, 15265.55000000082, 15375.050000000696, 15479.4785714292, 15552.728571429197, 15613.728571429287, 15653.528571429402], "recall_sums": [11791, 16104, 18360, 19849, 20818, 21475, 22206, 22792, 23341, 23739]}, {"name": "fos", "num_cur": 201910, "num_top": 449, "num_top_5": 1781, "num_top_10": 3016, "ndcg_sums": [1084.4036046803437, 1355.2163778873191, 1638.6588423661708, 1793.9273779796763, 1909.7385046850457, 1984.8702019055054, 2056.6524812040575, 2136.365321572383, 2207.939076925586, 2274.8150805283035], "map_sums": [1983.0, 2749.5, 3507.083333333466, 3835.2500000001432, 4101.748611111156, 4277.028333333311, 4422.094880952319, 4499.9141269842075, 4614.553806689534, 4674.6088756615045], "mrr_sums": [449.0, 635.5, 742.5000000000028, 822.5000000000039, 886.1000000000115, 931.4333333333394, 969.4333333333366, 997.4333333333362, 1024.5444444444433, 1047.4444444444478], "recall_sums": [449, 822, 1143, 1463, 1781, 2053, 2319, 2543, 2787, 3016]}, {"name": "bow+fosboost", "num_cur": 380000, "num_top": 47163, "num_top_5": 101298, "num_top_10": 127249, "ndcg_sums": [72958.97802379381, 82388.03738389914, 84590.62662595292, 85007.27364540326, 84825.91961647912, 84456.55191995119, 83967.5482908931, 83534.73615512138, 83104.48646746614, 82734.94754068709], "map_sums": [109440.0, 126679.5, 131590.08333324466, 132925.83333332665, 132822.60277773134, 132117.70416662554, 131109.20710313314, 130000.45204646056, 128844.11734549086, 127690.8571376457], "mrr_sums": [47163.0, 58104.0, 62733.00000001366, 65296.75000001462, 66918.95000000209, 68032.94999999517, 68843.09285713281, 69482.21785713191, 69978.77341268094, 70380.17341267814], "recall_sums": [47163, 69045, 82932, 93187, 101298, 107982, 113653, 118766, 123235, 127249]}]}