{"data": "items_CSall_1s_5mindoc_5mincont_wPP_3.1_wNP_both.csv", "num_contexts": 1835797, "num_test_set_items": 490018, "models": [{"name": "bow", "num_cur": 440000, "num_top": 51772, "num_top_5": 111479, "num_top_10": 140396, "ndcg_sums": [81155.89590104012, 91694.72668918408, 94192.45073762827, 94687.65582271176, 94500.37514182393, 94079.52908706767, 93530.5856938084, 93042.99027289727, 92558.29380191833, 92138.05942345076], "map_sums": [11831.926866017884, 13639.90969559231, 14112.58932844876, 14187.724533738803, 14124.721191064004, 13991.490591521415, 13843.5521426806, 13693.48672728145, 13531.313697638983, 13379.602923126053], "mrr_sums": [51772.0, 63789.0, 68891.00000001151, 71722.75000000825, 73530.74999999255, 74764.08333332236, 75663.22619045874, 76376.97619045795, 76934.75396822828, 77384.0539682282], "recall_sums": [51772, 75806, 91112, 102439, 111479, 118879, 125173, 130883, 135903, 140396]}, {"name": "npmarker", "num_cur": 90630, "num_top": 12714, "num_top_5": 22462, "num_top_10": 25673, "ndcg_sums": [17167.624222637314, 18349.037630256084, 18003.040804645098, 17490.83060301865, 16954.15317923845, 16455.569421034696, 16035.48314088697, 15624.58786150301, 15272.865491200393, 14970.485822770986], "map_sums": [1892.3070577454737, 2098.680954436995, 2163.25571815641, 2183.384140047026, 2194.5483059026074, 2201.8528975368235, 2205.5045131275806, 2206.054041789452, 2206.8260557294, 2210.029530197361], "mrr_sums": [12714.0, 15050.5, 15861.500000000655, 16251.500000000651, 16467.900000001, 16595.733333334185, 16707.161904762706, 16784.161904762714, 16848.60634920722, 16895.406349207293], "recall_sums": [12714, 17387, 19820, 21380, 22462, 23229, 24009, 24625, 25205, 25673]}, {"name": "fos", "num_cur": 231624, "num_top": 498, "num_top_5": 1993, "num_top_10": 3421, "ndcg_sums": [1207.1336187827567, 1511.522712189604, 1822.8964572349582, 2005.7128088268416, 2138.1389867250823, 2226.4342054606886, 2308.647694817754, 2395.025463156402, 2477.951329532571, 2557.7001188977197], "map_sums": [318.3739538334707, 437.67578068382306, 500.964912734597, 544.0911149621065, 574.1868338815336, 591.9829006128838, 609.816974368693, 622.4299556373225, 632.8647058532454, 639.6101843375958], "mrr_sums": [498.0, 711.5, 833.5000000000045, 923.2500000000056, 991.8500000000143, 1043.5166666666735, 1086.0880952380976, 1117.713095238098, 1149.2686507936482, 1177.5686507936477], "recall_sums": [498, 925, 1291, 1650, 1993, 2303, 2601, 2854, 3138, 3421]}, {"name": "bow+fosboost", "num_cur": 440000, "num_top": 51811, "num_top_5": 111503, "num_top_10": 140411, "ndcg_sums": [81232.17512165339, 91758.76862324179, 94253.70631150494, 94731.623286703, 94542.04198854459, 94118.89352887776, 93563.56576134617, 93077.98134773156, 92589.83341872618, 92167.77536896504], "map_sums": [11832.802053065398, 13643.813036165548, 14116.98915128645, 14190.61107843531, 14126.162467670916, 13993.658734736047, 13845.498471375331, 13693.82634299781, 13532.849272267782, 13378.59807108957], "mrr_sums": [51811.0, 63827.5, 68932.83333334474, 71758.83333334148, 73566.6333333258, 74801.46666665572, 75699.60952379208, 76413.85952379118, 76969.9706348949, 77419.27063489489], "recall_sums": [51811, 75844, 91160, 102464, 111503, 118912, 125199, 130913, 135918, 140411]}]}