{"data": "items_CSall_1s_5mindoc_5mincont_wPP_3.1_wNP_both.csv", "num_contexts": 1835797, "num_test_set_items": 490018, "models": [{"name": "bow", "num_cur": 170000, "num_top": 21712, "num_top_5": 45531, "num_top_10": 56985, "ndcg_sums": [32747.891942312028, 36825.290770670894, 37713.96762835739, 37860.4639889089, 37736.72685440062, 37563.07659907835, 37350.67138537326, 37180.959392181474, 37013.51144593576, 36870.192914644394], "map_sums": [48355.0, 56159.5, 58379.91666668247, 59006.16666667512, 59011.84722221927, 58695.36111110251, 58260.39107141961, 57802.04452947031, 57312.33044500001, 56819.08561317793], "mrr_sums": [21712.0, 26570.5, 28588.166666664456, 29726.916666664307, 30425.71666666608, 30911.216666667275, 31267.502380954706, 31552.25238095469, 31772.474603175477, 31951.174603174433], "recall_sums": [21712, 31429, 37482, 42037, 45531, 48444, 50938, 53216, 55198, 56985]}, {"name": "npmarker", "num_cur": 35547, "num_top": 5842, "num_top_5": 9831, "num_top_10": 11314, "ndcg_sums": [7671.167091439873, 8090.828849236638, 7879.239391584283, 7653.752403448948, 7438.073388079217, 7223.0997029804485, 7067.929683919242, 6891.541436831292, 6736.034260536459, 6608.413045719151], "map_sums": [10258.0, 11481.0, 11878.916666667032, 11996.166666666653, 12104.480555555987, 12186.99972222236, 12232.930238095278, 12262.695793650833, 12287.171092687113, 12301.222300642663], "mrr_sums": [5842.0, 6825.5, 7134.166666666533, 7293.916666666522, 7385.316666666458, 7436.3166666665065, 7496.88809523794, 7532.763095237939, 7567.540873015747, 7582.840873015773], "recall_sums": [5842, 7809, 8735, 9374, 9831, 10137, 10561, 10848, 11161, 11314]}, {"name": "fos", "num_cur": 90106, "num_top": 283, "num_top_5": 959, "num_top_10": 1542, "ndcg_sums": [520.3443712397884, 660.4447709046854, 784.8803639068184, 844.3467392364925, 903.6124854856538, 931.5467255830108, 965.9120258743502, 991.6204590146425, 1025.559363205101, 1057.0076453682968], "map_sums": [856.0, 1223.5, 1547.1666666666642, 1706.5277777777742, 1832.0763888889037, 1911.600000000029, 1978.94476190478, 2014.9493253968421, 2062.862996031751, 2091.6565447845646], "mrr_sums": [283.0, 381.0, 436.99999999999886, 480.99999999999864, 508.19999999999743, 524.8666666666652, 543.4380952380953, 556.938095238095, 570.6047619047604, 582.8047619047621], "recall_sums": [283, 479, 647, 823, 959, 1059, 1189, 1297, 1420, 1542]}, {"name": "bow+fosboost", "num_cur": 170000, "num_top": 21734, "num_top_5": 45542, "num_top_10": 56998, "ndcg_sums": [32779.41885424657, 36851.693590021925, 37737.91156691596, 37876.60122812102, 37753.13283398473, 37578.449933362994, 37363.56347519901, 37194.694608379476, 37026.14612294138, 36882.49085892163], "map_sums": [48400.0, 56205.0, 58421.333333349176, 59041.972222230674, 59040.79027777487, 58725.370833324676, 58290.06642856243, 57827.33348071747, 57337.399631507964, 56839.14171578569], "mrr_sums": [21734.0, 26588.0, 28607.333333331124, 29742.58333333097, 30442.783333332754, 30928.616666667276, 31284.759523811856, 31569.884523811837, 31789.217857143743, 31968.51785714269], "recall_sums": [21734, 31442, 37500, 42041, 45542, 48457, 50950, 53231, 55205, 56998]}]}