{"data": "items_CSall_1s_5mindoc_5mincont_wPP_3.1_wNP_both.csv", "num_contexts": 1835797, "num_test_set_items": 490018, "models": [{"name": "bow", "num_cur": 190000, "num_top": 24446, "num_top_5": 51169, "num_top_10": 63862, "ndcg_sums": [36650.80261531935, 41168.69590870016, 42137.55164275471, 42285.120733300784, 42160.374265777, 41958.97996636227, 41726.179900030205, 41536.59310538621, 41351.85457620707, 41198.359594901274], "map_sums": [5772.869707331919, 6657.674433171335, 6882.7984701002915, 6927.227390424926, 6897.608350464445, 6833.0139948497435, 6766.967220604427, 6697.657650459813, 6623.600167137182, 6549.607919846271], "mrr_sums": [24446.0, 29915.5, 32166.833333330273, 33428.333333330665, 34225.13333333259, 34762.80000000046, 35160.800000001815, 35474.92500000167, 35718.480555555296, 35916.08055555386], "recall_sums": [24446, 35385, 42139, 47185, 51169, 54395, 57181, 59694, 61886, 63862]}, {"name": "npmarker", "num_cur": 39464, "num_top": 6423, "num_top_5": 10875, "num_top_10": 12467, "ndcg_sums": [8431.521563947526, 8904.861104490261, 8667.151886586444, 8405.371767773348, 8168.223591328703, 7936.871476581912, 7766.264346963167, 7574.0004310804425, 7404.085605506375, 7264.084698945069], "map_sums": [1003.8592823200973, 1101.3376974046776, 1132.5397323835577, 1140.6291822266385, 1144.7814903424653, 1147.9396160822985, 1149.3667058908568, 1149.8288858895958, 1150.5875956215539, 1151.90279399954], "mrr_sums": [6423.0, 7533.0, 7880.999999999831, 8053.24999999982, 8153.049999999748, 8210.04999999981, 8274.049999999816, 8311.549999999814, 8349.216666666527, 8365.516666666557], "recall_sums": [6423, 8643, 9687, 10376, 10875, 11217, 11665, 11965, 12304, 12467]}, {"name": "fos", "num_cur": 101089, "num_top": 312, "num_top_5": 1089, "num_top_10": 1771, "ndcg_sums": [583.3098833543831, 748.6321455051657, 884.6579903182849, 957.5277997681721, 1026.2093568841653, 1060.1370121042935, 1098.9433050388532, 1131.1141166274726, 1169.5574700658467, 1206.5500672422181], "map_sums": [181.95871897217702, 247.93558739645522, 277.81599443353974, 299.9479569998209, 315.45343439306123, 322.5097909688092, 331.40095317191066, 336.8834418680927, 342.04848637919, 346.3180126499715], "mrr_sums": [312.0, 428.0, 488.9999999999986, 538.2499999999986, 571.2499999999993, 592.4166666666661, 613.9880952380955, 630.6130952380952, 646.0575396825379, 659.2575396825399], "recall_sums": [312, 544, 727, 924, 1089, 1216, 1367, 1500, 1639, 1771]}, {"name": "bow+fosboost", "num_cur": 190000, "num_top": 24472, "num_top_5": 51179, "num_top_10": 63875, "ndcg_sums": [36687.57216794096, 41198.461914806154, 42165.6879946196, 42304.53354479959, 42179.03393608683, 41976.872894088, 41740.970630450705, 41552.60118755926, 41367.22038711127, 41212.587475852546], "map_sums": [5772.4150900831655, 6660.24593362707, 6885.165894622172, 6927.927409280944, 6897.923737196792, 6834.125186986506, 6768.069915010436, 6697.985925056625, 6624.325231090305, 6548.771938602625], "mrr_sums": [24472.0, 29936.0, 32189.999999996937, 33447.49999999734, 34244.89999999927, 34783.066666667146, 35180.92380952565, 35495.673809525484, 35738.340476190235, 35936.340476188794], "recall_sums": [24472, 35400, 42162, 47192, 51179, 54408, 57193, 59711, 61895, 63875]}]}