{"data": "items_CSall_1s_5mindoc_5mincont_wPP_3.1_wNP_both.csv", "num_contexts": 1835797, "num_test_set_items": 490018, "models": [{"name": "bow", "num_cur": 90000, "num_top": 11623, "num_top_5": 24657, "num_top_10": 30724, "ndcg_sums": [17846.558774658635, 20218.254950233095, 20772.43310594067, 20875.43634911418, 20808.036290818494, 20685.54795013736, 20541.68790167665, 20415.91857607022, 20276.868930009347, 20159.16687495507], "map_sums": [2179.5108523587865, 2530.936014382893, 2617.838669526037, 2637.791979661205, 2627.636679778446, 2605.800107534126, 2578.200844787912, 2550.9881010285208, 2520.550667914145, 2492.6471451099856], "mrr_sums": [11623.0, 14299.0, 15415.000000000735, 16035.250000000784, 16405.8500000015, 16667.183333334397, 16849.18333333421, 17004.058333334197, 17118.169444445415, 17214.069444445577], "recall_sums": [11623, 16975, 20323, 22804, 24657, 26225, 27499, 28738, 29765, 30724]}, {"name": "npmarker", "num_cur": 19916, "num_top": 3573, "num_top_5": 5890, "num_top_10": 6882, "ndcg_sums": [4720.785781335739, 4980.286454257317, 4851.460463549086, 4726.219904378029, 4607.961229177385, 4475.865741413846, 4392.143983441225, 4275.07157132354, 4173.058203847965, 4092.5402928408944], "map_sums": [387.6020529085714, 428.06244658344303, 441.6640395123155, 444.7843863392798, 448.1874194880672, 450.5267417786389, 451.33390501802694, 451.3518946779662, 451.521242574719, 452.0395097182376], "mrr_sums": [3573.0, 4150.5, 4315.83333333333, 4409.833333333319, 4467.833333333286, 4495.999999999959, 4539.571428571424, 4561.446428571422, 4587.335317460325, 4598.335317460335], "recall_sums": [3573, 4728, 5224, 5600, 5890, 6059, 6364, 6539, 6772, 6882]}, {"name": "fos", "num_cur": 46831, "num_top": 131, "num_top_5": 424, "num_top_10": 681, "ndcg_sums": [243.25187540311032, 317.0006618354139, 406.21659961411956, 435.16189572456136, 466.74762054578133, 475.3461854397884, 487.1949290199061, 498.59188079533794, 511.80427944819695, 526.60486240685], "map_sums": [65.96544345397511, 92.35205435595496, 104.99218344066196, 112.3794033262385, 118.88559767394734, 121.22473621809701, 124.58815027697506, 126.53472795991918, 128.6639674410807, 130.5373591490278], "mrr_sums": [131.0, 173.5, 197.5000000000002, 217.25000000000026, 228.65000000000003, 234.98333333333323, 242.98333333333306, 249.35833333333304, 255.69166666666652, 261.1916666666663], "recall_sums": [131, 216, 288, 367, 424, 462, 518, 569, 626, 681]}, {"name": "bow+fosboost", "num_cur": 90000, "num_top": 11641, "num_top_5": 24661, "num_top_10": 30729, "ndcg_sums": [17868.28669671999, 20232.297394967165, 20786.337365284304, 20883.856385209026, 20817.094496351987, 20694.39624810649, 20549.329249649774, 20423.589105692274, 20284.12759295314, 20165.426713115176], "map_sums": [2178.5317781417525, 2531.205162182088, 2618.6835946691435, 2637.662509299137, 2627.1390122861117, 2605.7279568455924, 2577.756538185494, 2550.356397919074, 2520.0921820462604, 2491.9251740397076], "mrr_sums": [11641.0, 14309.0, 15428.666666667406, 16046.16666666745, 16417.166666668163, 16679.50000000106, 16860.785714286587, 17016.03571428657, 17129.591269842236, 17225.691269842395], "recall_sums": [11641, 16977, 20336, 22806, 24661, 26235, 27504, 28746, 29768, 30729]}]}