{"data": "items_CSall_1s_5mindoc_5mincont_wPP_3.1_wNP_both.csv", "num_contexts": 1835797, "num_test_set_items": 490018, "models": [{"name": "bow", "num_cur": 180000, "num_top": 22960, "num_top_5": 48131, "num_top_10": 60195, "ndcg_sums": [34603.12902474604, 38884.64398093345, 39809.26181849891, 39960.25360709573, 39846.64652780096, 39668.888063656326, 39450.074176283706, 39274.961651827034, 39101.1937928817, 38954.05517233464], "map_sums": [5403.791852725021, 6230.645788221421, 6441.080359825303, 6481.932215950937, 6453.8741525833975, 6393.311732640513, 6331.967135191883, 6268.446494917716, 6199.185716382334, 6129.948100436065], "mrr_sums": [22960.0, 28093.0, 30216.999999997402, 31414.749999997253, 32163.14999999921, 32676.31666666727, 33051.60238095466, 33351.602380954515, 33582.15793650833, 33770.45793650703], "recall_sums": [22960, 33226, 39598, 44389, 48131, 51210, 53837, 56237, 58312, 60195]}, {"name": "npmarker", "num_cur": 37480, "num_top": 6109, "num_top_5": 10327, "num_top_10": 11852, "ndcg_sums": [8034.264637910486, 8478.400511088932, 8255.759011759505, 8017.510426789935, 7792.117533273246, 7566.840700873814, 7402.872254040878, 7220.3497709093945, 7057.6497008569595, 6924.76660191356], "map_sums": [933.2226215534293, 1025.5343304050884, 1053.9767941265923, 1062.0092303767522, 1065.962740416524, 1068.7953849616347, 1070.0875570699623, 1070.7282653410034, 1071.4431791266395, 1072.6689446128369], "mrr_sums": [6109.0, 7149.5, 7479.166666666514, 7646.416666666503, 7742.216666666435, 7794.216666666485, 7856.073809523631, 7892.948809523629, 7928.948809523662, 7945.048809523691], "recall_sums": [6109, 8190, 9179, 9848, 10327, 10639, 11072, 11367, 11691, 11852]}, {"name": "fos", "num_cur": 95475, "num_top": 299, "num_top_5": 1037, "num_top_10": 1673, "ndcg_sums": [554.5697679842051, 707.1681494830007, 837.9081047333417, 900.2513559118162, 965.75739135826, 997.0142160310556, 1034.7725231434586, 1062.7062872761146, 1099.5107198965813, 1133.004477635174], "map_sums": [173.77797366703857, 235.31903356860713, 263.28008116777346, 284.37881941868346, 298.7238224472828, 305.05673520563795, 313.6077699162468, 318.63363254044873, 323.62953709947254, 327.2269007130594], "mrr_sums": [299.0, 407.0, 466.333333333332, 513.0833333333318, 544.4833333333321, 563.9833333333326, 584.269047619048, 599.0190476190477, 613.7968253968239, 626.3968253968258], "recall_sums": [299, 515, 693, 880, 1037, 1154, 1296, 1414, 1547, 1673]}, {"name": "bow+fosboost", "num_cur": 180000, "num_top": 22985, "num_top_5": 48141, "num_top_10": 60208, "ndcg_sums": [34637.241723118175, 38912.51080423956, 39834.32224276921, 39977.864554963584, 39863.93065483609, 39685.563422252104, 39463.62249979476, 39289.36617810235, 39114.556150840326, 38967.01828584389], "map_sums": [5402.306777045809, 6232.556226128594, 6442.81544991767, 6482.291288939112, 6453.57044360392, 6393.796740360079, 6332.393989804075, 6268.119408238744, 6199.165145075293, 6128.694404412261], "mrr_sums": [22985.0, 28112.5, 30238.16666666407, 31432.666666663918, 32181.86666666588, 32695.700000000605, 33070.55714285944, 33370.932142859274, 33600.70992063532, 33789.609920634015], "recall_sums": [22985, 33240, 39617, 44395, 48141, 51224, 53848, 56251, 58319, 60208]}]}