{"data": "items_CSall_1s_5mindoc_5mincont_wPP_3.1_wNP_both.csv", "num_contexts": 1835797, "num_test_set_items": 490018, "models": [{"name": "bow", "num_cur": 160000, "num_top": 20381, "num_top_5": 42855, "num_top_10": 53639, "ndcg_sums": [30730.540069459414, 34585.33251130592, 35412.600776602216, 35539.520470908996, 35402.551781302696, 35221.379466917984, 35011.83138574795, 34845.26062308623, 34678.24670705707, 34541.23656945491], "map_sums": [50115.010124192886, 54643.214496915934, 55952.51480834068, 56206.890866814654, 56017.39008747395, 55609.083950135886, 55104.41726734068, 54626.67958776752, 54114.93278195195, 53615.89373170692], "mrr_sums": [20381.0, 24979.5, 26886.499999998192, 27960.749999998043, 28612.549999999646, 29067.883333333953, 29402.311904764003, 29670.81190476399, 29877.923015873854, 30047.82301587294], "recall_sums": [20381, 29578, 35299, 39596, 42855, 45587, 47928, 50076, 51940, 53639]}, {"name": "npmarker", "num_cur": 33402, "num_top": 5523, "num_top_5": 9200, "num_top_10": 10591, "ndcg_sums": [7223.760887104139, 7594.952316441718, 7389.990225074489, 7176.7069898581585, 6968.699779426531, 6760.982621913508, 6614.430594308021, 6446.925430420394, 6302.231110665821, 6183.956159609738], "map_sums": [10438.111670820195, 11022.12035449417, 11256.930002463301, 11320.032403909097, 11407.56833867501, 11467.898761959079, 11500.115458240056, 11521.992707168187, 11543.627043013144, 11553.685927996461], "mrr_sums": [5523.0, 6424.0, 6707.666666666556, 6857.916666666545, 6942.516666666487, 6986.516666666523, 7044.516666666533, 7079.266666666531, 7112.3777777776695, 7126.877777777692], "recall_sums": [5523, 7325, 8176, 8777, 9200, 9464, 9870, 10148, 10446, 10591]}, {"name": "fos", "num_cur": 84732, "num_top": 270, "num_top_5": 893, "num_top_10": 1441, "ndcg_sums": [494.08953724384907, 631.4131436814268, 749.4544563386945, 797.9283492585147, 854.2156074922748, 878.6409716762395, 910.9872107826998, 936.0211850349758, 968.4607973759586, 997.7259706412008], "map_sums": [962.6083594021595, 1233.5741870836532, 1510.7559577877155, 1641.7325442490076, 1759.8586674110554, 1824.9021013687932, 1889.860822106523, 1921.6886977883262, 1966.8481539384861, 1992.9556094759798], "mrr_sums": [270.0, 366.0, 417.9999999999991, 455.49999999999886, 480.4999999999978, 495.33333333333184, 512.9047619047617, 525.9047619047614, 538.7936507936491, 550.3936507936507], "recall_sums": [270, 462, 618, 768, 893, 982, 1105, 1209, 1325, 1441]}, {"name": "bow+fosboost", "num_cur": 160000, "num_top": 20403, "num_top_5": 42865, "num_top_10": 53652, "ndcg_sums": [30760.410127144503, 34610.750326063564, 35435.2755196015, 35554.57086810628, 35417.75613653588, 35236.22983178403, 35024.27105170842, 34858.08605530272, 34689.742129521685, 34552.94540350314], "map_sums": [50154.03617558403, 54689.33131567053, 55992.999849202235, 56238.60782339665, 56046.06067463308, 55636.56326500551, 55132.00853361115, 54651.577784102636, 54138.66534952431, 53635.08169260144], "mrr_sums": [20403.0, 24996.5, 26905.16666666486, 27976.166666664707, 28629.16666666632, 29085.16666666729, 29419.30952381163, 29687.93452381161, 29894.156746032597, 30064.85674603167], "recall_sums": [20403, 29590, 35316, 39600, 42865, 45601, 47940, 50089, 51945, 53652]}]}