{"data": "items_CSall_1s_5mindoc_5mincont_wPP_3.1_wNP_both.csv", "num_contexts": 1835797, "num_test_set_items": 490018, "models": [{"name": "bow", "num_cur": 280000, "num_top": 35427, "num_top_5": 75523, "num_top_10": 94619, "ndcg_sums": [53745.59479589606, 60658.771633422715, 62197.36817283187, 62478.592274997776, 62346.55111670204, 62065.35824513476, 61721.4556734358, 61432.09010524103, 61133.81471767358, 60884.976898271845], "map_sums": [87900.66269929585, 95791.01837830986, 98155.43317198049, 98606.67600451878, 98249.21561220034, 97552.306214025, 96685.24278956401, 95797.61783299998, 94889.33649513366, 94009.73626020028], "mrr_sums": [35427.0, 43591.0, 46963.66666667117, 48870.16666667216, 50074.966666668144, 50883.13333333208, 51484.276190473334, 51959.27619047319, 52325.720634913916, 52619.82063491108], "recall_sums": [35427, 51755, 61873, 69499, 75523, 80372, 84580, 88380, 91678, 94619]}, {"name": "npmarker", "num_cur": 58288, "num_top": 9012, "num_top_5": 15740, "num_top_10": 18085, "ndcg_sums": [11976.112252342808, 12771.866052883817, 12493.11028448741, 12136.16113566384, 11778.285059264423, 11433.869991911259, 11164.570033988792, 10894.091805150767, 10656.210593491023, 10449.912551062775], "map_sums": [17569.131078126335, 18653.60471754753, 19123.457255001893, 19281.09135855321, 19421.806673732277, 19527.26919367584, 19597.157670945628, 19594.99922383407, 19605.842876609546, 19625.88517143733], "mrr_sums": [9012.0, 10643.5, 11195.16666666685, 11464.916666666846, 11611.116666666949, 11697.283333333577, 11782.4261904764, 11842.051190476399, 11893.495634920915, 11922.695634920992], "recall_sums": [9012, 12275, 13930, 15009, 15740, 16257, 16853, 17330, 17793, 18085]}, {"name": "fos", "num_cur": 149257, "num_top": 375, "num_top_5": 1426, "num_top_10": 2381, "ndcg_sums": [870.3994205982337, 1078.078266906453, 1255.8434346995718, 1384.1654289064554, 1467.5005676066576, 1521.724786725534, 1578.655450490984, 1617.4033633765232, 1675.321968830887, 1728.950930913065], "map_sums": [1811.142217105306, 2266.758514529314, 2708.4552720666247, 2942.498117095109, 3123.1106150594123, 3241.22659097891, 3340.112858493892, 3395.688889272201, 3479.718220188412, 3520.6892217319896], "mrr_sums": [375.0, 525.5, 609.8333333333336, 676.3333333333346, 722.5333333333383, 755.5333333333357, 785.2476190476204, 806.6226190476201, 829.6226190476167, 846.7226190476196], "recall_sums": [375, 676, 929, 1195, 1426, 1624, 1832, 2003, 2210, 2381]}, {"name": "bow+fosboost", "num_cur": 280000, "num_top": 35457, "num_top_5": 75544, "num_top_10": 94634, "ndcg_sums": [53795.477046889806, 60699.773001147456, 62241.10388932151, 62506.17311740338, 62375.056485621135, 62092.11261317943, 61742.16019459668, 61455.07334557986, 61155.08574282783, 60905.36190075268], "map_sums": [87978.81321350404, 95865.3999754942, 98224.12751062654, 98658.43202373087, 98302.6494185392, 97603.39419134545, 96734.04293726115, 95841.38093534796, 94932.09778221816, 94044.30076967346], "mrr_sums": [35457.0, 43619.5, 46996.50000000455, 48895.50000000551, 50102.50000000148, 50911.333333332084, 51510.761904759085, 51987.01190475892, 52352.45634919966, 52646.65634919682], "recall_sums": [35457, 51782, 61913, 69509, 75544, 80397, 84593, 88403, 91692, 94634]}]}