{"data": "items_CSall_1s_5mindoc_5mincont_wPP_3.1_wNP_both.csv", "num_contexts": 1835797, "num_test_set_items": 490018, "models": [{"name": "bow", "num_cur": 150000, "num_top": 19080, "num_top_5": 40246, "num_top_10": 50304, "ndcg_sums": [28827.273549768586, 32477.040392429564, 33266.31893136644, 33391.264106026334, 33262.575420451954, 33091.6167346197, 32892.65030238668, 32728.946871021446, 32563.645048365895, 32429.12644800153], "map_sums": [42612.0, 49522.0, 51482.83333334325, 52035.916666672514, 52041.063888886856, 51765.93472221682, 51380.66460316936, 50977.10303854359, 50540.22579789443, 50101.45170256111], "mrr_sums": [19080.0, 23419.0, 25220.999999998574, 26229.999999998425, 26839.199999999873, 27267.20000000065, 27578.771428573305, 27828.52142857329, 28020.632539683374, 28178.83253968263], "recall_sums": [19080, 27758, 33164, 37200, 40246, 42814, 44995, 46993, 48722, 50304]}, {"name": "npmarker", "num_cur": 31490, "num_top": 5256, "num_top_5": 8720, "num_top_10": 10068, "ndcg_sums": [6868.533398318619, 7221.44239837688, 7034.812920775607, 6827.179597521935, 6629.982686323446, 6435.613814096225, 6296.585661771035, 6137.72645089979, 5999.35643245059, 5886.518671397372], "map_sums": [9149.0, 10232.5, 10579.916666666837, 10685.833333333327, 10792.06527777798, 10869.251111111083, 10910.5954365079, 10938.094246031756, 10962.46285430836, 10975.018547335694], "mrr_sums": [5256.0, 6106.5, 6378.833333333233, 6514.583333333222, 6595.183333333168, 6637.1833333332, 6693.754761904641, 6727.004761904639, 6759.44920634911, 6773.649206349131], "recall_sums": [5256, 6957, 7774, 8317, 8720, 8972, 9368, 9634, 9926, 10068]}, {"name": "fos", "num_cur": 79191, "num_top": 258, "num_top_5": 848, "num_top_10": 1348, "ndcg_sums": [461.37885912519374, 593.8382984501305, 707.792269345482, 754.4691266182222, 805.7898098642202, 826.0123252966982, 855.3637132724912, 878.4751239726626, 907.2466172051364, 934.4388002051886], "map_sums": [749.0, 1087.0, 1381.4166666666713, 1514.8888888888914, 1628.4000000000174, 1692.8583333333575, 1753.371150793665, 1785.4713492063618, 1826.7801587301658, 1850.4354469009734], "mrr_sums": [258.0, 348.5, 398.1666666666659, 435.16666666666566, 457.56666666666473, 470.7333333333319, 486.73333333333306, 498.608333333333, 510.4972222222209, 521.1972222222221], "recall_sums": [258, 439, 588, 736, 848, 927, 1039, 1134, 1241, 1348]}, {"name": "bow+fosboost", "num_cur": 150000, "num_top": 19102, "num_top_5": 40255, "num_top_10": 50316, "ndcg_sums": [28855.07253964181, 32501.316454412, 33288.0129521432, 33405.504584621085, 33276.73829064488, 33105.534958183285, 32903.80601094998, 32741.226401548563, 32574.49740650035, 32440.20467298119], "map_sums": [42648.0, 49560.0, 51518.916666676625, 52066.66666667251, 52065.23194444245, 51792.28027777234, 51405.83718253443, 50998.821609972176, 50560.540687350236, 50117.685060459895], "mrr_sums": [19102.0, 23436.5, 25240.16666666524, 26245.66666666509, 26855.866666666545, 27284.700000000652, 27595.557142859023, 27845.807142859005, 28036.9182539691, 28195.918253968342], "recall_sums": [19102, 27771, 33182, 37204, 40255, 42828, 45004, 47006, 48726, 50316]}]}