{"data": "items_CSall_1s_5mindoc_5mincont_wPP_3.1_wNP_both.csv", "num_contexts": 1835797, "num_test_set_items": 490018, "models": [{"name": "bow", "num_cur": 350000, "num_top": 44358, "num_top_5": 94507, "num_top_10": 118613, "ndcg_sums": [67814.49982352977, 76453.2813463725, 78395.53927049004, 78738.99613142105, 78545.52362878916, 78183.95356508163, 77728.4200192164, 77327.24327253937, 76935.83725402078, 76595.00774528497], "map_sums": [111119.79266850662, 120988.58666864013, 123923.05456572815, 124433.40535243106, 123924.33925631018, 123015.7066158879, 121873.20168746669, 120734.0098819482, 119556.43713726196, 118431.79935777912], "mrr_sums": [44358.0, 54533.0, 58793.33333334429, 61167.58333334528, 62671.78333333691, 63702.11666666428, 64456.83095237473, 65051.080952374585, 65514.63650792501, 65886.13650792044], "recall_sums": [44358, 64708, 77489, 86986, 94507, 100689, 105972, 110726, 114898, 118613]}, {"name": "npmarker", "num_cur": 72978, "num_top": 11039, "num_top_5": 19601, "num_top_10": 22369, "ndcg_sums": [14752.838800238542, 15804.267372100536, 15486.531900002483, 15052.149963947573, 14595.649029090646, 14154.53325514549, 13802.23790388102, 13455.7950791826, 13154.293500910504, 12887.713828972497], "map_sums": [21685.07522584132, 23167.38419863854, 23778.77214465354, 23993.719281686685, 24178.98666631984, 24315.41385152486, 24412.808368652157, 24420.97584730431, 24438.80451082335, 24464.661692967657], "mrr_sums": [11039.0, 13090.5, 13795.833333333796, 14150.083333333792, 14335.283333334037, 14440.450000000596, 14538.45000000054, 14608.700000000537, 14667.4777777784, 14703.477777778502], "recall_sums": [11039, 15142, 17258, 18675, 19601, 20232, 20918, 21480, 22009, 22369]}, {"name": "fos", "num_cur": 186665, "num_top": 438, "num_top_5": 1673, "num_top_10": 2807, "ndcg_sums": [1043.166014627107, 1290.2895855643706, 1516.7544029280562, 1668.65218240145, 1772.7672591794174, 1843.548041844231, 1910.9116891724668, 1969.1316209564982, 2039.7928871480433, 2106.4494973255555], "map_sums": [2182.8671941831085, 2738.02637410113, 3311.7038905575487, 3596.8572634487546, 3828.652999527275, 3981.6294644277505, 4108.424289218392, 4176.232825370032, 4283.218423416106, 4336.13002516261], "mrr_sums": [438.0, 612.5, 711.5000000000019, 789.250000000003, 844.8500000000088, 885.1833333333378, 919.4690476190501, 944.2190476190498, 970.3301587301568, 992.2301587301607], "recall_sums": [438, 787, 1084, 1395, 1673, 1915, 2155, 2353, 2588, 2807]}, {"name": "bow+fosboost", "num_cur": 350000, "num_top": 44391, "num_top_5": 94533, "num_top_10": 118629, "ndcg_sums": [67876.08055933328, 76509.43846731524, 78448.7790216845, 78776.1875724167, 78582.5007945204, 78217.7607668948, 77755.88191767778, 77356.85268343851, 76963.12382601322, 76620.84953749302], "map_sums": [111222.08007850025, 121089.78585278087, 124009.88528156027, 124503.61712695494, 123993.71099233952, 123080.49664783123, 121936.57121381201, 120789.8617869341, 119613.83272307934, 118478.98425190087], "mrr_sums": [44391.0, 54571.0, 58832.00000001098, 61200.50000001194, 62705.50000000357, 63736.66666666428, 64489.95238094618, 65084.952380946015, 65547.28571427421, 65918.78571426967], "recall_sums": [44391, 64751, 77534, 87008, 94533, 100720, 105993, 110753, 114914, 118629]}]}