{"data": "items_CSall_1s_5mindoc_5mincont_wPP_3.1_wNP_both.csv", "num_contexts": 1835797, "num_test_set_items": 490018, "models": [{"name": "bow", "num_cur": 90000, "num_top": 11623, "num_top_5": 24657, "num_top_10": 30724, "ndcg_sums": [17846.558774658635, 20218.254950233095, 20772.43310594067, 20875.43634911418, 20808.036290818494, 20685.54795013736, 20541.68790167665, 20415.91857607022, 20276.868930009347, 20159.16687495507], "map_sums": [28827.510852357293, 31892.73502995603, 32729.556797075627, 32911.85080775085, 32813.117457197746, 32565.07980491534, 32260.948748509887, 31960.39067093416, 31637.001653528092, 31323.592029419236], "mrr_sums": [11623.0, 14299.0, 15415.000000000735, 16035.250000000784, 16405.8500000015, 16667.183333334397, 16849.18333333421, 17004.058333334197, 17118.169444445415, 17214.069444445577], "recall_sums": [11623, 16975, 20323, 22804, 24657, 26225, 27499, 28738, 29765, 30724]}, {"name": "npmarker", "num_cur": 19916, "num_top": 3573, "num_top_5": 5890, "num_top_10": 6882, "ndcg_sums": [4720.785781335739, 4980.286454257317, 4851.460463549086, 4726.219904378029, 4607.961229177385, 4475.865741413846, 4392.143983441225, 4275.07157132354, 4173.058203847965, 4092.5402928408944], "map_sums": [6731.6020529086145, 7172.604776247743, 7338.311071241768, 7359.110617212307, 7436.265026164335, 7481.8241504474645, 7507.647910514187, 7521.547029020135, 7535.674772519374, 7542.803114738526], "mrr_sums": [3573.0, 4150.5, 4315.83333333333, 4409.833333333319, 4467.833333333286, 4495.999999999959, 4539.571428571424, 4561.446428571422, 4587.335317460325, 4598.335317460335], "recall_sums": [3573, 4728, 5224, 5600, 5890, 6059, 6364, 6539, 6772, 6882]}, {"name": "fos", "num_cur": 46831, "num_top": 131, "num_top_5": 424, "num_top_10": 681, "ndcg_sums": [243.25187540311032, 317.0006618354139, 406.21659961411956, 435.16189572456136, 466.74762054578133, 475.3461854397884, 487.1949290199061, 498.59188079533794, 511.80427944819695, 526.60486240685], "map_sums": [467.9654434539738, 642.5271461407326, 854.7264703977937, 931.8289299484846, 1007.151649880258, 1044.689923290244, 1079.5629614933346, 1098.430775023088, 1121.646493360853, 1135.2563579301375], "mrr_sums": [131.0, 173.5, 197.5000000000002, 217.25000000000026, 228.65000000000003, 234.98333333333323, 242.98333333333306, 249.35833333333304, 255.69166666666652, 261.1916666666663], "recall_sums": [131, 216, 288, 367, 424, 462, 518, 569, 626, 681]}, {"name": "bow+fosboost", "num_cur": 90000, "num_top": 11641, "num_top_5": 24661, "num_top_10": 30729, "ndcg_sums": [17868.28669671999, 20232.297394967165, 20786.337365284304, 20883.856385209026, 20817.094496351987, 20694.39624810649, 20549.329249649774, 20423.589105692274, 20284.12759295314, 20165.426713115176], "map_sums": [28853.53177814024, 31917.61973543986, 32753.43162582083, 32929.893161775, 32828.98868621607, 32581.062867528268, 32275.681568952736, 31972.952108575744, 31649.883718202454, 31334.52820804838], "mrr_sums": [11641.0, 14309.0, 15428.666666667406, 16046.16666666745, 16417.166666668163, 16679.50000000106, 16860.785714286587, 17016.03571428657, 17129.591269842236, 17225.691269842395], "recall_sums": [11641, 16977, 20336, 22806, 24661, 26235, 27504, 28746, 29768, 30729]}]}