{"data": "items_CSall_1s_5mindoc_5mincont_wPP_3.1_wNP_both.csv", "num_contexts": 1835797, "num_test_set_items": 490018, "models": [{"name": "bow", "num_cur": 200000, "num_top": 25753, "num_top_5": 54014, "num_top_10": 67426, "ndcg_sums": [38712.085512394566, 43487.930524886826, 44518.961112379846, 44663.51947171342, 44555.23225382933, 44354.56205476662, 44109.91984845172, 43910.301962874844, 43719.06780577682, 43556.20429567673], "map_sums": [63098.05659786334, 68621.3369664895, 70217.04842541061, 70491.07305256244, 70231.5988054957, 69706.63814830797, 69073.45552778005, 68448.75288242337, 67804.25234625378, 67174.62928757192], "mrr_sums": [25753.0, 31521.5, 33914.83333333071, 35240.3333333317, 36088.73333333287, 36657.066666666964, 37079.35238095368, 37410.60238095353, 37668.269047618065, 37875.96904761648], "recall_sums": [25753, 37290, 44470, 49772, 54014, 57424, 60380, 63030, 65349, 67426]}, {"name": "npmarker", "num_cur": 41399, "num_top": 6744, "num_top_5": 11394, "num_top_10": 13032, "ndcg_sums": [8831.636354360833, 9332.082173494378, 9080.880863529675, 8806.169675283074, 8556.039589376081, 8313.717471439233, 8135.820021413132, 7934.157669584329, 7754.983712281564, 7606.465958013302], "map_sums": [12840.928283629988, 13534.322140064442, 13832.49448019199, 13914.156397160386, 14005.176013001346, 14081.497574667384, 14123.63908185509, 14150.367717468385, 14171.217478808892, 14185.21481666949], "mrr_sums": [6744.0, 7912.0, 8269.99999999983, 8449.249999999827, 8553.849999999778, 8612.183333333174, 8678.754761904604, 8716.629761904602, 8754.74087301576, 8772.340873015795], "recall_sums": [6744, 9080, 10154, 10871, 11394, 11744, 12210, 12513, 12856, 13032]}, {"name": "fos", "num_cur": 106262, "num_top": 319, "num_top_5": 1131, "num_top_10": 1849, "ndcg_sums": [599.4225817265915, 775.1741585062279, 917.7091319139896, 994.0271965670794, 1066.173906136809, 1101.838120619761, 1140.9694947792805, 1175.0808727536453, 1216.6521809728372, 1255.2196163626475], "map_sums": [1183.854037465495, 1523.5364423579792, 1853.9653173769302, 2038.417181117185, 2182.4318416390256, 2264.2003293485986, 2340.2699291918384, 2383.4143887558844, 2436.9451234845333, 2474.0154292620086], "mrr_sums": [319.0, 440.5, 504.8333333333317, 555.5833333333323, 590.1833333333334, 612.8499999999998, 634.8500000000006, 652.4750000000003, 668.8083333333317, 682.8083333333338], "recall_sums": [319, 562, 755, 958, 1131, 1267, 1421, 1562, 1709, 1849]}, {"name": "bow+fosboost", "num_cur": 200000, "num_top": 25779, "num_top_5": 54024, "num_top_10": 67439, "ndcg_sums": [38750.926132828026, 43519.09574914858, 44548.537635670036, 44682.94448432283, 44574.8483695946, 44373.63764485039, 44125.2336719157, 43926.86200309823, 43735.0632272131, 43570.98407643061], "map_sums": [63155.04502874293, 68678.96004619516, 70266.84696548163, 70529.9581970338, 70268.5460103894, 69741.47521616748, 69109.16430948557, 68480.92830528333, 67835.73796719873, 67200.70944736555], "mrr_sums": [25779.0, 31543.0, 33938.666666664074, 35259.166666665034, 36108.766666666204, 36677.93333333363, 37099.79047619179, 37431.66547619162, 37688.44325396728, 37896.54325396569], "recall_sums": [25779, 37307, 44494, 49776, 54024, 57439, 60392, 63047, 65358, 67439]}]}