{"data": "items_CSall_1s_5mindoc_5mincont_wPP_3.1_wNP_both.csv", "num_contexts": 1835797, "num_test_set_items": 490018, "models": [{"name": "bow", "num_cur": 70000, "num_top": 9491, "num_top_5": 19734, "num_top_10": 24351, "ndcg_sums": [13948.766358261113, 15698.28769041597, 15989.383206508022, 15998.242222150833, 15891.278831243339, 15754.264935418067, 15609.790304350252, 15486.568494438918, 15364.917712888244, 15267.922494610359], "map_sums": [22131.238949840907, 24427.10887024991, 25030.866049292796, 25170.37760773532, 25086.23067091836, 24899.13951262668, 24655.963723905727, 24423.154821266973, 24171.09684978128, 23921.2700527928], "mrr_sums": [9491.0, 11655.5, 12508.500000000256, 12989.750000000306, 13275.750000000719, 13474.583333333898, 13613.726190476616, 13728.726190476622, 13816.392857143424, 13890.492857143623], "recall_sums": [9491, 13820, 16379, 18304, 19734, 20927, 21901, 22821, 23610, 24351]}, {"name": "npmarker", "num_cur": 15334, "num_top": 3147, "num_top_5": 4861, "num_top_10": 5509, "ndcg_sums": [3938.9763312571436, 4078.7930980795595, 3918.1683141885565, 3767.3539786111646, 3647.0634330315984, 3529.322521025302, 3438.264565332257, 3335.9982665104976, 3253.7025086606363, 3176.576466469427], "map_sums": [5401.889220641368, 5690.012105266599, 5789.336308546053, 5815.271598042384, 5858.710390868248, 5891.194019779264, 5915.820985216638, 5923.639188968162, 5934.489421758342, 5943.431888230521], "mrr_sums": [3147.0, 3604.0, 3722.00000000001, 3785.7500000000123, 3823.950000000002, 3844.1166666666663, 3864.116666666678, 3878.616666666678, 3902.61666666669, 3908.116666666686], "recall_sums": [3147, 4061, 4415, 4670, 4861, 4982, 5122, 5238, 5454, 5509]}, {"name": "fos", "num_cur": 36844, "num_top": 115, "num_top_5": 361, "num_top_10": 591, "ndcg_sums": [214.41125496954402, 266.4845895581138, 307.1676377442153, 331.97094750306667, 360.28475182212753, 367.7266297712848, 380.05187713145017, 391.5442906449961, 403.49552019631545, 417.96822659798465], "map_sums": [412.15190043592884, 540.8250444073257, 638.5718476258636, 690.3707469049984, 748.5459205155073, 771.9646687429102, 798.8710906904361, 812.4785663295147, 830.2087777936184, 838.5499644228914], "mrr_sums": [115.0, 148.5, 168.16666666666674, 186.4166666666668, 195.8166666666667, 201.48333333333326, 208.48333333333312, 213.8583333333331, 219.636111111111, 224.83611111111082], "recall_sums": [115, 182, 241, 314, 361, 395, 444, 487, 539, 591]}, {"name": "bow+fosboost", "num_cur": 70000, "num_top": 9503, "num_top_5": 19737, "num_top_10": 24354, "ndcg_sums": [13962.837426072976, 15708.553559109205, 16000.325606667917, 16003.723492972078, 15897.65754315018, 15760.418682890935, 15614.941010867407, 15491.970644004354, 15369.97763236399, 15272.36337030035], "map_sums": [22147.094382507803, 24445.357125312963, 25048.69308966248, 25182.4185781521, 25097.36914249474, 24910.019417989985, 24665.89199112218, 24431.63822268511, 24179.777768353706, 23928.340341010662], "mrr_sums": [9503.0, 11662.0, 12518.666666666928, 12997.166666666972, 13283.56666666738, 13483.233333333897, 13621.661904762328, 13737.161904762332, 13824.27301587358, 13898.473015873777], "recall_sums": [9503, 13821, 16391, 18305, 19737, 20935, 21904, 22828, 23612, 24354]}]}