{"data": "items_CSall_1s_5mindoc_5mincont_wPP_3.1_wNP_both.csv", "num_contexts": 1835797, "num_test_set_items": 490018, "models": [{"name": "bow", "num_cur": 360000, "num_top": 45006, "num_top_5": 96858, "num_top_10": 121672, "ndcg_sums": [69435.48748153618, 78448.52205536899, 80538.83143151444, 80957.39515601224, 80786.82041778853, 80434.47033096115, 79973.52159045619, 79563.09082765634, 79158.27499263127, 78809.14207414567], "map_sums": [103984.0, 120364.5, 125035.7499999201, 126311.05555554897, 126209.0666666181, 125545.21527773738, 124579.36341265951, 123524.0303287742, 122419.98111533296, 121332.84392950058], "mrr_sums": [45006.0, 55482.0, 59900.33333334544, 62368.33333334643, 63922.93333333733, 64989.93333333083, 65764.93333332648, 66375.4333333257, 66851.21111109722, 67233.31111109322], "recall_sums": [45006, 65958, 79213, 89085, 96858, 103260, 108685, 113569, 117851, 121672]}, {"name": "npmarker", "num_cur": 74991, "num_top": 11268, "num_top_5": 20028, "num_top_10": 22834, "ndcg_sums": [15084.563763707129, 16171.353914751762, 15853.00677440197, 15409.920887532593, 14938.89578640986, 14492.536342557645, 14129.340426179115, 13772.690567258847, 13461.35003064391, 13185.762695517556], "map_sums": [20482.0, 23155.0, 24046.249999998596, 24384.6388888888, 24626.08611111154, 24812.07861111211, 24934.153214286926, 24958.54564625959, 24984.58776502257, 25023.807540784655], "mrr_sums": [11268.0, 13367.5, 14085.166666667152, 14451.666666667148, 14640.066666667404, 14746.066666667293, 14845.352380952949, 14917.102380952947, 14976.546825397478, 15013.146825397582], "recall_sums": [11268, 15467, 17620, 19086, 20028, 20664, 21359, 21933, 22468, 22834]}, {"name": "fos", "num_cur": 191826, "num_top": 443, "num_top_5": 1704, "num_top_10": 2861, "ndcg_sums": [1053.9650045003305, 1306.2389294991308, 1581.3725671938475, 1733.179325609767, 1839.7985439824786, 1909.6470463895444, 1977.5133750227906, 2050.045742979143, 2119.4537034960376, 2185.0863152088623], "map_sums": [1918.0, 2648.0, 3379.7500000001196, 3695.6944444445767, 3948.6555555556038, 4116.090833333325, 4253.395714285685, 4318.0201984128, 4427.22765589589, 4484.17353174616], "mrr_sums": [443.0, 619.5, 722.5000000000024, 800.2500000000034, 857.8500000000097, 898.6833333333386, 934.8261904761933, 959.701190476193, 986.3678571428554, 1008.3678571428594], "recall_sums": [443, 796, 1105, 1416, 1704, 1949, 2202, 2401, 2641, 2861]}, {"name": "bow+fosboost", "num_cur": 360000, "num_top": 45043, "num_top_5": 96883, "num_top_10": 121688, "ndcg_sums": [69501.48243090206, 78505.9614297749, 80594.20617654425, 80995.51980682615, 80824.54775916465, 80469.44537806754, 80002.13162172477, 79594.05891865172, 79186.54426075012, 78835.8270337349], "map_sums": [104091.0, 120464.5, 125122.49999991995, 126386.61111110443, 126277.40416661803, 125614.42249995946, 124645.83825392941, 123579.86814623463, 122478.70155325839, 121381.6788913929], "mrr_sums": [45043.0, 55521.5, 59941.1666666788, 62402.91666667976, 63958.31666667066, 65026.31666666416, 65799.88809523126, 66411.38809523036, 66885.72142855749, 67267.82142855357], "recall_sums": [45043, 66000, 79259, 89106, 96883, 103291, 108706, 113598, 117867, 121688]}]}